-- phpMyAdmin SQL Dump
-- version 4.6.1
-- http://www.phpmyadmin.net
--
-- Host: localhost
-- Generation Time: Nov 01, 2016 at 04:17 AM
-- Server version: 5.6.28
-- PHP Version: 5.5.33

SET SQL_MODE = "NO_AUTO_VALUE_ON_ZERO";
SET time_zone = "+00:00";


/*!40101 SET @OLD_CHARACTER_SET_CLIENT=@@CHARACTER_SET_CLIENT */;
/*!40101 SET @OLD_CHARACTER_SET_RESULTS=@@CHARACTER_SET_RESULTS */;
/*!40101 SET @OLD_COLLATION_CONNECTION=@@COLLATION_CONNECTION */;
/*!40101 SET NAMES utf8mb4 */;

--
-- Database: `SecretSparrow`
--

-- --------------------------------------------------------

--
-- Table structure for table `category`
--

CREATE TABLE `category` (
  `category_name` varchar(25) NOT NULL
) ENGINE=InnoDB DEFAULT CHARSET=utf8;

--
-- Dumping data for table `category`
--

INSERT INTO `category` (`category_name`) VALUES
('Arts'),
('Cars'),
('Fashion'),
('Finance'),
('Food'),
('Leisure'),
('Sports'),
('Technology'),
('Travel');

-- --------------------------------------------------------

--
-- Table structure for table `category_users`
--

CREATE TABLE `category_users` (
  `category_name` varchar(25) NOT NULL,
  `user_id` varchar(255) CHARACTER SET latin1 NOT NULL
) ENGINE=InnoDB DEFAULT CHARSET=utf8;

--
-- Dumping data for table `category_users`
--

INSERT INTO `category_users` (`category_name`, `user_id`) VALUES
('Arts', '3g@3g.com57db7240d3f6b4.87275611'),
('Cars', '3g@3g.com57db7240d3f6b4.87275611'),
('Fashion', '3g@3g.com57db7240d3f6b4.87275611'),
('Finance', '3g@3g.com57db7240d3f6b4.87275611'),
('Food', '3g@3g.com57db7240d3f6b4.87275611'),
('Leisure', '3g@3g.com57db7240d3f6b4.87275611'),
('Sports', '3g@3g.com57db7240d3f6b4.87275611'),
('Technology', '3g@3g.com57db7240d3f6b4.87275611'),
('Travel', '3g@3g.com57db7240d3f6b4.87275611'),
('Arts', 'aadc@hotmail.com580a2e6c478cc2.79413736'),
('Fashion', 'aadc@hotmail.com580a2e6c478cc2.79413736'),
('Finance', 'aadc@hotmail.com580a2e6c478cc2.79413736'),
('Food', 'aadc@hotmail.com580a2e6c478cc2.79413736'),
('Leisure', 'aadc@hotmail.com580a2e6c478cc2.79413736'),
('Sports', 'aadc@hotmail.com580a2e6c478cc2.79413736'),
('Technology', 'aadc@hotmail.com580a2e6c478cc2.79413736'),
('Travel', 'aadc@hotmail.com580a2e6c478cc2.79413736'),
('Cars', 'abcd@gmail.com580ecdd7c31a48.97329553'),
('Technology', 'abcd@gmail.com580ecdd7c31a48.97329553'),
('Arts', 'agungwy22@gmail.com580dea9e372b49.71485726'),
('Cars', 'agungwy22@gmail.com580dea9e372b49.71485726'),
('Fashion', 'agungwy22@gmail.com580dea9e372b49.71485726'),
('Finance', 'agungwy22@gmail.com580dea9e372b49.71485726'),
('Food', 'agungwy22@gmail.com580dea9e372b49.71485726'),
('Leisure', 'agungwy22@gmail.com580dea9e372b49.71485726'),
('Sports', 'agungwy22@gmail.com580dea9e372b49.71485726'),
('Technology', 'agungwy22@gmail.com580dea9e372b49.71485726'),
('Travel', 'agungwy22@gmail.com580dea9e372b49.71485726'),
('Arts', 'agungwy@gmail.com57dac62e53ad22.28354613'),
('Cars', 'agungwy@gmail.com57dac62e53ad22.28354613'),
('Fashion', 'agungwy@gmail.com57dac62e53ad22.28354613'),
('Finance', 'agungwy@gmail.com57dac62e53ad22.28354613'),
('Food', 'agungwy@gmail.com57dac62e53ad22.28354613'),
('Leisure', 'agungwy@gmail.com57dac62e53ad22.28354613'),
('Sports', 'agungwy@gmail.com57dac62e53ad22.28354613'),
('Technology', 'agungwy@gmail.com57dac62e53ad22.28354613'),
('Travel', 'agungwy@gmail.com57dac62e53ad22.28354613'),
('Cars', 'arzelord22@gmail.com580df24e4b9a58.20350595'),
('Arts', 'arzelord@gmail.com580de578ccec01.59248084'),
('Cars', 'arzelord@gmail.com580de578ccec01.59248084'),
('Fashion', 'arzelord@gmail.com580de578ccec01.59248084'),
('Finance', 'arzelord@gmail.com580de578ccec01.59248084'),
('Food', 'arzelord@gmail.com580de578ccec01.59248084'),
('Leisure', 'arzelord@gmail.com580de578ccec01.59248084'),
('Sports', 'arzelord@gmail.com580de578ccec01.59248084'),
('Technology', 'arzelord@gmail.com580de578ccec01.59248084'),
('Travel', 'arzelord@gmail.com580de578ccec01.59248084'),
('Arts', 'asdd@gmail.com580e91de3da8a9.83833202'),
('Cars', 'asdd@gmail.com580e91de3da8a9.83833202'),
('Fashion', 'asdd@gmail.com580e91de3da8a9.83833202'),
('Finance', 'asdd@gmail.com580e91de3da8a9.83833202'),
('Food', 'asdd@gmail.com580e91de3da8a9.83833202'),
('Leisure', 'asdd@gmail.com580e91de3da8a9.83833202'),
('Sports', 'asdd@gmail.com580e91de3da8a9.83833202'),
('Technology', 'asdd@gmail.com580e91de3da8a9.83833202'),
('Travel', 'asdd@gmail.com580e91de3da8a9.83833202'),
('Arts', 'buaya@gmail.com57fddd0c9b4028.98522694'),
('Cars', 'buaya@gmail.com57fddd0c9b4028.98522694'),
('Fashion', 'buaya@gmail.com57fddd0c9b4028.98522694'),
('Finance', 'buaya@gmail.com57fddd0c9b4028.98522694'),
('Food', 'buaya@gmail.com57fddd0c9b4028.98522694'),
('Leisure', 'buaya@gmail.com57fddd0c9b4028.98522694'),
('Sports', 'buaya@gmail.com57fddd0c9b4028.98522694'),
('Technology', 'buaya@gmail.com57fddd0c9b4028.98522694'),
('Travel', 'buaya@gmail.com57fddd0c9b4028.98522694'),
('Arts', 'danielisbread@gmail.com580ebf6a215e15.12362933'),
('Food', 'danielisbread@gmail.com580ebf6a215e15.12362933'),
('Leisure', 'danielisbread@gmail.com580ebf6a215e15.12362933'),
('Technology', 'danielisbread@gmail.com580ebf6a215e15.12362933'),
('Travel', 'danielisbread@gmail.com580ebf6a215e15.12362933'),
('Arts', 'doe@done.com57db7df30bb580.31962966'),
('Cars', 'doe@done.com57db7df30bb580.31962966'),
('Fashion', 'doe@done.com57db7df30bb580.31962966'),
('Finance', 'doe@done.com57db7df30bb580.31962966'),
('Food', 'doe@done.com57db7df30bb580.31962966'),
('Leisure', 'doe@done.com57db7df30bb580.31962966'),
('Sports', 'doe@done.com57db7df30bb580.31962966'),
('Technology', 'doe@done.com57db7df30bb580.31962966'),
('Travel', 'doe@done.com57db7df30bb580.31962966'),
('Cars', 'eban@workingmouse.com580ef725c55ba2.89797603'),
('Food', 'eban@workingmouse.com580ef725c55ba2.89797603'),
('Cars', 'eprabowo@msn.com580c89ee998138.17201618'),
('Finance', 'eprabowo@msn.com580c89ee998138.17201618'),
('Technology', 'eprabowo@msn.com580c89ee998138.17201618'),
('Travel', 'eprabowo@msn.com580c89ee998138.17201618'),
('Arts', 'gajah@gmail.com580cdd0822a490.96306900'),
('Cars', 'gajah@gmail.com580cdd0822a490.96306900'),
('Fashion', 'gajah@gmail.com580cdd0822a490.96306900'),
('Finance', 'gajah@gmail.com580cdd0822a490.96306900'),
('Food', 'gajah@gmail.com580cdd0822a490.96306900'),
('Leisure', 'gajah@gmail.com580cdd0822a490.96306900'),
('Sports', 'gajah@gmail.com580cdd0822a490.96306900'),
('Technology', 'gajah@gmail.com580cdd0822a490.96306900'),
('Travel', 'gajah@gmail.com580cdd0822a490.96306900'),
('Cars', 'ghggggv@c.v580ec5e0b94165.59176224'),
('Food', 'ghggggv@c.v580ec5e0b94165.59176224'),
('Leisure', 'ghggggv@c.v580ec5e0b94165.59176224'),
('Travel', 'ghggggv@c.v580ec5e0b94165.59176224'),
('Sports', 'h.daud@uqconnect.edu.au580d9f66b96d29.28615889'),
('Technology', 'h.daud@uqconnect.edu.au580d9f66b96d29.28615889'),
('Travel', 'h.daud@uqconnect.edu.au580d9f66b96d29.28615889'),
('Cars', 'hahag@gmail.com580ee363b6f7f2.69931625'),
('Cars', 'hakeemrdaud@gmail.com57e09631d524f9.20511441'),
('Sports', 'hakeemrdaud@gmail.com57e09631d524f9.20511441'),
('Technology', 'hakeemrdaud@gmail.com57e09631d524f9.20511441'),
('Arts', 'hja@jsnb.com57f311a171a288.39690398'),
('Cars', 'hja@jsnb.com57f311a171a288.39690398'),
('Fashion', 'hja@jsnb.com57f311a171a288.39690398'),
('Finance', 'hja@jsnb.com57f311a171a288.39690398'),
('Food', 'hja@jsnb.com57f311a171a288.39690398'),
('Leisure', 'hja@jsnb.com57f311a171a288.39690398'),
('Sports', 'hja@jsnb.com57f311a171a288.39690398'),
('Technology', 'hja@jsnb.com57f311a171a288.39690398'),
('Travel', 'hja@jsnb.com57f311a171a288.39690398'),
('Arts', 'ibis@gmail.com580df2a9e08014.79015033'),
('Cars', 'ibis@gmail.com580df2a9e08014.79015033'),
('Fashion', 'ibis@gmail.com580df2a9e08014.79015033'),
('Finance', 'ibis@gmail.com580df2a9e08014.79015033'),
('Food', 'ibis@gmail.com580df2a9e08014.79015033'),
('Leisure', 'ibis@gmail.com580df2a9e08014.79015033'),
('Sports', 'ibis@gmail.com580df2a9e08014.79015033'),
('Technology', 'ibis@gmail.com580df2a9e08014.79015033'),
('Travel', 'ibis@gmail.com580df2a9e08014.79015033'),
('Cars', 'imthung@hotmail.my580afc9a89c546.04863447'),
('Sports', 'imthung@hotmail.my580afc9a89c546.04863447'),
('Technology', 'imthung@hotmail.my580afc9a89c546.04863447'),
('Travel', 'imthung@hotmail.my580afc9a89c546.04863447'),
('Cars', 'ioio@ggg.com580ec792ca2298.19948062'),
('Food', 'ioio@ggg.com580ec792ca2298.19948062'),
('Arts', 'jerapah@gmail.com580de5dbeb77f3.14106615'),
('Cars', 'jerapah@gmail.com580de5dbeb77f3.14106615'),
('Fashion', 'jerapah@gmail.com580de5dbeb77f3.14106615'),
('Finance', 'jerapah@gmail.com580de5dbeb77f3.14106615'),
('Food', 'jerapah@gmail.com580de5dbeb77f3.14106615'),
('Leisure', 'jerapah@gmail.com580de5dbeb77f3.14106615'),
('Sports', 'jerapah@gmail.com580de5dbeb77f3.14106615'),
('Technology', 'jerapah@gmail.com580de5dbeb77f3.14106615'),
('Travel', 'jerapah@gmail.com580de5dbeb77f3.14106615'),
('Finance', 'jonathan.holland8@gmail.com580ecd0d7db529.08950482'),
('Food', 'jonathan.holland8@gmail.com580ecd0d7db529.08950482'),
('Leisure', 'jonathan.holland8@gmail.com580ecd0d7db529.08950482'),
('Technology', 'jonathan.holland8@gmail.com580ecd0d7db529.08950482'),
('Travel', 'jonathan.holland8@gmail.com580ecd0d7db529.08950482'),
('Arts', 'juli@gmail.com57f35c036d35c5.77712666'),
('Cars', 'juli@gmail.com57f35c036d35c5.77712666'),
('Fashion', 'juli@gmail.com57f35c036d35c5.77712666'),
('Food', 'juli@gmail.com57f35c036d35c5.77712666'),
('Leisure', 'juli@gmail.com57f35c036d35c5.77712666'),
('Technology', 'juli@gmail.com57f35c036d35c5.77712666'),
('Arts', 'junkie@mail.com57db75c33331c9.14324008'),
('Cars', 'junkie@mail.com57db75c33331c9.14324008'),
('Fashion', 'junkie@mail.com57db75c33331c9.14324008'),
('Finance', 'junkie@mail.com57db75c33331c9.14324008'),
('Food', 'junkie@mail.com57db75c33331c9.14324008'),
('Leisure', 'junkie@mail.com57db75c33331c9.14324008'),
('Sports', 'junkie@mail.com57db75c33331c9.14324008'),
('Technology', 'junkie@mail.com57db75c33331c9.14324008'),
('Travel', 'junkie@mail.com57db75c33331c9.14324008'),
('Arts', 'jurrasic@gmail.com580b97ee01fbc8.64545661'),
('Cars', 'jurrasic@gmail.com580b97ee01fbc8.64545661'),
('Fashion', 'jurrasic@gmail.com580b97ee01fbc8.64545661'),
('Finance', 'jurrasic@gmail.com580b97ee01fbc8.64545661'),
('Food', 'jurrasic@gmail.com580b97ee01fbc8.64545661'),
('Leisure', 'jurrasic@gmail.com580b97ee01fbc8.64545661'),
('Sports', 'jurrasic@gmail.com580b97ee01fbc8.64545661'),
('Technology', 'jurrasic@gmail.com580b97ee01fbc8.64545661'),
('Travel', 'jurrasic@gmail.com580b97ee01fbc8.64545661'),
('Arts', 'kangguru@gmail.com580dec3a07cf45.48438081'),
('Cars', 'kangguru@gmail.com580dec3a07cf45.48438081'),
('Fashion', 'kangguru@gmail.com580dec3a07cf45.48438081'),
('Finance', 'kangguru@gmail.com580dec3a07cf45.48438081'),
('Food', 'kangguru@gmail.com580dec3a07cf45.48438081'),
('Leisure', 'kangguru@gmail.com580dec3a07cf45.48438081'),
('Sports', 'kangguru@gmail.com580dec3a07cf45.48438081'),
('Technology', 'kangguru@gmail.com580dec3a07cf45.48438081'),
('Travel', 'kangguru@gmail.com580dec3a07cf45.48438081'),
('Arts', 'katak@gmail.com57f33e1411d5b4.11973478'),
('Cars', 'katak@gmail.com57f33e1411d5b4.11973478'),
('Food', 'katak@gmail.com57f33e1411d5b4.11973478'),
('Technology', 'katak@gmail.com57f33e1411d5b4.11973478'),
('Arts', 'kijang@gmail.com580cd20f3f85f6.68770482'),
('Cars', 'kijang@gmail.com580cd20f3f85f6.68770482'),
('Fashion', 'kijang@gmail.com580cd20f3f85f6.68770482'),
('Finance', 'kijang@gmail.com580cd20f3f85f6.68770482'),
('Food', 'kijang@gmail.com580cd20f3f85f6.68770482'),
('Leisure', 'kijang@gmail.com580cd20f3f85f6.68770482'),
('Sports', 'kijang@gmail.com580cd20f3f85f6.68770482'),
('Technology', 'kijang@gmail.com580cd20f3f85f6.68770482'),
('Travel', 'kijang@gmail.com580cd20f3f85f6.68770482'),
('Arts', 'koala@gmail.com580de51c71ee77.63713108'),
('Cars', 'koala@gmail.com580de51c71ee77.63713108'),
('Fashion', 'koala@gmail.com580de51c71ee77.63713108'),
('Finance', 'koala@gmail.com580de51c71ee77.63713108'),
('Food', 'koala@gmail.com580de51c71ee77.63713108'),
('Leisure', 'koala@gmail.com580de51c71ee77.63713108'),
('Sports', 'koala@gmail.com580de51c71ee77.63713108'),
('Technology', 'koala@gmail.com580de51c71ee77.63713108'),
('Travel', 'koala@gmail.com580de51c71ee77.63713108'),
('Cars', 'kodok@gmail.com57da2f2e7c0a03.09778199'),
('Food', 'kodok@gmail.com57da2f2e7c0a03.09778199'),
('Cars', 'Koin@koin.com57f89fe9832e82.36489015'),
('Fashion', 'Koin@koin.com57f89fe9832e82.36489015'),
('Finance', 'Koin@koin.com57f89fe9832e82.36489015'),
('Food', 'Koin@koin.com57f89fe9832e82.36489015'),
('Leisure', 'Koin@koin.com57f89fe9832e82.36489015'),
('Sports', 'Koin@koin.com57f89fe9832e82.36489015'),
('Food', 'kwanhuiyap@gmail.com580f0face3a5f3.76394833'),
('Arts', 'leo@gmail.com57ffae808301a1.25119106'),
('Cars', 'leo@gmail.com57ffae808301a1.25119106'),
('Fashion', 'leo@gmail.com57ffae808301a1.25119106'),
('Finance', 'leo@gmail.com57ffae808301a1.25119106'),
('Food', 'leo@gmail.com57ffae808301a1.25119106'),
('Leisure', 'leo@gmail.com57ffae808301a1.25119106'),
('Sports', 'leo@gmail.com57ffae808301a1.25119106'),
('Technology', 'leo@gmail.com57ffae808301a1.25119106'),
('Travel', 'leo@gmail.com57ffae808301a1.25119106'),
('Food', 'lionel@mes.si57da70a2d2e163.47725690'),
('Arts', 'macan@gmail.com57ffae11c60f82.49298770'),
('Cars', 'macan@gmail.com57ffae11c60f82.49298770'),
('Fashion', 'macan@gmail.com57ffae11c60f82.49298770'),
('Finance', 'macan@gmail.com57ffae11c60f82.49298770'),
('Food', 'macan@gmail.com57ffae11c60f82.49298770'),
('Leisure', 'macan@gmail.com57ffae11c60f82.49298770'),
('Sports', 'macan@gmail.com57ffae11c60f82.49298770'),
('Technology', 'macan@gmail.com57ffae11c60f82.49298770'),
('Travel', 'macan@gmail.com57ffae11c60f82.49298770'),
('Cars', 'matt@workingmouse.com580ef786664903.50305618'),
('Food', 'matt@workingmouse.com580ef786664903.50305618'),
('Arts', 'october@ends.com57f35d33722124.78358806'),
('Cars', 'october@ends.com57f35d33722124.78358806'),
('Fashion', 'october@ends.com57f35d33722124.78358806'),
('Food', 'october@ends.com57f35d33722124.78358806'),
('Technology', 'october@ends.com57f35d33722124.78358806'),
('Cars', 'one@d.com580aa297548c16.31588117'),
('Finance', 'one@d.com580aa297548c16.31588117'),
('Food', 'one@d.com580aa297548c16.31588117'),
('Leisure', 'one@d.com580aa297548c16.31588117'),
('Sports', 'one@d.com580aa297548c16.31588117'),
('Technology', 'one@d.com580aa297548c16.31588117'),
('Travel', 'one@d.com580aa297548c16.31588117'),
('Cars', 'oscar_747@hotmail.com580ddaf5578fc2.15586666'),
('Finance', 'oscar_747@hotmail.com580ddaf5578fc2.15586666'),
('Sports', 'oscar_747@hotmail.com580ddaf5578fc2.15586666'),
('Arts', 'qddioio@ggg.com580ec8dc38fd93.90715443'),
('Cars', 'qddioio@ggg.com580ec8dc38fd93.90715443'),
('Fashion', 'qddioio@ggg.com580ec8dc38fd93.90715443'),
('Finance', 'qddioio@ggg.com580ec8dc38fd93.90715443'),
('Food', 'qddioio@ggg.com580ec8dc38fd93.90715443'),
('Leisure', 'qddioio@ggg.com580ec8dc38fd93.90715443'),
('Sports', 'qddioio@ggg.com580ec8dc38fd93.90715443'),
('Technology', 'qddioio@ggg.com580ec8dc38fd93.90715443'),
('Travel', 'qddioio@ggg.com580ec8dc38fd93.90715443'),
('Arts', 'qwrty@mmm.com58005c21455ea6.24114206'),
('Cars', 'qwrty@mmm.com58005c21455ea6.24114206'),
('Fashion', 'qwrty@mmm.com58005c21455ea6.24114206'),
('Finance', 'qwrty@mmm.com58005c21455ea6.24114206'),
('Leisure', 'qwrty@mmm.com58005c21455ea6.24114206'),
('Sports', 'qwrty@mmm.com58005c21455ea6.24114206'),
('Technology', 'qwrty@mmm.com58005c21455ea6.24114206'),
('Travel', 'qwrty@mmm.com58005c21455ea6.24114206'),
('Arts', 'semut@gmail.com580cde991479d5.13456985'),
('Cars', 'semut@gmail.com580cde991479d5.13456985'),
('Fashion', 'semut@gmail.com580cde991479d5.13456985'),
('Finance', 'semut@gmail.com580cde991479d5.13456985'),
('Food', 'semut@gmail.com580cde991479d5.13456985'),
('Leisure', 'semut@gmail.com580cde991479d5.13456985'),
('Sports', 'semut@gmail.com580cde991479d5.13456985'),
('Technology', 'semut@gmail.com580cde991479d5.13456985'),
('Travel', 'semut@gmail.com580cde991479d5.13456985'),
('Arts', 'shrengganus@gmail.com580c85c34409c3.67415551'),
('Fashion', 'shrengganus@gmail.com580c85c34409c3.67415551'),
('Arts', 'singa@gmail.com57ffae597c9c33.76554556'),
('Cars', 'singa@gmail.com57ffae597c9c33.76554556'),
('Fashion', 'singa@gmail.com57ffae597c9c33.76554556'),
('Finance', 'stanley.hidayat@gmail.com580d8b1bdbb721.94426457'),
('Food', 'stanley.hidayat@gmail.com580d8b1bdbb721.94426457'),
('Leisure', 'stanley.hidayat@gmail.com580d8b1bdbb721.94426457'),
('Sports', 'stanley.hidayat@gmail.com580d8b1bdbb721.94426457'),
('Technology', 'stanley.hidayat@gmail.com580d8b1bdbb721.94426457'),
('Travel', 'stanley.hidayat@gmail.com580d8b1bdbb721.94426457'),
('Arts', 'stanleyyau9595@gmail.com580060fbbe0054.57905981'),
('Cars', 'stanleyyau9595@gmail.com580060fbbe0054.57905981'),
('Fashion', 'stanleyyau9595@gmail.com580060fbbe0054.57905981'),
('Food', 'stanleyyau9595@gmail.com580060fbbe0054.57905981'),
('Cars', 'stanleyyau95@hotmail.com57f78abd594894.00746573'),
('Food', 'stanleyyau95@hotmail.com57f78abd594894.00746573'),
('Food', 'stereo@social.com57da03f7b1f684.64831477'),
('Leisure', 'stereo@social.com57da03f7b1f684.64831477'),
('Technology', 'stereo@social.com57da03f7b1f684.64831477'),
('Technology', 'steve@jobs.co57d8a4c0cc1ae1.01485974'),
('Arts', 'tester@test.con580ed919651f05.74121275'),
('Cars', 'tester@test.con580ed919651f05.74121275'),
('Fashion', 'tester@test.con580ed919651f05.74121275'),
('Finance', 'tester@test.con580ed919651f05.74121275'),
('Food', 'tester@test.con580ed919651f05.74121275'),
('Leisure', 'tester@test.con580ed919651f05.74121275'),
('Sports', 'tester@test.con580ed919651f05.74121275'),
('Technology', 'tester@test.con580ed919651f05.74121275'),
('Travel', 'tester@test.con580ed919651f05.74121275'),
('Arts', 'tiger@gmail.com580cdf552873a2.50446558'),
('Cars', 'tiger@gmail.com580cdf552873a2.50446558'),
('Fashion', 'tiger@gmail.com580cdf552873a2.50446558'),
('Finance', 'tiger@gmail.com580cdf552873a2.50446558'),
('Food', 'tiger@gmail.com580cdf552873a2.50446558'),
('Leisure', 'tiger@gmail.com580cdf552873a2.50446558'),
('Sports', 'tiger@gmail.com580cdf552873a2.50446558'),
('Technology', 'tiger@gmail.com580cdf552873a2.50446558'),
('Travel', 'tiger@gmail.com580cdf552873a2.50446558'),
('Arts', 'will@smiths.com5804e12733fd53.18819863'),
('Cars', 'will@smiths.com5804e12733fd53.18819863'),
('Fashion', 'will@smiths.com5804e12733fd53.18819863'),
('Finance', 'will@smiths.com5804e12733fd53.18819863'),
('Food', 'will@smiths.com5804e12733fd53.18819863'),
('Leisure', 'will@smiths.com5804e12733fd53.18819863'),
('Sports', 'will@smiths.com5804e12733fd53.18819863'),
('Technology', 'will@smiths.com5804e12733fd53.18819863'),
('Travel', 'will@smiths.com5804e12733fd53.18819863'),
('Arts', 'william.hidayat@gmail.com57ff7e860c6392.02130567'),
('Cars', 'william.hidayat@gmail.com57ff7e860c6392.02130567'),
('Fashion', 'william.hidayat@gmail.com57ff7e860c6392.02130567'),
('Finance', 'william.hidayat@gmail.com57ff7e860c6392.02130567'),
('Food', 'william.hidayat@gmail.com57ff7e860c6392.02130567'),
('Leisure', 'william.hidayat@gmail.com57ff7e860c6392.02130567'),
('Sports', 'william.hidayat@gmail.com57ff7e860c6392.02130567'),
('Technology', 'william.hidayat@gmail.com57ff7e860c6392.02130567'),
('Travel', 'william.hidayat@gmail.com57ff7e860c6392.02130567'),
('Arts', 'www@html.com58085dd28595b2.43935638'),
('Finance', 'www@html.com58085dd28595b2.43935638'),
('Food', 'www@html.com58085dd28595b2.43935638'),
('Leisure', 'www@html.com58085dd28595b2.43935638'),
('Sports', 'www@html.com58085dd28595b2.43935638'),
('Travel', 'www@html.com58085dd28595b2.43935638'),
('Cars', 'yanuwicaksana@gmail.com580ebf2014b4d2.11757688'),
('Fashion', 'yanuwicaksana@gmail.com580ebf2014b4d2.11757688'),
('Finance', 'yanuwicaksana@gmail.com580ebf2014b4d2.11757688'),
('Food', 'yanuwicaksana@gmail.com580ebf2014b4d2.11757688'),
('Leisure', 'yanuwicaksana@gmail.com580ebf2014b4d2.11757688'),
('Sports', 'yanuwicaksana@gmail.com580ebf2014b4d2.11757688'),
('Technology', 'yanuwicaksana@gmail.com580ebf2014b4d2.11757688'),
('Travel', 'yanuwicaksana@gmail.com580ebf2014b4d2.11757688'),
('Arts', 'yohanakanisia@gmail.com57ff834d96ba87.78176813'),
('Cars', 'yohanakanisia@gmail.com57ff834d96ba87.78176813'),
('Fashion', 'yohanakanisia@gmail.com57ff834d96ba87.78176813'),
('Finance', 'yohanakanisia@gmail.com57ff834d96ba87.78176813'),
('Food', 'yohanakanisia@gmail.com57ff834d96ba87.78176813'),
('Leisure', 'yohanakanisia@gmail.com57ff834d96ba87.78176813'),
('Sports', 'yohanakanisia@gmail.com57ff834d96ba87.78176813'),
('Technology', 'yohanakanisia@gmail.com57ff834d96ba87.78176813'),
('Travel', 'yohanakanisia@gmail.com57ff834d96ba87.78176813');

-- --------------------------------------------------------

--
-- Table structure for table `crowdies`
--

CREATE TABLE `crowdies` (
  `crowdies_id` varchar(255) CHARACTER SET latin1 NOT NULL,
  `profile_picture_url` varchar(255) NOT NULL,
  `profile_picture_filename` varchar(255) NOT NULL,
  `profile_picture_filepath` varchar(255) NOT NULL,
  `points` int(11) NOT NULL DEFAULT '0',
  `created_at` timestamp NOT NULL DEFAULT CURRENT_TIMESTAMP ON UPDATE CURRENT_TIMESTAMP,
  `updated_at` timestamp NOT NULL DEFAULT '0000-00-00 00:00:00'
) ENGINE=InnoDB DEFAULT CHARSET=utf8;

--
-- Dumping data for table `crowdies`
--

INSERT INTO `crowdies` (`crowdies_id`, `profile_picture_url`, `profile_picture_filename`, `profile_picture_filepath`, `points`, `created_at`, `updated_at`) VALUES
('3g@3g.com57db7240d3f6b4.87275611', '', '', '', 0, '2016-09-16 04:17:11', '2016-09-16 04:17:11'),
('aadc@hotmail.com580a2e6c478cc2.79413736', '/api/user/picture/aadc@hotmail.com580a2e6c478cc2.79413736', 'aadc@hotmail.com580a2e6c478cc2.79413736.png', '/profile-images/aadc@hotmail.com580a2e6c478cc2.79413736.png', 0, '2016-10-21 15:05:24', '2016-10-22 01:05:24'),
('abcd@gmail.com580ecdd7c31a48.97329553', '', '', '', 0, '2016-10-25 13:13:30', '2016-10-25 13:13:30'),
('asdd@gmail.com580e91de3da8a9.83833202', '', '', '', 0, '2016-10-25 08:57:37', '2016-10-25 08:57:37'),
('buaya@gmail.com57fddd0c9b4028.98522694', '', '', '', 0, '2016-10-12 16:49:56', '2016-10-12 16:49:56'),
('danielisbread@gmail.com580ebf6a215e15.12362933', '/api/user/picture/danielisbread@gmail.com580ebf6a215e15.12362933', 'danielisbread@gmail.com580ebf6a215e15.12362933.png', '/profile-images/danielisbread@gmail.com580ebf6a215e15.12362933.png', 0, '2016-10-25 02:13:53', '2016-10-25 12:13:53'),
('eprabowo@msn.com580c89ee998138.17201618', '/api/user/picture/eprabowo@msn.com580c89ee998138.17201618', 'eprabowo@msn.com580c89ee998138.17201618.png', '/profile-images/eprabowo@msn.com580c89ee998138.17201618.png', 0, '2016-10-23 10:06:27', '2016-10-23 20:06:27'),
('gajah@gmail.com580cdd0822a490.96306900', '', '', '', 0, '2016-10-24 01:53:46', '2016-10-24 01:53:46'),
('ghggggv@c.v580ec5e0b94165.59176224', '', '', '', 0, '2016-10-25 12:39:30', '2016-10-25 12:39:30'),
('hahag@gmail.com580ee363b6f7f2.69931625', '', '', '', 0, '2016-10-25 14:45:29', '2016-10-25 14:45:29'),
('hakeemrdaud@gmail.com57e09631d524f9.20511441', '', '', '', 40, '2016-10-25 23:58:48', '2016-10-26 09:58:48'),
('hja@jsnb.com57f311a171a288.39690398', '', '', '', 0, '2016-10-04 12:19:16', '2016-10-04 12:19:16'),
('ibis@gmail.com580df2a9e08014.79015033', '', '', '', 0, '2016-10-24 21:38:19', '2016-10-24 21:38:19'),
('imthung@hotmail.my580afc9a89c546.04863447', '', '', '', 0, '2016-10-22 15:43:56', '2016-10-22 15:43:56'),
('ioio@ggg.com580ec792ca2298.19948062', '/api/user/picture/ioio@ggg.com580ec792ca2298.19948062', 'ioio@ggg.com580ec792ca2298.19948062.png', '/profile-images/ioio@ggg.com580ec792ca2298.19948062.png', 0, '2016-10-25 02:51:21', '2016-10-25 12:51:21'),
('jerapah@gmail.com580de5dbeb77f3.14106615', '/api/user/picture/jerapah@gmail.com580de5dbeb77f3.14106615', 'jerapah@gmail.com580de5dbeb77f3.14106615.png', '/profile-images/jerapah@gmail.com580de5dbeb77f3.14106615.png', 0, '2016-10-24 21:04:23', '2016-10-25 07:04:23'),
('jonathan.holland8@gmail.com580ecd0d7db529.08950482', '', '', '', 0, '2016-10-25 13:10:09', '2016-10-25 13:10:09'),
('juli@gmail.com57f35c036d35c5.77712666', '', '', '', 0, '2016-10-04 17:36:37', '2016-10-04 17:36:37'),
('junkie@mail.com57db75c33331c9.14324008', '', '', '', 0, '2016-09-16 04:32:09', '2016-09-16 04:32:09'),
('jurrasic@gmail.com580b97ee01fbc8.64545661', '', '', '', 0, '2016-10-23 02:46:40', '2016-10-23 02:46:40'),
('kangguru@gmail.com580dec3a07cf45.48438081', '', '', '', 0, '2016-10-24 21:11:21', '2016-10-24 21:11:21'),
('katak@gmail.com57f33e1411d5b4.11973478', '', '', '', 0, '2016-10-04 15:29:06', '2016-10-04 15:29:06'),
('kijang@gmail.com580cd20f3f85f6.68770482', '', '', '', 0, '2016-10-24 01:08:29', '2016-10-24 01:08:29'),
('koala@gmail.com580de51c71ee77.63713108', '', '', '', 0, '2016-10-24 20:40:30', '2016-10-24 20:40:30'),
('kodok@gmail.com57da2f2e7c0a03.09778199', '/api/user/picture/kodok@gmail.com57da2f2e7c0a03.09778199', 'kodok@gmail.com57da2f2e7c0a03.09778199.png', '/profile-images/kodok@gmail.com57da2f2e7c0a03.09778199.png', 70, '2016-10-25 06:01:51', '2016-10-25 16:01:51'),
('Koin@koin.com57f89fe9832e82.36489015', '', '', '', 0, '2016-10-08 17:27:47', '2016-10-08 17:27:47'),
('kucing@gmail.com580b958b119728.21770439', '', '', '', 0, '2016-10-23 02:45:29', '2016-10-23 02:45:29'),
('kwanhuiyap@gmail.com580f0face3a5f3.76394833', '', '', '', 0, '2016-10-25 17:54:23', '2016-10-25 17:54:23'),
('leo@gmail.com57ffae808301a1.25119106', '', '', '', 0, '2016-10-14 01:55:46', '2016-10-14 01:55:46'),
('lionel@mes.si57da70a2d2e163.47725690', '', '', '', 0, '2016-09-15 09:58:00', '2016-09-15 09:58:00'),
('macan@gmail.com57ffae11c60f82.49298770', '', '', '', 0, '2016-10-14 01:53:55', '2016-10-14 01:53:55'),
('matt@workingmouse.com580ef786664903.50305618', '', '', '', 10, '2016-10-25 06:30:53', '2016-10-25 16:30:53'),
('october@ends.com57f35d33722124.78358806', '', '', '', 0, '2016-10-04 17:41:42', '2016-10-04 17:41:42'),
('oscar_747@hotmail.com580ddaf5578fc2.15586666', '', '', '', 0, '2016-10-24 19:57:14', '2016-10-24 19:57:14'),
('qwrty@mmm.com58005c21455ea6.24114206', '', '', '', 0, '2016-10-14 14:16:37', '2016-10-14 14:16:37'),
('semut@gmail.com580cde991479d5.13456985', '', '', '', 0, '2016-10-24 02:00:27', '2016-10-24 02:00:27'),
('shrengganus@gmail.com580c85c34409c3.67415551', '/api/user/picture/shrengganus@gmail.com580c85c34409c3.67415551', 'shrengganus@gmail.com580c85c34409c3.67415551.png', '/profile-images/shrengganus@gmail.com580c85c34409c3.67415551.png', 0, '2016-10-23 09:46:01', '2016-10-23 19:46:01'),
('singa@gmail.com57ffae597c9c33.76554556', '', '', '', 0, '2016-10-14 01:55:07', '2016-10-14 01:55:07'),
('stanley.hidayat@gmail.com580d8b1bdbb721.94426457', '/api/user/picture/stanley.hidayat@gmail.com580d8b1bdbb721.94426457', 'stanley.hidayat@gmail.com580d8b1bdbb721.94426457.png', '/profile-images/stanley.hidayat@gmail.com580d8b1bdbb721.94426457.png', 0, '2016-10-24 04:22:24', '2016-10-24 14:22:24'),
('stanleyyau9595@gmail.com580060fbbe0054.57905981', '', '', '', 0, '2016-10-14 14:37:19', '2016-10-14 14:37:19'),
('stanleyyau95@hotmail.com57f78abd594894.00746573', '', '', '', 0, '2016-10-07 21:45:13', '2016-10-07 21:45:13'),
('tester@test.con580ed919651f05.74121275', '', '', '', 0, '2016-10-25 14:01:32', '2016-10-25 14:01:32'),
('tiger@gmail.com580cdf552873a2.50446558', '', '', '', 0, '2016-10-24 02:03:36', '2016-10-24 02:03:36'),
('will@smiths.com5804e12733fd53.18819863', '', '', '', 0, '2016-10-18 00:33:14', '2016-10-18 00:33:14'),
('william.henry2009@hotmail.com57f25cbf560c98.09836012', '', '', '', 0, '2016-10-03 23:30:24', '2016-10-03 23:30:24'),
('william.hidayat@gmail.com57ff7e860c6392.02130567', '/api/user/picture/william.hidayat@gmail.com57ff7e860c6392.02130567', 'william.hidayat@gmail.com57ff7e860c6392.02130567.png', '/profile-images/william.hidayat@gmail.com57ff7e860c6392.02130567.png', 10, '2016-10-20 23:18:47', '2016-10-21 09:18:47'),
('www@html.com58085dd28595b2.43935638', '/api/user/picture/www@html.com58085dd28595b2.43935638', 'www@html.com58085dd28595b2.43935638.png', '/profile-images/www@html.com58085dd28595b2.43935638.png', 0, '2016-10-20 06:14:22', '2016-10-20 16:14:22');

-- --------------------------------------------------------

--
-- Table structure for table `oauth_access_tokens`
--

CREATE TABLE `oauth_access_tokens` (
  `access_token` varchar(40) NOT NULL,
  `client_id` varchar(80) NOT NULL,
  `user_id` varchar(255) DEFAULT NULL,
  `expires` timestamp NOT NULL DEFAULT CURRENT_TIMESTAMP ON UPDATE CURRENT_TIMESTAMP,
  `scope` varchar(2000) DEFAULT NULL
) ENGINE=InnoDB DEFAULT CHARSET=latin1;

--
-- Dumping data for table `oauth_access_tokens`
--

INSERT INTO `oauth_access_tokens` (`access_token`, `client_id`, `user_id`, `expires`, `scope`) VALUES
('0048e6b55bc9aea840cd6d54ca26a6acc2cd6839', 'testclient', 'stereo@social.com57da03f7b1f684.64831477', '2016-11-18 13:16:17', 'bo'),
('00adedb45a3b0c952fb380bdaeb91ddc21cded8f', 'testclient', 'william.hidayat@gmail.com57ff7e860c6392.02130567', '2016-11-19 15:57:14', 'crowdies'),
('00dbcf2da00ce9d41014faef1b3dad6f38f45f98', 'testclient', 'stereo@social.com57da03f7b1f684.64831477', '2016-11-21 09:09:14', 'bo'),
('011b1f9fd39daa54a3ed2a4e4e7c123b71f798b2', 'testclient', 'oscar_747@hotmail.com580ddaf5578fc2.15586666', '2016-11-23 19:57:09', NULL),
('01d99728b382e62d805ff6718d4f4727ba9ebb3c', 'testclient', 'william.hidayat@gmail.com57ff7e860c6392.02130567', '2016-11-17 15:17:44', 'crowdies'),
('01db087b1d79e2e80536068da6d64629e2ac86d6', 'testclient', 'william.hidayat@gmail.com57ff7e860c6392.02130567', '2016-11-15 20:28:12', 'crowdies'),
('01ed588672fc9596ee1c85069c019ff99e7f7920', 'testclient', 'kodok@gmail.com57da2f2e7c0a03.09778199', '2016-11-12 18:58:54', 'crowdies'),
('026dca0a0fad3dd6b64db3e96970514c2bfabc15', 'testclient', 'eprabowo@msn.com580c89ee998138.17201618', '2016-11-22 19:59:25', 'crowdies'),
('02d96392765eb31f7290b3f0da0aab8ebe036309', 'testclient', 'agungwy@gmail.com57dac62e53ad22.28354613', '2016-11-10 01:54:11', 'bo'),
('02f87e06a1e026767efc148093b1203a4a913cea', 'testclient', 'apala@h.com57d7eb524ac211.16939309', '2016-09-13 13:04:34', NULL),
('030d57588a64fcd4caf42b992730cb7bf093725a', 'testclient', 'qwrty@mmm.com58005c21455ea6.24114206', '2016-11-13 14:20:37', 'crowdies'),
('033e473fbd31a380284fe7a18d1d30678b308dcb', 'testclient', 'www@html.com58085dd28595b2.43935638', '2016-11-19 16:01:59', 'crowdies'),
('0343a117b357b9189576790e251d86d0f65380c1', 'testclient', 'kodok@gmail.com57d63a568c5567.51738472', '2016-09-12 06:17:10', NULL),
('0360d799ac02c51168c28b9e7961c394cb90cc81', 'testclient', 'kenny.hidayat@gmail.com580da6fe15e1b4.07841624', '2016-11-23 16:15:30', 'crowdies'),
('0375cfd7db921b7d003b1da955972a327023c0a1', 'testclient', 'stereo@social.com57da03f7b1f684.64831477', '2016-11-15 18:41:41', 'bo'),
('03c2c1a202a76d4d0389aeaa7ba67c689aa0a6ef', 'testclient', 'stereo@social.com57da03f7b1f684.64831477', '2016-11-21 01:43:37', 'bo'),
('03f112544bb2d281195ae7fffee5ee8f10bcc04f', 'testclient', 'gajah@gmail.com580cdd0822a490.96306900', '2016-11-23 03:02:18', 'crowdies'),
('042b018e98bd281f22b0e5c73e78c9f4b57b7057', 'testclient', 'ibis@gmail.com580df2a9e08014.79015033', '2016-11-23 21:38:19', 'crowdies'),
('047963d6535fb7bbfcbf010ce875a25e54202548', 'testclient', 'ioio@ggg.com580ec792ca2298.19948062', '2016-11-24 12:46:43', NULL),
('0534222435571eb489a2893db7a0b10e01d6edc5', 'testclient', 'oscar_777@hotmail.com580ddb78a41593.68682684', '2016-11-23 19:59:27', 'bo'),
('05695a7ad09f96e2c8cdaa718b07fa4c0d21ceb3', 'testclient', 'singa@gmail.com57ffae597c9c33.76554556', '2016-11-13 01:55:05', NULL),
('057472f89e3ad503f18037b9e3658960a8283658', 'testclient', 'kodok@gmail.com57da2f2e7c0a03.09778199', '2016-11-24 12:26:08', 'crowdies'),
('058c489d6007f9dec8486c824601d7cc21a9edd0', 'testclient', 'hakeem@daud.com57db73853917c0.61923374', '2016-10-16 04:22:31', NULL),
('058cb40ec01450c03658c7cba848c8a254e16b61', 'testclient', 'agungwy@gmail.com57dac62e53ad22.28354613', '2016-11-10 03:01:28', 'bo'),
('0615c58492a1a32006dd7c6596d6a7392f9cc006', 'testclient', 'william.hidayat@gmail.com57d2b3bb031944.08580997', '2016-09-09 17:20:54', 'crowdies'),
('06a5e4d0f63557d80dfe8a737a7dde6495f9b960', 'testclient', 'dadsa@gmail.com57ff81bddb19e1.54457439', '2016-11-12 22:44:46', NULL),
('085aacb1915cc38c3c32fcf60681d0a2f85c45cb', 'testclient', 'abc@xyz.com58088d4460a220.54472901', '2016-11-19 19:24:20', NULL),
('08831fc801fed84bf398dcab7a6abc0a10accc42', 'testclient', 'william.hidayat@gmail.com57d2b3bb031944.08580997', '2016-09-12 16:20:49', 'bo'),
('08af3450983832b17008d265534790ad40870918', 'testclient', 'kodok@gmail.com57da2f2e7c0a03.09778199', '2016-11-10 21:02:50', 'crowdies'),
('09108d0903c02e753bd5826f1dfe3894a72a5504', 'testclient', 'stereo@social.com57da03f7b1f684.64831477', '2016-11-23 14:49:32', 'bo'),
('09325e785175e7dfb9a96dced2892884309c5d08', 'testclient', 'kodok@gmail.com57da2f2e7c0a03.09778199', '2016-11-16 13:37:56', 'crowdies'),
('095864f9fdae8bfd9583ce72ace5980af0c59c70', 'testclient', 'one@d.com5804e0ce72ee76.34465142', '2016-11-19 16:42:51', 'bo'),
('095eb8de4c973f244b3b76474f0f3a7749d757b8', 'testclient', 'kodok@gmail.com57da2f2e7c0a03.09778199', '2016-11-07 16:00:58', 'crowdies'),
('099bff034d12ab042b21c6e47359d0240e680e04', 'testclient', 'kodok@gmail.com57da2f2e7c0a03.09778199', '2016-11-07 15:09:44', 'crowdies'),
('09ebb2761028b0dc5030976f8185dc3ee8bb590e', 'testclient', 'one@d.com5804da590fa678.85900861', '2016-11-17 00:04:11', 'bo'),
('0a03961f89167785e5dbccfd5f9e9b556ebdae73', 'testclient', 'jaku@sand.com57d7efc7b570a1.15619690', '2016-09-13 13:23:36', NULL),
('0a066d642f8c6738a79f7d7e9e5d4faa79c643e3', 'testclient', 'kodok@gmail.com57da2f2e7c0a03.09778199', '2016-11-11 19:50:05', 'crowdies'),
('0aac8af311e05e52b7eb1063f45134010a826b41', 'testclient', 'agungwy@gmail.com57d57c64ac1895.24310076', '2016-09-11 17:37:16', 'crowdies'),
('0ae20774e6b3a928be48981eaa640655b3778bfb', 'testclient', 'william.hidayat@gmail.com57ff7e860c6392.02130567', '2016-11-16 22:17:59', 'crowdies'),
('0aedb8e8cbd1d16d75c58ca5b480051678064af4', 'testclient', 'kodok@gmail.com57da2f2e7c0a03.09778199', '2016-11-16 13:11:12', 'crowdies'),
('0af4fa1ac2987afbc57d6cfaf59fded275a1ebbe', 'testclient', 'kodok@gmail.com57da2f2e7c0a03.09778199', '2016-11-21 23:07:13', 'crowdies'),
('0b07d4ff94bf8a38e4e72a112dab8ab6ec135eea', 'testclient', 'kodok@gmail.com57da2f2e7c0a03.09778199', '2016-11-16 15:08:25', 'crowdies'),
('0b0ae030bfcdd16d8377770988146344aff5a1a3', 'testclient', 'william.hidayat@gmail.com57d2b3bb031944.08580997', '2016-09-12 10:57:04', 'bo'),
('0b361c4f99d29e0496b2b67576073e776275e0a0', 'testclient', 'qasdsd@gmail.com57ff99119b6234.90077811', '2016-11-13 00:24:18', NULL),
('0b6aa294e952471c4c1b6b4ffcae32c8dea3a8ed', 'testclient', 'katak@gmail.com57f33e1411d5b4.11973478', '2016-11-03 15:28:52', NULL),
('0b79604e8b87c229015afb95fbea67b25fd32e93', 'testclient', 'kodok@gmail.com57da2f2e7c0a03.09778199', '2016-11-11 19:43:23', 'crowdies'),
('0b8c57ec60273117bbc8c111f6c9b8a390016ddf', 'testclient', 'agungwy@gmail.com57dac62e53ad22.28354613', '2016-11-15 21:25:56', 'bo'),
('0ba8519e0d65724d521841ad41a8ef95800a16a1', 'testclient', 'agungwy@gmail.com57dac62e53ad22.28354613', '2016-11-05 21:13:25', 'bo'),
('0bc9532d697ae43a69720703375eae43c0fb5b79', 'testclient', 'dadsa@gmail.com57ff81bddb19e1.54457439', '2016-11-12 22:44:50', 'bo'),
('0bfc365b65fc33d5eafa27da99a8f46c460c3561', 'testclient', 'agungwy@gmail.com57dac4193195f4.02191731', '2016-09-15 16:54:01', NULL),
('0c2d0b4375a1c77aecd9c3b6b6ab92f1b4b14654', 'testclient', 'william.hidayat@gmail.com57ff7e860c6392.02130567', '2016-11-16 20:49:30', 'crowdies'),
('0c55558e9ec728a6d4a325491b651dd19739def0', 'testclient', 'william.hidayat@gmail.com57d2b3bb031944.08580997', '2016-09-09 17:51:28', 'crowdies'),
('0c66b417660c2099593aa4986d9c69c14c4225d6', 'testclient', 'william.hidayat@gmail.com57ff7e860c6392.02130567', '2016-11-18 12:46:40', 'crowdies'),
('0d4aaac2790fc41991d357ed8a8b7b8fa73d25e1', 'testclient', 'william.henry2009@hotmail.com57f25cbf560c98.09836012', '2016-11-08 20:20:57', 'crowdies'),
('0d6beb952b348b66ffc6d7deb9d55778b3ff62e2', 'testclient', 'one@d.com5804e0ce72ee76.34465142', '2016-11-17 00:31:45', 'bo'),
('0d7e7b6028d6fc49c3b06096813e3abf0012aa47', 'testclient', 'singa@gmail.com57ff84678c46c9.25417692', '2016-11-12 22:56:08', NULL),
('0d955fc872da74387e236435ad5b6624e44b4e18', 'testclient', 'kodok@gmail.com57da2f2e7c0a03.09778199', '2016-11-15 18:08:02', 'crowdies'),
('0dd8418c773f4676c533a2af8ae736b667bb973d', 'testclient', 'stereo@social.com57da03f7b1f684.64831477', '2016-11-23 14:24:22', 'bo'),
('0e02e1c6892224a7b19c09be0a5968a2eb409d8e', 'testclient', 'kodok@gmail.com57da2f2e7c0a03.09778199', '2016-11-07 14:56:43', 'crowdies'),
('0e0310ed59ce3dddc51a38e84ca66044617af1a2', 'testclient', 'agungwy@gmail.com57d93a52f18b61.99176828', '2016-09-14 14:58:22', 'bo'),
('0e0773b629507e1996c906c7234f3800f38599ca', 'testclient', 'agungwy@gmail.com57d93a52f18b61.99176828', '2016-09-14 15:30:22', 'bo'),
('0e32c037089a2bb6ec70b23c66b5677eb45e70e7', 'testclient', 'agungwy@gmail.com57dac62e53ad22.28354613', '2016-11-10 02:14:20', 'bo'),
('0f2ac0d226d22c72695ac456ed0ac519b675fd2b', 'testclient', 'agungwy@gmail.com57dac62e53ad22.28354613', '2016-11-06 01:48:03', 'bo'),
('0fb02756dd72e05f6cc2f9325174393b28a1d74a', 'testclient', 'agungwy@gmail.com57dac62e53ad22.28354613', '2016-11-10 01:55:06', 'bo'),
('0fc680d9a83f3319dc5925c88916613bcc475b89', 'testclient', 'agungwy@gmail.com57d93a52f18b61.99176828', '2016-09-15 15:22:52', 'bo'),
('0fd181a58c4744fa6b269f67e9c7f5c20e20e8ed', 'testclient', 'stereo@social.com57da03f7b1f684.64831477', '2016-11-21 09:29:45', 'bo'),
('1002aaff6c3478933b396d7da0e61b87f0dfcf03', 'testclient', 'steve@jobs.co57d8a4c0cc1ae1.01485974', '2016-11-07 16:19:06', 'bo'),
('10531dfec9c877c89cc923c910d66f0427c96e39', 'testclient', 'agungwy@gmail.com57dac62e53ad22.28354613', '2016-11-10 02:47:13', 'bo'),
('105bf1d8b8b735d6dcdf26e002591083d7cd2275', 'testclient', 'buaya@gmail.com57fddd0c9b4028.98522694', '2016-11-11 17:03:52', 'crowdies'),
('10916ebd6637aab0b78454331bd77203caacb97b', 'testclient', 'william.hidayat@gmail.com57d2b3bb031944.08580997', '2016-09-09 17:31:03', 'crowdies'),
('10a4eb5425cce20b7728fd3c564313e1dda402a6', 'testclient', 'kodok@gmail.com57da2f2e7c0a03.09778199', '2016-11-03 01:54:59', 'crowdies'),
('117d9c1bcb0c5e49e2ed8e41a384c6e1064ea820', 'testclient', 'kodok@gmail.com57da2f2e7c0a03.09778199', '2016-11-08 20:10:45', 'crowdies'),
('118b95be064ffab3935ca85a119a2acfa4f1207d', 'testclient', 'william.hidayat@gmail.com57d2b3bb031944.08580997', '2016-09-13 01:44:20', 'bo'),
('118fc6033d8ece2605c212f67f9806ba70753aa9', 'testclient', 'kodok@gmail.com57da2f2e7c0a03.09778199', '2016-11-03 01:32:16', 'crowdies'),
('11c63b6d9727e04b3591c3b997d9ec3975ab8815', 'testclient', 'danielisbread@gmail.com580ebf6a215e15.12362933', '2016-11-24 12:11:57', 'crowdies'),
('1207114ba7c272f1cdb7d233c3bfb658e08191b0', 'testclient', 'william.hidayat@gmail.com57ff7e860c6392.02130567', '2016-11-20 14:29:01', 'crowdies'),
('1252ffd326a41a59fe40ad5c161d872a9fbfe14e', 'testclient', 'stereo@social.com57da03f7b1f684.64831477', '2016-11-21 01:37:23', 'bo'),
('12c552501bdf14c2b179964fa13e8cf6a980ef21', 'testclient', 'william.hidayat@gmail.com57ff4d7cbaf8c8.09002507', '2016-11-12 19:14:55', 'crowdies'),
('12db13ff10a39aeef91e3e02a8b68785034549fc', 'testclient', 'steve@jobs.co57d8a4c0cc1ae1.01485974', '2016-09-14 15:29:31', 'bo'),
('12ee3db19c9e1f62557bef38400091a7506c942d', 'testclient', 'agungwy@gmail.com57dab50c768d52.50617510', '2016-09-15 15:49:48', NULL),
('133e7508f88fc1e10f54951f1a8989397cbfe06a', 'testclient', 'agungwy@gmail.com57dac62e53ad22.28354613', '2016-11-24 14:17:24', 'bo'),
('13522fbb5df5a58e443dfce887aeb77cecea6fb6', 'testclient', 'agungwy@gmail.com57dac62e53ad22.28354613', '2016-11-23 03:14:05', 'bo'),
('135362505f14816b6f818d0d0e1cb758b5c28add', 'testclient', 'william.hidayat@gmail.com57ff7e860c6392.02130567', '2016-11-18 19:32:10', 'crowdies'),
('1368459e9dcb4855f23b85b8baf38181f1ded8a7', 'testclient', 'agungwy@gmail.com57d93a52f18b61.99176828', '2016-09-14 13:54:28', 'bo'),
('1368575b63aa2b836ca30c38c71b966f795fe2af', 'testclient', 'william.hidayat@gmail.com57ff7e860c6392.02130567', '2016-11-24 16:24:42', 'crowdies'),
('1382b4dc8b5ca3ee63846caa6098007395d68789', 'testclient', 'kodok@gmail.com57da2f2e7c0a03.09778199', '2016-11-09 21:08:57', 'crowdies'),
('13fd74b02f89359d869ee715e671ecba5a097156', 'testclient', 'kodok@gmail.com57da2f2e7c0a03.09778199', '2016-11-03 13:02:33', 'crowdies'),
('1455fe296511d8c7dc8a163d8b189b03ce6df9d4', 'testclient', 'agungwy@gmail.com57dac62e53ad22.28354613', '2016-11-10 02:32:38', 'bo'),
('148889a771186dab8c101a4a0c8a5ee796ba697b', 'testclient', 'william.hidayat@gmail.com57ff7e860c6392.02130567', '2016-11-15 20:31:26', 'crowdies'),
('14c38801eb20b48c13b6034d30616bd513100f4b', 'testclient', 'kodok@gmail.com57d576933a2996.91551654', '2016-09-11 16:21:55', NULL),
('14d11d995d4d2dd5139c85287e99c6c0cadc17f7', 'testclient', 'william.hidayat@gmail.com57ff7e860c6392.02130567', '2016-11-21 01:34:58', 'crowdies'),
('1505693ab7ec9d912ee3b4bef8d5842d2ea7116a', 'testclient', 'macan@gmail.com57ff929264aab2.41151265', '2016-11-12 23:56:47', 'crowdies'),
('15993d258652a79ec20d9730ef5311d9f64f3949', 'testclient', 'kodok@gmail.com57da2f2e7c0a03.09778199', '2016-11-06 14:30:25', 'crowdies'),
('15e9ce158dace331e47c83841c758dead16d429e', 'testclient', 'kodok@gmail.com57da2f2e7c0a03.09778199', '2016-11-16 12:28:45', 'crowdies'),
('16da71e53e68a070518969b78de84476fc354b5d', 'testclient', 'kodok@gmail.com57da2f2e7c0a03.09778199', '2016-11-09 17:44:13', 'crowdies'),
('1717e20e3bb2152f3a3a739f4853fbc7047e048f', 'testclient', 'eprabowo@msn.com580c89ee998138.17201618', '2016-11-22 19:59:19', NULL),
('1774618f0462e44ccf47acef0eeeb42cb5460c31', 'testclient', 'stereo@social.com57da03f7b1f684.64831477', '2016-11-09 22:04:53', 'bo'),
('17cdde85a517beecfbafc3e283de5aac9fd78d70', 'testclient', 'william.hidayat@gmail.com57ff7e860c6392.02130567', '2016-11-16 23:31:46', 'crowdies'),
('180d2594e8cee57367fac138181e3af6ee13f89a', 'testclient', 'william.hidayat@gmail.com57ff7e860c6392.02130567', '2016-11-18 21:15:16', 'crowdies'),
('19277d94ab8622e1751c1c99ba0ab0f98dfe4f12', 'testclient', 'buaya@gmail.com57fddd0c9b4028.98522694', '2016-11-23 01:50:41', 'crowdies'),
('195ce05c9fae3c41cbcec547e4f02a7668f6cd3c', 'testclient', 'jonathan.holland8@gmail.com580ecd0d7db529.08950482', '2016-11-24 13:10:09', 'crowdies'),
('19823e3b100cfc2f9656aa8a4e3caa31a12eac10', 'testclient', 'kodok@gmail.com57da2f2e7c0a03.09778199', '2016-11-21 18:25:16', 'crowdies'),
('1987ef3ad5088ead7268250ee67e174484ab645a', 'testclient', 'kodok@mail.com57da245638c671.97178896', '2016-09-15 05:32:22', NULL),
('1abf85ff77dd28ab8e062d80332a7c7777abb6a6', 'testclient', 'william.hidayat@gmail.com57ff7e860c6392.02130567', '2016-11-15 18:42:23', 'crowdies'),
('1b2a3ad81ae2b951fa9da6396069b80fddbdc370', 'testclient', 'agungwy@gmail.com57d93a52f18b61.99176828', '2016-09-14 14:02:05', 'bo'),
('1b433e1983ceb9775a4a0abfb3d32cafbb568870', 'testclient', 'gajah@gmail.com580cdd0822a490.96306900', '2016-11-23 01:53:44', NULL),
('1b88f9e09f61536c5ee5c7a920fd16f7b16b3a16', 'testclient', 'steve@jobs.co57d8a4c0cc1ae1.01485974', '2016-09-14 15:48:58', 'bo'),
('1bf24d422dcafefb77689366d419ed1bb4908761', 'testclient', 'kodok@gmail.com57da2f2e7c0a03.09778199', '2016-11-10 02:50:02', 'crowdies'),
('1ccdaacc991e8ead2f1624b4492ea2e61591cd9e', 'testclient', 'stereo@social.com57da03f7b1f684.64831477', '2016-11-16 10:05:08', 'bo'),
('1ce71f2bb7da5e47bcf41a83b03a34d99054e4ae', 'testclient', 'william.hidayat@gmail.com57d2b3bb031944.08580997', '2016-09-09 17:56:26', 'crowdies'),
('1d9a273fd446507edc3fd28d6071db9b67375857', 'testclient', 'agungwy@gmail.com57dac62e53ad22.28354613', '2016-11-21 21:32:53', 'bo'),
('1d9ee16df07cb176c7327505d746ed7d1d6e80f9', 'testclient', 'cantyaps@gamil.com57d7d1b42c5334.18993979', '2016-09-13 11:15:16', NULL),
('1e164dc6a849940dc252c81e74d13ef60d31d386', 'testclient', 'william.hidayat@gmail.com57ff7e860c6392.02130567', '2016-11-17 14:39:45', 'crowdies'),
('1e20ddd8e0d0c5b7261bc0b4bd7ab9879dd0698b', 'testclient', 'kodok@gmail.com57da2f2e7c0a03.09778199', '2016-11-15 21:26:56', 'crowdies'),
('1e3bb39da8c4e763c1a64f6cba09402f1cb95bf7', 'testclient', 'william.hidayat@gmail.com57ff7e860c6392.02130567', '2016-11-21 10:27:10', 'crowdies'),
('1e94535c64faac9266666b3d76fd502e7d34d871', 'testclient', 'kodok@gmail.com57da2f2e7c0a03.09778199', '2016-11-03 10:45:24', 'crowdies'),
('1f0dada9975b56e73a6690d632fb3376983a4606', 'testclient', 'steve@jobs.co57d8a4c0cc1ae1.01485974', '2016-09-14 15:14:24', 'bo'),
('1f9394b7fb7a0f507f460f883a8a7705732f2bfd', 'testclient', 'yohanakanisia@gmail.com57ff834d96ba87.78176813', '2016-11-15 20:33:55', 'bo'),
('1f95e3144d70c606b06eb0d494e2c018d912f107', 'testclient', 'william.hidayat@gmail.com57d2b3bb031944.08580997', '2016-09-09 17:50:57', 'crowdies'),
('1fceaa79da001cf384063faa983341c9ebeca573', 'testclient', 'one@d.com5804e0ce72ee76.34465142', '2016-11-17 00:31:42', NULL),
('1fd4a4635c9d5528022deef2f2ea24be4b2a30ef', 'testclient', 'kodok@gmail.com57da2f2e7c0a03.09778199', '2016-11-07 15:11:52', 'crowdies'),
('1fef5b6d95c18f6810e944d11760fe12cbae4355', 'testclient', 'one@d.com5804e0ce72ee76.34465142', '2016-11-19 16:45:16', 'bo'),
('20033639b70d21ea65dfc0401d2ac2412efcd12f', 'testclient', 'kodok@gmail.com57da2f2e7c0a03.09778199', '2016-11-02 23:34:09', 'crowdies'),
('20140a7754bc4b684e0f8cc209c2a7a22b6a83ec', 'testclient', 'william.hidayat@gmail.com57ff7e860c6392.02130567', '2016-11-14 22:30:58', 'crowdies'),
('205b271a68845cfc0650743799a182e34f956456', 'testclient', 'agungwy@gmail.com57d57c64ac1895.24310076', '2016-09-12 05:15:43', 'crowdies'),
('205ec754373423dcacf38760a0fc074a95bee97d', 'testclient', 'agungwy@gmail.com57d93a52f18b61.99176828', '2016-09-14 13:55:36', 'bo'),
('205f0e5ba4d8988635da57caf322ef81ea47a721', 'testclient', 'stereo@social.com57da03f7b1f684.64831477', '2016-11-15 22:44:15', 'bo'),
('20cd538319cba47610291a9b232e844475b7505c', 'testclient', 'steve@jobs.co57d8a4c0cc1ae1.01485974', '2016-11-23 19:50:17', 'bo'),
('20d5e725cbb61540b9fcb5bb79124b0322823b81', 'testclient', 'stereo@social.com57da03f7b1f684.64831477', '2016-11-10 12:02:20', 'bo'),
('20d8a4afa5f278834b8cb772d123455d17020f4a', 'testclient', 'kodok@gmail.com57da2f2e7c0a03.09778199', '2016-11-10 02:52:29', 'crowdies'),
('20de2a7e4a94938f19def2d7f4f693ca2314db01', 'testclient', 'kodok@gmail.com57da2f2e7c0a03.09778199', '2016-11-10 01:28:25', 'crowdies'),
('20e4b1a44b94c4b16a8ae62c52dba5a805416ef3', 'testclient', 'agungwy@gmail.com57d93a52f18b61.99176828', '2016-09-14 15:18:50', 'bo'),
('2108fa27ba05d495948cd4dbbe5e23ca7fa12136', 'testclient', 'ghggggv@c.c580ec5829cbc94.18146180', '2016-11-24 12:37:57', 'bo'),
('2132eb967f90d525ea9a41cf8dcd98bcbfb209ac', 'testclient', 'kodok@gmail.com57da2f2e7c0a03.09778199', '2016-11-07 15:51:48', 'crowdies'),
('215d266cd6ae70fb00e37ac2072339729bd26d94', 'testclient', 'uiuo@gmail.com57d802f4582072.81902072', '2016-09-13 14:45:24', NULL),
('21860028ccbd4291eca24c4c154e1badf21290c8', 'testclient', 'suncorp@bank.com57d7e9d151c6f7.89240306', '2016-09-13 12:58:09', NULL),
('219b34e199c376c596b4e7295400b36695da7710', 'testclient', 'buaya@gmail.com57fddd0c9b4028.98522694', '2016-11-11 17:19:35', 'crowdies'),
('21ff5844b3f1a1a778ce9bdec59edaf0019d7ef5', 'testclient', 'stereo@social.com57da03f7b1f684.64831477', '2016-11-21 08:59:53', 'bo'),
('2203eef647a7b5957c98289461c933618a1ecd65', 'testclient', 'agungwy@gmail.com57dac62e53ad22.28354613', '2016-11-07 19:40:25', 'bo'),
('22418563b9f91f7dda6f429bae1d18c3a8635fcd', 'testclient', 'arzelord@gmail.com580de578ccec01.59248084', '2016-11-23 20:42:03', 'bo'),
('22f63d89d32621a24406fe11a29d62c9f8eb5fd4', 'testclient', 'steve@jobs.co57d8a4c0cc1ae1.01485974', '2016-09-15 17:04:07', 'bo'),
('2318dab0ef17ddcaf5f99d8bc190d2f73b035571', 'testclient', 'agungwy@gmail.com57dac62e53ad22.28354613', '2016-11-07 15:53:28', 'bo'),
('24909b2897851aa0118b4c12b3bfe0eb3dffa785', 'testclient', 'william.hidayat@gmail.com57ff7e860c6392.02130567', '2016-11-24 12:28:36', 'crowdies'),
('2499bca9d988d6c5d5f97b65e9619e944cfa7546', 'testclient', 'one@d.com5804e0ce72ee76.34465142', '2016-11-19 16:14:46', 'bo'),
('24ac6795252277e0dc14bbc8e4c4e80de75be110', 'testclient', 'kodok@gmail.com57d63a568c5567.51738472', '2016-09-12 06:26:29', 'bo'),
('24ed9016af56fed93bd944293be96f4797883834', 'testclient', 'asd@123.com57d79acdbf5044.18211455', '2016-09-13 07:21:02', NULL),
('251781d63186b7790dbb654d00d1b26693c1881c', 'testclient', 'kodok@gmail.com57da2f2e7c0a03.09778199', '2016-11-09 11:58:55', 'crowdies'),
('254ae4646c7b4dada7db786722f86124c4e3f4e0', 'testclient', 'kodok@gmail.com57d638fd2924c8.04860968', '2016-09-12 06:11:25', NULL),
('2566c248d34aea02b1accbba2a596a06386177f6', 'testclient', 'kodok@gmail.com57da2f2e7c0a03.09778199', '2016-09-15 10:51:54', 'crowdies'),
('25a06e550ab4586400df5ae96f0fe00f49106414', 'testclient', 'yohanakanisia@gmail.com57ff834d96ba87.78176813', '2016-11-12 23:00:45', 'crowdies'),
('25ece9ea9f2f0ede9e094bc4283e41eefbd5c1b8', 'testclient', 'kodok@gmail.com57da2f2e7c0a03.09778199', '2016-11-21 11:58:50', 'crowdies'),
('2619522f2b835d0cb7ba34b69fdf90a2acb5cb3b', 'testclient', 'william.hidayat@gmail.com57ff7e860c6392.02130567', '2016-11-18 17:12:27', 'crowdies'),
('265c6259ce6039aa299c69f8cfe8bf3546466e9b', 'testclient', 'kodok@gmail.com57da2f2e7c0a03.09778199', '2016-11-03 13:19:20', 'crowdies'),
('266eca34e3c4079206a598370749d185cb868bb7', 'testclient', 'agungwy@gmail.com57dac62e53ad22.28354613', '2016-11-10 02:25:08', 'bo'),
('267d383c62e8f565d5eae30898200cb50422cbb8', 'testclient', 'william.hidayat@gmail.com57ff7e860c6392.02130567', '2016-11-20 14:09:11', 'crowdies'),
('26af12930cf4e9a12d2d0eb90d093fd6cc9b5e0e', 'testclient', 'william.henry2009@hotmail.com57f25cbf560c98.09836012', '2016-11-02 23:31:44', 'crowdies'),
('27310959fe1237c1998021df003c7000cfcae475', 'testclient', 'cantyaps@gmail.com57d7d40818d6f0.10364134', '2016-09-13 11:25:12', NULL),
('27ce13d3ab99ddf32a0975b94c5245e9ac21dba2', 'testclient', 'kenny.hidayat@gmail.com580da39466a6b5.98285581', '2016-11-23 16:00:52', NULL),
('27ee9632fd2ef1c885aac19d2cb09906a54f66a9', 'testclient', 'hakeemrdaud@gmail.com57e09631d524f9.20511441', '2016-11-23 15:39:58', 'crowdies'),
('280ddc28f46d2fb6cb4263233b3541ba8deaa101', 'testclient', 'kodok@gmail.com57da2f2e7c0a03.09778199', '2016-11-23 14:47:34', 'crowdies'),
('282fe84adeefa6b6fbf80b525110ed704767ae74', 'testclient', 'william.hidayat@gmail.com57d78cb070bc63.25091257', '2016-09-13 06:20:48', NULL),
('28756e394438d57f07e10d7765b1bce3bd3f55c2', 'testclient', 'kodok@gmail.com57da2f2e7c0a03.09778199', '2016-11-10 12:20:21', 'crowdies'),
('289705686d3a6baa2bf9d6d0d6449c8c02b45474', 'testclient', 'agungwy@gmail.com57dac62e53ad22.28354613', '2016-11-23 01:54:26', 'bo'),
('28a0abd11c6c95902afbb603829043a8f43f1d6e', 'testclient', 'jerapah@gmail.com580de5dbeb77f3.14106615', '2016-11-24 07:07:52', 'crowdies'),
('28ba1313c3e3aa5e3797ecb43d83ff14756db78d', 'testclient', 'stereo@social.com57da03f7b1f684.64831477', '2016-11-09 20:10:29', 'bo'),
('28ccd83001e5f65b37ab51dd0e6eedb1a396381f', 'testclient', 'secret@sparrow.co57d8a0adb2e383.96904381', '2016-09-14 01:58:21', NULL),
('28ef46e8d00d1277dd558c915c8a0793b5d2dfd7', 'testclient', 'arzelord22@gmail.com580df24e4b9a58.20350595', '2016-11-23 21:36:46', NULL),
('29464f950c8757deaaadabe284a91ac6bf5494ae', 'testclient', 'kodok@gmail.com57da2f2e7c0a03.09778199', '2016-11-07 16:05:24', 'crowdies'),
('295e138d73614fa32563a8fc65daf0bc52fd0e9e', 'testclient', 'agungwy@gmail.com57dac62e53ad22.28354613', '2016-11-12 23:20:50', 'bo'),
('29ee23d08cb0bd404303d8b29fdd07c96d58170d', 'testclient', 'agungwy@gmail.com57dac62e53ad22.28354613', '2016-11-21 21:57:14', 'bo'),
('2a158282f1c7b1afe4028f8ce0369c7e8f87ddab', 'testclient', 'stereo@social.com57da03f7b1f684.64831477', '2016-11-23 15:32:31', 'bo'),
('2a41d509833b3c6943f38d665e5c36faba663de2', 'testclient', 'stereo@social.com57da03f7b1f684.64831477', '2016-11-15 23:09:36', 'bo'),
('2a74ef8745d5723f2f344e80ca79b53f55a16467', 'testclient', 'agungwy@gmail.com57d9388fee7a05.84902393', '2016-09-14 12:46:25', NULL),
('2a8f4b10c0963c202445d84770775bdcc6665833', 'testclient', 'stanleyyau95@hotmail.com57f78abd594894.00746573', '2016-11-06 21:45:05', NULL),
('2adeccae418c824e379cf32b653add49d659b924', 'testclient', 'koala@gmail.com580de51c71ee77.63713108', '2016-11-23 20:40:28', NULL),
('2b3e06025164ad9ee3bb41d452d282560ac74f36', 'testclient', 'leo@gmail.com57ffae808301a1.25119106', '2016-11-13 01:55:45', NULL),
('2b9503af8a2bb8cd46684e47e2d3fe8a02210583', 'testclient', 'kucing@gmail.com580b958b119728.21770439', '2016-11-22 02:38:13', 'bo'),
('2bc754ceba8af2ced8c490bd13958f749839b339', 'testclient', 'cantyaps@gmail.com57d7ce85e20476.80704736', '2016-09-13 11:01:42', NULL),
('2c067c4aa2e78ebbaf4025856d528a3d49cfb058', 'testclient', 'arzelord22@gmail.com580df24e4b9a58.20350595', '2016-11-23 21:36:59', 'bo'),
('2c414a271494c166798bced9f62be63527dfa733', 'testclient', 'bshaffer', '2016-09-09 01:12:24', NULL),
('2ce0b0da1363c89c7b59a39287ebb91d91c4cbb0', 'testclient', 'william.hidayat@gmail.com57ff7e860c6392.02130567', '2016-11-16 23:42:11', 'crowdies'),
('2d26ae80815b286f93a4a7d9b56e6e57c0ab70c5', 'testclient', 'matt@workingmouse.com580ef786664903.50305618', '2016-11-24 16:11:21', 'crowdies'),
('2d6e1f58f6059c6ceafdc46378d53cea653e1fe3', 'testclient', 'steve@jobs.co57d8a4c0cc1ae1.01485974', '2016-09-14 15:43:40', 'bo'),
('2d71132b9f1ab516a1f68bde5b76361f1fbb516e', 'testclient', 'stereo@social.com57da03f7b1f684.64831477', '2016-11-10 12:05:39', 'bo'),
('2da182b0422f9c56b82a13931def007b1bc0ecc4', 'testclient', 'stereo@social.com57da03f7b1f684.64831477', '2016-11-16 23:16:48', 'bo'),
('2dc73134f401ff9fb8396c26c1b1d724d588491e', 'testclient', 'kenny.hidayat@gmail.com580da2f60acae4.55506414', '2016-11-23 15:58:28', 'crowdies'),
('2deb249aafc689bc37f69b1df62f159420ba2d72', 'testclient', 'stereo@social.com57da03f7b1f684.64831477', '2016-11-16 12:20:34', 'bo'),
('2e04ce6bce907cd660dc75aefe4a65356bab9d48', 'testclient', 'william.hidayat@gmail.com57d2b3bb031944.08580997', '2016-09-09 17:12:27', NULL),
('2e24c7bcd7c1c13669ff9698899743b714994cb6', 'testclient', '12@ajsdkj.com57d801c053df78.32650626', '2016-09-13 14:40:16', NULL),
('2eecec82490a7de78e6d03c17721979f1151bf55', 'testclient', 'kenny.hidayat@gmail.com580da4dc62b8c3.74327694', '2016-11-23 16:06:26', 'crowdies'),
('30083b3c80050935c1c43a04cbe962e7c3ddec10', 'testclient', 'stanleyyau95@hotmail.com57f78abd594894.00746573', '2016-11-07 19:25:30', 'crowdies'),
('30211919c65af487af7b0148d03d860d42f4430b', 'testclient', 'stereo@social.com57da03f7b1f684.64831477', '2016-11-24 15:35:04', 'bo'),
('3034b682c3b8e2b526e204dab66720776dc8c7d6', 'testclient', 'agungwy@gmail.com57d93a52f18b61.99176828', '2016-09-14 15:54:20', 'bo'),
('30632bdc4f4c61c38538c49021eaf7de306505c7', 'testclient', 'lollipop@gmail.com57fdd6c0474718.21671757', '2016-11-11 16:22:56', NULL),
('30866e4e6b6bb6eb29f76b33a5f51940c05de7ca', 'testclient', 'william.hidayat@gmail.com57ff7e860c6392.02130567', '2016-11-16 23:23:23', 'crowdies'),
('30a7af81bb2a44e12186500b56d783170bd60881', 'testclient', 'stereo@social.com57da03f7b1f684.64831477', '2016-11-09 23:55:17', 'bo'),
('30b3bc97cbe5fda3738f00c1f0e9e77128c902d3', 'testclient', 'william.hidayat@gmail.com57ff7e860c6392.02130567', '2016-11-17 20:30:38', 'crowdies'),
('310b8fe1a183c923748f8d7a980c2ce37541271f', 'testclient', 'william.hidayat@gmail.com57d2b3bb031944.08580997', '2016-09-12 16:20:49', 'bo'),
('31984e037e983d7865d6adc6803ac5b3fc4cf9aa', 'testclient', 'cantyaps@gmail.com57d7cb5adc96e7.19310217', '2016-09-13 10:48:11', NULL),
('32179a46d75f1b78e144a1673952ba682b539d32', 'testclient', 'agungwy@gmail.com57dac62e53ad22.28354613', '2016-11-10 12:03:06', 'bo'),
('326d140bf7876cca9378b5463d0f5a6c622d704a', 'testclient', 'stereo@social.com57da03f7b1f684.64831477', '2016-11-16 00:30:32', 'bo'),
('328ecad6c7dd9a80d77f2942683d4f4028366f16', 'testclient', 'steve@jobs.co57d8a4c0cc1ae1.01485974', '2016-11-23 03:18:27', 'bo'),
('32ea6012b2abdbf78530baa73a0a9cffaad462ff', 'testclient', 'william.hidayat16@gmail.com57d6c9ecda3d22.07134324', '2016-09-12 16:29:49', NULL),
('32fa20ca72c7ebd711c8dc99c34e04a1152a6d30', 'testclient', 'agungwy@gmail.com57dac62e53ad22.28354613', '2016-11-11 16:00:23', 'bo'),
('3308cfc22d0cb6b3f1d0fc7a76107d89b4d5e441', 'testclient', 'agungwy@gmail.com57dac62e53ad22.28354613', '2016-11-07 16:15:13', 'bo'),
('337d9d399dbded6ad247cf359fec8ed5274a8430', 'testclient', 'william.hidayat@gmail.com57ff7e860c6392.02130567', '2016-11-17 14:15:06', 'crowdies'),
('33f17fb3acbe981c13baf55ade15355f2bd6cd0e', 'testclient', 'william.hidayat@gmail.com57d2b3bb031944.08580997', '2016-09-11 08:03:42', 'crowdies'),
('33fbac74e8ea6982d6b84e5f5a125ff1fb72060b', 'testclient', 'agungwy@gmail.com57dac62e53ad22.28354613', '2016-11-07 23:16:19', 'bo'),
('34540580cb050920964a26778ee601988c19320a', 'testclient', 'kodok@gmail.com57da2f2e7c0a03.09778199', '2016-11-07 16:05:20', 'crowdies'),
('349f6132b8c64cf7cbcf2677281a15e1678acaf0', 'testclient', 'kodok@gmail.com57da2f2e7c0a03.09778199', '2016-11-06 15:00:49', 'crowdies'),
('34e46ccc8c84f404c2aa52529f99a50795e4a7b0', 'testclient', 'agungwy@gmail.com57d93a52f18b61.99176828', '2016-09-14 15:08:14', 'bo'),
('351a4d800f4cb2c5598ca8f749c4a229410341c6', 'testclient', 'kenny.hidayat@gmail.com580da39466a6b5.98285581', '2016-11-23 16:00:57', 'crowdies'),
('35488050e21ca77e3238cb602e2b7c2dc8950071', 'testclient', 'kodok@gmail.com57da2f2e7c0a03.09778199', '2016-11-03 12:28:25', 'crowdies'),
('35760feac59374f7d60f6e31b82f390510ee322b', 'testclient', 'kodok@gmail.com57da2f2e7c0a03.09778199', '2016-11-13 00:01:39', 'crowdies'),
('36538fc48079c2e4a6c0126fc40f078ef634cea9', 'testclient', 'will@smiths.com5804d72a1657c7.47660957', '2016-11-16 23:50:36', 'crowdies'),
('369adbaebe7e330f7a9bbb4be436b85d4a928b97', 'testclient', 'kodok@gmail.com57da2f2e7c0a03.09778199', '2016-11-03 11:50:48', 'crowdies'),
('36a406463e615ca71ff22912a671ca3d63bfe5ce', 'testclient', 'william.hidayat@gmail.com57ff7e860c6392.02130567', '2016-11-17 14:01:19', 'crowdies'),
('36b8bfb6065c3c51f95c976f4b62857216915b78', 'testclient', 'agungwy@gmail.com57dac5eb41b2e6.22245882', '2016-09-15 17:01:47', NULL),
('36cb6ec83e194f0cce22165acb9549b9d956a34c', 'testclient', 'ioio@ggg.com580ec792ca2298.19948062', '2016-11-24 12:48:53', 'crowdies'),
('37824813384ecc7bc3e2031f81c1a0861ec72a00', 'testclient', 'steve@jobs.co57d8a4c0cc1ae1.01485974', '2016-10-21 17:51:20', 'bo'),
('381e7ce0442652aa135bcd538149275049844502', 'testclient', 'william.hidayat@gmail.com57d2b3bb031944.08580997', '2016-09-09 17:47:14', 'crowdies'),
('382e193ddded428aa97b5ae2d5fd1a0b0aa4d12d', 'testclient', 'kodok@gmail.com57da2f2e7c0a03.09778199', '2016-11-07 16:16:19', 'crowdies'),
('38352b217ba4e950124f3bd99fb0db7023ca8f3d', 'testclient', 'william.hidayat@gmail.com57ff7e860c6392.02130567', '2016-11-17 14:13:16', 'crowdies'),
('38510bc926dbb681eff491610dccd5cf9dbaa280', 'testclient', 'william.hidayat@gmail.com57ff7e860c6392.02130567', '2016-11-16 12:09:10', 'crowdies'),
('38bf1c6e70965f4638c2a790f7b477afd991f136', 'testclient', 'kodok@gmail.com57da2f2e7c0a03.09778199', '2016-11-24 15:56:41', 'crowdies'),
('39039de29f63da04f81210adacfbda361751da84', 'testclient', 'kodok@gmail.com57da2f2e7c0a03.09778199', '2016-11-09 17:34:19', 'crowdies'),
('391a6f990049813c5880b5862d740fc9a771334d', 'testclient', 'stereo@social.com57da03f7b1f684.64831477', '2016-11-08 18:40:52', 'bo'),
('394f97cf51f7259d1c98a7c8d7d2b949f03b56c7', 'testclient', 'agungwy@gmail.com57d93a52f18b61.99176828', '2016-09-14 13:31:54', 'bo'),
('395ae5004f2e71ddb45450890030c9f5d59618e1', 'testclient', 'stereo@social.com57da03f7b1f684.64831477', '2016-11-23 03:16:40', 'bo'),
('39a302c62fcf4c4bf4bf20907fc0960556f22d0b', 'testclient', 'imthung@hotmail.my580afc9a89c546.04863447', '2016-11-21 15:43:56', 'crowdies'),
('39b3abd8fe49b6f90db92252b55874a1cc82ff9d', 'testclient', 'stereo@social.com57da03f7b1f684.64831477', '2016-09-15 03:14:15', NULL),
('39cc6d43bd2bd04474f31b225ad0f9f83a4ee3a8', 'testclient', 'agungwy@gmail.com57dac62e53ad22.28354613', '2016-11-12 23:19:31', 'bo'),
('39f2303566e950bfeac8449d0e41b011e1f62a08', 'testclient', 'one@d.com5804e0ce72ee76.34465142', '2016-11-19 16:15:55', 'bo'),
('3a027c7b6156d710ce0f6a8d774e0d6935186afc', 'testclient', 'kodok@gmail.com57da2f2e7c0a03.09778199', '2016-11-10 03:08:06', 'crowdies'),
('3a3b7e367a9cc73fd06c90c510957f51c2622b51', 'testclient', 'stereo@social.com57da03f7b1f684.64831477', '2016-11-21 14:24:50', 'bo'),
('3a4f53ad222118176c2802641f6b48855f718494', 'testclient', 'kodok@gmail.com57da2f2e7c0a03.09778199', '2016-11-03 13:10:02', 'crowdies'),
('3a6a9cce4316f11226eae9a8396a24a085975e89', 'testclient', 'will@smiths.com5804d72a1657c7.47660957', '2016-11-16 23:50:34', NULL),
('3a8f1dcdee68e4b5e43464d64c0e7da3a6280ac1', 'testclient', 'kodok@gmail.com57da2f2e7c0a03.09778199', '2016-11-07 17:15:00', 'crowdies'),
('3b016f3222f7eef7bee1c71b5138f83c6eff93ee', 'testclient', 'yanuwicaksana@gmail.com580ebf2014b4d2.11757688', '2016-11-24 12:10:40', NULL),
('3b2db3b0b8c0e564668e363191d76608c53bf62b', 'testclient', 'william.hidayat@gmail.com57ff7e860c6392.02130567', '2016-11-15 16:01:13', 'crowdies'),
('3b50d3c9d06d84bfaf38d72ee45dfc63ea355941', 'testclient', 'agungwy@gmail.com57dac62e53ad22.28354613', '2016-11-10 03:15:28', 'bo'),
('3ba3c7ab6d5a661c7819012f8f600346b55258bd', 'testclient', 'will@smiths.com5804e12733fd53.18819863', '2016-11-17 00:33:11', NULL),
('3bc9794f0e587df920e3ed12d562095fcce5cdb6', 'testclient', 'kodok@gmail.com57da2f2e7c0a03.09778199', '2016-11-09 22:03:03', 'crowdies'),
('3becd8de49bb8e89b4de4c6ce08b72b4552ee9de', 'testclient', 'william.hidayat@gmail.com57ff7ce4493c14.72158385', '2016-11-12 22:24:04', NULL),
('3c72533818e1d6b0290d0c8264c89cd915ef75fd', 'testclient', 'william.hidayat@gmail.com57d2b3bb031944.08580997', '2016-09-09 17:28:49', 'crowdies'),
('3cd9f4af38fea8448355028a3fb78de24c03c51d', 'testclient', 'kodok@gmail.com57da2f2e7c0a03.09778199', '2016-11-24 14:23:29', 'crowdies'),
('3d1dae52d1935e8c073c12d8529a458a56ed0fbc', 'testclient', 'agungwy@gmail.com57dac62e53ad22.28354613', '2016-11-07 16:31:07', 'bo'),
('3dac68dd0e52d9de96dfa1c1c284055ec94b6246', 'testclient', 'kodok@gmail.com57da2f2e7c0a03.09778199', '2016-09-15 11:31:44', 'crowdies'),
('3dcd8dfaf8ef811b664b5f2c008202c968be503c', 'testclient', 'cantyaps@gmail.com57d7cc95c9b0b5.43729868', '2016-09-13 10:53:26', NULL),
('3ddb328351376906eb601110f9a20ad0c86229a4', 'testclient', 'kodok@gmail.com57da2f2e7c0a03.09778199', '2016-11-16 23:42:47', 'crowdies'),
('3e24a4b4a8ff0609bf158e579f712973cba411c5', 'testclient', 'steve@jobs.co57d8a4c0cc1ae1.01485974', '2016-09-14 14:03:13', 'bo'),
('3ea30502ec2d97830311f09b8e5acb8354158ec1', 'testclient', 'kijang@gmail.com580cd20f3f85f6.68770482', '2016-11-23 01:06:55', NULL),
('3ea5897a1a0d0b243c747eddc45c8aa36a241943', 'testclient', 'kodok@gmail.com57da2f2e7c0a03.09778199', '2016-11-10 03:16:08', 'crowdies'),
('3ec08c8fd689b8c48bf70f8d1740f1a26796de9a', 'testclient', 'william.hidayat@gmail.com57ff7e860c6392.02130567', '2016-11-16 22:46:56', 'crowdies'),
('3ecbc0e7541157a671b48069531390ce4d3c776d', 'testclient', 'william.hidayat@gmail.com57ff7e860c6392.02130567', '2016-11-17 23:41:12', 'crowdies'),
('3ed32d3e2e8e08309959d5298e214a4c3bd684d3', 'testclient', 'kodok@gmail.com57da2f2e7c0a03.09778199', '2016-11-10 02:28:12', 'crowdies'),
('3f02778e9fe02b5488dfb62a596b29622e5bfeee', 'testclient', 'yohanakanisia@gmail.com57ff834d96ba87.78176813', '2016-11-16 21:24:44', 'bo'),
('3f2ed6aed8570a960609e11c9ff9926b4d291ff9', 'testclient', 'stereo@social.com57da03f7b1f684.64831477', '2016-11-15 23:08:49', 'bo'),
('3f69812d8f1d5ae77e7845b5c165307840ff7384', 'testclient', 'kodok@gmail.com57da2f2e7c0a03.09778199', '2016-11-07 16:16:11', 'crowdies'),
('3fdfba147e62c91aaec8096ddf95cd2c1b1d1634', 'testclient', 'william.hidayat@gmail.com57ff7e860c6392.02130567', '2016-11-17 23:37:03', 'crowdies'),
('3fea7e6d287f6346f4a2d4612282945f8871c212', 'testclient', 'kodok@gmail.com57da2f2e7c0a03.09778199', '2016-11-24 15:52:20', 'crowdies'),
('405a88d61889a3545f5623b2fc4c76327416d1ba', 'testclient', 'william.hidayat@gmail.com57ff7e860c6392.02130567', '2016-11-18 20:35:01', 'crowdies'),
('40d490cdfe023adf9dcc7b3fa8e359360347f490', 'testclient', 'kodok@gmail.com57da2f2e7c0a03.09778199', '2016-11-07 15:36:00', 'crowdies'),
('4154589a827c8784610e808ecaa523a94721f63f', 'testclient', 'william.hidayat16@gmail.com57d69fbea6fe62.05858720', '2016-09-12 13:29:51', NULL),
('41f5d6e0d571338911edc8748982df3aa58dbe6e', 'testclient', 'agungwy@gmail.com57d93a52f18b61.99176828', '2016-09-14 14:17:12', 'bo'),
('426c4779971a64d0766755b46875d07f2d5827bd', 'testclient', 'stereo@social.com57da03f7b1f684.64831477', '2016-11-23 02:32:33', 'bo'),
('4281ec3691b5a3b7f49bc80c5b77a8fa60a0a792', 'testclient', 'agungwy@gmail.com57d93a52f18b61.99176828', '2016-09-14 14:36:50', 'bo'),
('428ec8ba27b2edc20df91f7c1e4f7385af87b383', 'testclient', 'william.hidayat@gmail.com57ff7e860c6392.02130567', '2016-11-17 12:22:12', 'crowdies'),
('42917caa774a7f59806812452f97372edfb09fed', 'testclient', 'agungwy@gmail.com57dac62e53ad22.28354613', '2016-11-07 19:18:09', 'bo'),
('42a898c088b1da6ecdc1208c8050eee67d5fd442', 'testclient', 'william.hidayat@gmail.com57ff7ce4493c14.72158385', '2016-11-12 22:24:08', 'crowdies'),
('43c5ff00557a40d3cc2d197e7e05bd7b6e8d10a9', 'testclient', 'agungwy@gmail.com57d93a52f18b61.99176828', '2016-09-14 13:51:13', 'bo'),
('43fb887000afd84f353db27a765210c8ade2ad82', 'testclient', 'stereo@social.com57da03f7b1f684.64831477', '2016-11-08 22:22:42', 'bo'),
('442d1c3e2411780040578dc689225f88b20692eb', 'testclient', 'kodok@gmail.com57da2f2e7c0a03.09778199', '2016-11-13 14:32:48', 'crowdies'),
('4468c213b5a5909e5712d94bbee62241e4ea733d', 'testclient', 'kodok@gmail.com57da2f2e7c0a03.09778199', '2016-11-10 12:27:07', 'crowdies'),
('447a7c0f6415b30c385479925a73287d3d0a5adb', 'testclient', 'asdd@gmail.com580e91de3da8a9.83833202', '2016-11-24 08:57:34', NULL),
('448b4ac51560b39b348f88e37e5786e7ed3ab272', 'testclient', 'sadasa@gmail.com57ffaceea562c9.66380871', '2016-11-13 01:49:03', NULL),
('44a80ded51a556ccd82fe406b4117c0b4d2c020c', 'testclient', 'mother@fucker.com57d7d7ae9411b2.48166284', '2016-09-13 11:40:46', NULL),
('44bcfb7ac8a4a2febad5bf08227cfafbb039b1fc', 'testclient', 'william.hidayat@gmail.com57d2b3bb031944.08580997', '2016-09-09 17:28:27', 'crowdies'),
('450dda3a4c06cd73a3cf1d0bc1b9dc4257336ec1', 'testclient', 'william.hidayat@gmail.com57ff7e860c6392.02130567', '2016-11-18 12:55:15', 'crowdies'),
('4524a556b239bf4a679eb46be360c0fec2bd1bd9', 'testclient', 'jonathan.holland8@gmail.com580ecd0d7db529.08950482', '2016-11-24 13:10:05', NULL),
('456e52f126ba92a99c8963db3691c9e0dbd9bc2c', 'testclient', 'agungwy@gmail.com57dac62e53ad22.28354613', '2016-11-24 12:30:39', 'bo'),
('459ab6783a9c87f9fdd5b63b86bf126227ed17ff', 'testclient', 'son@bitch.com57d7d7dd26feb5.71227255', '2016-09-13 11:41:33', NULL),
('45f1ce494d071fa399ef14e25c0d370c7222dc6c', 'testclient', 'one@d.com58035f0051ca00.10120573', '2016-11-15 21:05:36', NULL),
('4613a3f720efb9c031ee46296f861dae98159310', 'testclient', 'kodok@gmail.com57da2f2e7c0a03.09778199', '2016-09-15 16:58:45', 'crowdies'),
('461cbccb58ee132c24fcb65fba7b8c809638d0db', 'testclient', 'kodok@gmail.com57da2f2e7c0a03.09778199', '2016-11-09 21:03:49', 'crowdies'),
('472bb3c333b7debb10824542f5d9dfaeeb0845c3', 'testclient', 'agungwy@gmail.com57dac62e53ad22.28354613', '2016-09-15 17:02:54', NULL),
('473eb07dbe4059a7a2dcecc77439bbf79acec30b', 'testclient', 'katak@gmail.com57f33e1411d5b4.11973478', '2016-11-10 01:08:42', 'crowdies'),
('47eb102c223057ef017a6ceffdf15878ce2ef71f', 'testclient', 'agungwy@gmail.com57dac62e53ad22.28354613', '2016-11-11 19:51:13', 'bo'),
('489c8304b3b5e90d7bce5606c16e94b99f6f203a', 'testclient', 'william.hidayat@gmail.com57ff7e860c6392.02130567', '2016-11-17 11:56:05', 'crowdies'),
('48f5b984d49ca88c65fc409f3addbf01fe10dfd3', 'testclient', 'stereo@social.com57da03f7b1f684.64831477', '2016-11-21 10:36:38', 'bo'),
('49017a6700fc4af75c762b7edd552f4bdb43974f', 'testclient', 'kodok@gmail.com57da2f2e7c0a03.09778199', '2016-11-12 22:57:10', 'crowdies'),
('49067712f265ded341b70e31e49170ab186284a9', 'testclient', 'stereo@social.com57da03f7b1f684.64831477', '2016-11-23 14:14:45', 'bo'),
('49298d405a6aee85d1a5a233929c79fc6616d46c', 'testclient', 'kodok@gmail.com57da2f2e7c0a03.09778199', '2016-11-07 16:06:24', 'crowdies'),
('49905c4035e471c830c2fe952f854f586b70b220', 'testclient', 'agungwy@gmail.com57dac62e53ad22.28354613', '2016-11-06 00:59:24', 'bo'),
('49f66f48e3143beaeb37580fbe36b3c912e2582d', 'testclient', 'kodok@gmail.com57da2f2e7c0a03.09778199', '2016-11-07 15:46:51', 'crowdies'),
('4a4be459bbb89f1d4962e01819af386aebeef3a0', 'testclient', 'kodok@gmail.com57da2f2e7c0a03.09778199', '2016-11-12 23:23:34', 'crowdies'),
('4adf5bb8d1d99ce7d1d35181275c8c620b392149', 'testclient', 'lionel@mes.si57da70a2d2e163.47725690', '2016-09-15 10:57:55', NULL),
('4b4ca866839aefb12da9a133eda8367e729d5ca0', 'testclient', 'kangguru@gmail.com580dec3a07cf45.48438081', '2016-11-23 21:10:50', NULL),
('4b816079dcfe33ce5813ae67461a9d74e3358d19', 'testclient', 'stereo@social.com57da03f7b1f684.64831477', '2016-11-09 22:09:16', 'bo'),
('4b9fa2144a3cbe65dc76ca477f6af6ddcd780d9c', 'testclient', 'steve@jobs.co57d8a4c0cc1ae1.01485974', '2016-09-14 15:53:41', 'bo'),
('4bc67f2ee703fb6c6c634b3b9b237abe4490dec5', 'testclient', 'test@hotmail.com580ec73ca76ed2.34905802', '2016-11-24 12:45:17', NULL),
('4bd077e370bea18ea6b1efc74b04a4bdbb033146', 'testclient', 'stereo@social.com57da03f7b1f684.64831477', '2016-11-23 03:34:03', 'bo'),
('4c2a5ff540f6de2f7b40462c535f8ac3fd099701', 'testclient', 'one@d.com580aa297548c16.31588117', '2016-11-23 01:23:23', 'bo'),
('4c44967bca905c1c000ba767a8f08c6422e06165', 'testclient', 'stanleyyau95@hotmail.com57f78abd594894.00746573', '2016-11-07 14:28:52', 'crowdies'),
('4c7827b645c8f98b195d97804f15d7cbb02f359e', 'testclient', 'kodok@gmail.com57da2f2e7c0a03.09778199', '2016-11-07 15:48:47', 'crowdies'),
('4c8b15adfb0b7123982c932ecbab730084ef5c49', 'testclient', 'william.hidayat@gmail.com57ff4d7cbaf8c8.09002507', '2016-11-12 19:15:50', NULL),
('4cbc3e0f15fd5e2f503f4a1ee2d447d5a270cf32', 'testclient', 'agungwy@gmail.com57d93a52f18b61.99176828', '2016-09-14 14:13:18', 'bo'),
('4d11c40e693ab03d39e286b74f535190ce9545e9', 'testclient', 'agungwy@gmail.com57dac62e53ad22.28354613', '2016-11-23 01:24:43', 'bo'),
('4d403378fc47551f4f85455d4f0ef46b5123626e', 'testclient', 'stereo@social.com57da03f7b1f684.64831477', '2016-11-16 23:40:33', 'bo'),
('4d9200563809d4fa281da860338d00cf17f1da2a', 'testclient', 'kodok@gmail.com57da2f2e7c0a03.09778199', '2016-11-08 20:14:56', 'crowdies'),
('4de0408474c631ff48e13cbbea007b49d95ef41e', 'testclient', 'www@html.com58085dd28595b2.43935638', '2016-11-19 16:14:00', 'crowdies'),
('4decd6816709682db0b0362cb4772b467ce63973', 'testclient', 'bshaffer@gmail.com57d378aa784614.03958496', '2016-09-09 18:11:53', NULL),
('4e2e1adef659a2e0dc15250af6485853d16d278a', 'testclient', 'kodok@gmail.com57da2f2e7c0a03.09778199', '2016-11-08 20:20:03', 'crowdies'),
('4e46f470519c4ceebeac8da242b028b9275c3ab6', 'testclient', 'kodok@gmail.com57da2f2e7c0a03.09778199', '2016-11-05 21:14:20', 'crowdies'),
('4e6838a67e48a3ffd1537c098c83ae0a39df656e', 'testclient', 'william.hidayat@gmail.com57ff7e860c6392.02130567', '2016-11-18 00:13:57', 'crowdies'),
('4eb17b13f116eff0638d14c3d676288db8ab5a5b', 'testclient', 'william.hidayat@gmail.com57ff7e860c6392.02130567', '2016-11-18 20:22:37', 'crowdies'),
('4f0471334075605b7f70127fd9ad9b689061cd4a', 'testclient', 'stereo@social.com57da03f7b1f684.64831477', '2016-11-21 00:56:50', 'bo'),
('4f096ddcccc9570bcdc3516be9b3a9a263d0c971', 'testclient', 'agungwy@gmail.com57dac62e53ad22.28354613', '2016-11-11 16:09:56', 'bo'),
('4f0b8d3cf383963a8901f9514df442d4420d3e1c', 'testclient', 'oscar_777@hotmail.com580ddb78a41593.68682684', '2016-11-23 19:59:20', NULL),
('4fe9b51f5e771b7db234bd54ddffd7ca30f3a774', 'testclient', 'stereo@social.com57da03f7b1f684.64831477', '2016-11-15 22:23:31', 'bo'),
('505daca70299afe631c8651220e484ad73e23319', 'testclient', 'agungwy@gmail.com57dac62e53ad22.28354613', '2016-11-24 14:27:22', 'bo'),
('50897dd42cc5b4c3092ee904e129ab894ee3fd3f', 'testclient', 'kodok@gmail.com57da2f2e7c0a03.09778199', '2016-11-07 19:08:41', 'crowdies'),
('50ba380f1eb3b9a81e2a5fa77bf8c9d5005ae63f', 'testclient', 'stereo@social.com57da03f7b1f684.64831477', '2016-11-18 20:28:30', 'bo'),
('50d75c3d2252ac4ae686853eb046260e05075f20', 'testclient', 'stereo@social.com57da03f7b1f684.64831477', '2016-11-15 18:35:10', 'bo'),
('50e680b2e3db376764bea6e7a80566bde09e0acb', 'testclient', 'stereo@social.com57da03f7b1f684.64831477', '2016-11-15 23:20:40', 'bo'),
('5104dd4f94358fe2884a9fb772b8278615580863', 'testclient', 'william.hidayat@gmail.com57ff7e860c6392.02130567', '2016-11-19 13:48:26', 'crowdies'),
('51131b6fad2126bc1ad0ce50cda9c39433eed532', 'testclient', 'agungwy@gmail.com57d93a52f18b61.99176828', '2016-09-14 12:59:48', 'bo'),
('51249c19945436101be2ec971b90598c3a57c9a7', 'testclient', 'kenny.hidayat@gmail.com580da4dc62b8c3.74327694', '2016-11-23 16:06:20', NULL),
('5128460aafa8060c04a8123e8357d325be9817d8', 'testclient', 'william.hidayat@gmail.com57ff7e860c6392.02130567', '2016-11-17 17:08:59', 'crowdies'),
('51414d44db1c44f245bfb31e89c323807c33bdb3', 'testclient', 'agungwy@gmail.com57dac62e53ad22.28354613', '2016-11-10 02:26:22', 'bo'),
('5145063dc60d8f72180da8701403410a53075ea8', 'testclient', 'agungwy@gmail.com57dac62e53ad22.28354613', '2016-11-10 02:38:07', 'bo'),
('5181f6ec3e42240828e23c5829a39a2568c332f9', 'testclient', 'steve@jobs.co57d8a4c0cc1ae1.01485974', '2016-10-20 12:17:34', 'bo'),
('51a8de7d6546d5252457614f2e86c19c463d1147', 'testclient', 'steve@jobs.co57d8a4c0cc1ae1.01485974', '2016-11-23 03:01:00', 'bo'),
('51bb1aac0778fe4e3964a9ef501590ea6361f77c', 'testclient', 'william.hidayat@gmail.com57ff7e860c6392.02130567', '2016-11-14 10:47:41', 'crowdies'),
('52674690ee264c33a4a973d2a1de4c7a4d0530e2', 'testclient', 'william.hidayat@gmail.com57ff7e860c6392.02130567', '2016-11-17 14:04:03', 'crowdies'),
('5275324c6081ff69dcd7b5b69b7b1434a1002acd', 'testclient', 'agungwy@gmail.com57dac62e53ad22.28354613', '2016-11-07 14:36:04', 'bo'),
('527551c246786dd99bf18a0cad558119384fee6a', 'testclient', 'agungwy@gmail.com57d93a52f18b61.99176828', '2016-09-14 15:53:01', 'bo'),
('527b4011a9b472e7f13209d51f4fd4e5e778858d', 'testclient', 'agungwy@gmail.com57dac62e53ad22.28354613', '2016-11-11 20:31:46', 'bo'),
('52b835196aa1e1eb4f66b4eef2568d6c0dcc8ef4', 'testclient', 'agungwy@gmail.com57dac62e53ad22.28354613', '2016-11-10 01:54:30', 'bo'),
('52ec2656cb6c118667a160f90094dcd1a1f72265', 'testclient', 'stereo@social.com57da03f7b1f684.64831477', '2016-11-24 15:11:09', 'bo'),
('53086e2e787ee60f174fef79643806c9827ace7d', 'testclient', 'agungwy@gmail.com57dac62e53ad22.28354613', '2016-11-06 01:49:41', 'bo'),
('5374f0ec032bf93a8667cad9e0f50f37481d353e', 'testclient', 'agungwy@gmail.com57dac62e53ad22.28354613', '2016-11-07 14:29:59', 'bo'),
('537501fcbbe0828617a7dc3b262abd970ddd10e8', 'testclient', 'hahag@gmail.com580ee363b6f7f2.69931625', '2016-11-24 14:45:29', 'crowdies'),
('537b326ae6662868c92aec0a11b027cdb24b3a79', 'testclient', 'william.hidayat@gmail.com57d2b3bb031944.08580997', '2016-09-11 05:54:22', 'crowdies'),
('53826e15306b7a1a0ef73001459d5a23478ccb6e', 'testclient', 'agungwy@gmail.com57dac62e53ad22.28354613', '2016-11-10 01:52:17', 'bo'),
('53a4a40af7282f63916dcd133cb68bca965546ad', 'testclient', 'william.hidayat@gmail.com57ff7e860c6392.02130567', '2016-11-17 14:21:11', 'crowdies'),
('542a5814510c67db5694ab4d0cefc51c2071cc12', 'testclient', 'kodok@gmail.com57da2f2e7c0a03.09778199', '2016-11-03 00:02:24', 'crowdies'),
('5450f4aba02ff9c4fb21acd2b7ca543f8bdd5a48', 'testclient', 'stereo@social.com57da03f7b1f684.64831477', '2016-11-07 18:36:51', 'bo'),
('546a3978833c2c659864bfe548c3c2985c0fc3a3', 'testclient', 'steve@jobs.co57d8a4c0cc1ae1.01485974', '2016-09-14 02:30:24', 'bo'),
('5537d1b496a629aed8065aec5c21d641cd6f7a81', 'testclient', 'hakeemrdaud@gmail.com57e09631d524f9.20511441', '2016-11-23 17:26:36', 'crowdies'),
('5577e9fa7372ee897bb17db3b73b12be1904ec6a', 'testclient', 'kodok@gmail.com57da2f2e7c0a03.09778199', '2016-11-16 23:52:08', 'crowdies'),
('55945caf28e77f37a49de5a75fd292ce9d6c95b2', 'testclient', 'kodok@gmail.com57da2f2e7c0a03.09778199', '2016-11-07 15:05:05', 'crowdies'),
('55d1c20c516fa9a33d4639fadba0fcfed37c017b', 'testclient', 'imthung@hotmail.my580afc9a89c546.04863447', '2016-11-21 15:43:54', NULL),
('56045887f57b49e31046fd285cfc5fa64e09997f', 'testclient', 'agungwy@gmail.com57dac62e53ad22.28354613', '2016-11-07 23:18:18', 'bo'),
('560fed63991378586490350a760cc5e9e874767a', 'testclient', 'stereo@social.com57da03f7b1f684.64831477', '2016-11-20 14:12:00', 'bo'),
('561bb23a8d24e5eb754812b6c1706fb73aa718e9', 'testclient', 'stanley.hidayat@mmm.com57d80f176d1a03.95466005', '2016-09-13 15:37:11', NULL),
('56330adbc731eb3782cc23328543bc3f7f64f3d1', 'testclient', 'kodok@gmail.com57da2f2e7c0a03.09778199', '2016-11-21 21:43:25', 'crowdies'),
('567a7d17b5d37b249b7e76e0e8753c031a9340fa', 'testclient', 'one@d.com58035f0051ca00.10120573', '2016-11-15 21:05:39', 'bo'),
('569bff72c674bcd2187d2771f5567f19ce7a622f', 'testclient', 'agungwy@gmail.com57dac62e53ad22.28354613', '2016-11-06 01:45:21', 'bo'),
('56a7624fb40ea3c27abeaaff07a6d1688eb46bdf', 'testclient', 'kodok@gmail.com57da2f2e7c0a03.09778199', '2016-11-08 20:57:15', 'crowdies'),
('570bc0adeb3ea3196f16fe40600549047d82f2bf', 'testclient', 'william.hidayat@gmail.com57d75af99cad40.31995365', '2016-09-13 02:48:42', NULL),
('57549cfe70ac8f14bce08803721d9c2527534267', 'testclient', 'agungwy@gmail.com57d93a52f18b61.99176828', '2016-09-14 14:18:47', 'bo'),
('57902ae4fb6e1978d15658a884cbddffb37efed1', 'testclient', 'william.hidayat@gmail.com57ff7e860c6392.02130567', '2016-11-23 15:51:52', 'crowdies'),
('5797e2109cf50a59cdbc96e6edd1114296b00adf', 'testclient', 'kodok@gmail.com57da2f2e7c0a03.09778199', '2016-11-08 20:38:11', 'crowdies'),
('57cb8e186bcc49d2904b4dd40ab16f8fb1d4bc9e', 'testclient', 'semut@gmail.com580cde991479d5.13456985', '2016-11-23 02:00:27', 'crowdies'),
('58134ba0b368f20b6a8da24e73692cf206180142', 'testclient', 'kodok@gmail.com57da2f2e7c0a03.09778199', '2016-11-10 12:22:57', 'crowdies'),
('5830fb78afcbd42870068fa5cbf5dbaf0b122901', 'testclient', 'stereo@social.com57da03f7b1f684.64831477', '2016-11-15 20:00:38', 'bo'),
('58315fb236587ab4b90681b1ec56ac514eade774', 'testclient', 'kodok@gmail.com57da2f2e7c0a03.09778199', '2016-11-07 16:09:14', 'crowdies'),
('584a4b7a4d1201c84e54fe6b1e42151684329745', 'testclient', 'stereo@social.com57da03f7b1f684.64831477', '2016-11-18 12:42:57', 'bo'),
('58584753a8e03f05d3cff6e823bb4096b37b2ca9', 'testclient', 'william.hidayat@gmail.com57ff7e860c6392.02130567', '2016-11-18 17:09:40', 'crowdies'),
('586e98178a106021ca9d366655318ef2848c5de0', 'testclient', 'stereo@social.com57da03f7b1f684.64831477', '2016-11-16 23:17:32', 'bo');
INSERT INTO `oauth_access_tokens` (`access_token`, `client_id`, `user_id`, `expires`, `scope`) VALUES
('58ed0fb1bfb4a9bd4a44e8045090c6cd273e0ec4', 'testclient', 'hakeemrdaud@gmail.com57e09631d524f9.20511441', '2016-11-24 12:54:58', 'crowdies'),
('5977b78634b81e352f982dd96d1055e4759c8ad4', 'testclient', 'io@io.com57d802aa074a83.06084282', '2016-09-13 14:44:10', NULL),
('598cc070f822c057b5e741cf740ba33bd7a17e05', 'testclient', 'agungwy@gmail.com57d93a52f18b61.99176828', '2016-09-14 14:09:19', 'bo'),
('5a09ec54250babb17e06a6403c0e4069b7864881', 'testclient', 'kenny.hidayat@gmail.com580da88159a662.89241037', '2016-11-23 16:21:53', NULL),
('5ae35522e17d9af11312a18126c448d100da6c92', 'testclient', 'agungwy@gmail.com57d93a52f18b61.99176828', '2016-09-14 15:24:26', 'bo'),
('5afec61d14bd318aba91c68ca35fcd4499107a6c', 'testclient', 'kodok@gmail.com57da2f2e7c0a03.09778199', '2016-11-02 23:21:11', 'crowdies'),
('5b5612953b761ebf1631ea6d4b522cb5f36cc835', 'testclient', 'kodok@gmail.com57da2f2e7c0a03.09778199', '2016-11-07 14:59:39', 'crowdies'),
('5ba7da6b76e3f54aea6b75f5f919e7ac9a4f0c23', 'testclient', 'agungwy@gmail.com57dac62e53ad22.28354613', '2016-11-10 01:35:38', 'bo'),
('5bca2d23126207a91725c876f3560c3ed847b00f', 'testclient', 'william.hidayat@gmail.com57d2b3bb031944.08580997', '2016-09-09 17:32:12', 'crowdies'),
('5bd2d40c7f1f1d93ba8714381dbcef5281cd2aff', 'testclient', 'koala@gmail.com580de51c71ee77.63713108', '2016-11-23 20:40:30', 'crowdies'),
('5c011512f040d34c4258a8a6cd3683736f92b2ad', 'testclient', 'stereo@social.com57da03f7b1f684.64831477', '2016-11-15 21:28:21', 'bo'),
('5cf35804f260605b25653134f18ea9b2b62b1a11', 'testclient', 'loh_eethung@hotmail.com580afbf36af505.15168747', '2016-11-21 15:41:16', 'bo'),
('5dd154932d40fdeb4a23c9c8dbae704daf248f56', 'testclient', 'william.hidayat@gmail.com57ff7e860c6392.02130567', '2016-11-16 23:42:20', 'crowdies'),
('5de688232f22a1121dc78a0f65a2fc694cc8ab4d', 'testclient', 'kodok@gmail.com57da2f2e7c0a03.09778199', '2016-11-10 02:59:21', 'crowdies'),
('5e548dec5ab547daf38333fde067d28c25e11262', 'testclient', 'kodok@gmail.com57da2f2e7c0a03.09778199', '2016-11-07 19:14:27', 'crowdies'),
('5e817248bb69471ca62f48ad5cd0161915ecfe9b', 'testclient', 'william.hidayat@gmail.com57ff7e860c6392.02130567', '2016-11-21 08:54:46', 'crowdies'),
('5e949fee8ff1990f2981f2f0d76be2b004dc9e83', 'testclient', 'kodok@gmail.com57da2f2e7c0a03.09778199', '2016-11-15 18:42:40', 'crowdies'),
('5ecf93fe5630c8488d21cf7fd2b0ef492a749153', 'testclient', 'stereo@social.com57da03f7b1f684.64831477', '2016-11-24 15:13:27', 'bo'),
('5f17eb30884201bcdc945f57e9d18c3dd86ded43', 'testclient', 'stereo@social.com57da03f7b1f684.64831477', '2016-11-19 13:47:56', 'bo'),
('5f41c5d78b72decf972d32377533762c81da44c3', 'testclient', 'agungwy@gmail.com57dac62e53ad22.28354613', '2016-11-06 14:29:10', 'bo'),
('5f92d024963dd446ad3846ea5ac367efd5d15e2f', 'testclient', 'one@d.com5804e0ce72ee76.34465142', '2016-11-19 16:22:21', 'bo'),
('5fb339b1348b37eef7c4407ee802c4a526475dbf', 'testclient', 'william.hidayat@gmail.com57d2b3bb031944.08580997', '2016-09-12 16:26:40', 'bo'),
('5fc0fe3ff87876e8a22a94c0576a5ffb7b3f6966', 'testclient', 'agungwy@gmail.com57dac62e53ad22.28354613', '2016-09-15 17:06:50', 'bo'),
('60144dd30c2965b0a156bd5d22af63b421a29386', 'testclient', 'doe@done.com57db7df30bb580.31962966', '2016-11-19 16:21:41', 'bo'),
('6065c5ca33901bad66911c6997e0ca3dd2c14c1d', 'testclient', 'agungwy@gmail.com57d93a52f18b61.99176828', '2016-09-14 14:21:35', 'bo'),
('6073bc3c2e60b206cbae9c5b77999153db140a77', 'testclient', 'william.hidayat@gmail.com57ff7e860c6392.02130567', '2016-11-16 23:02:15', 'crowdies'),
('60abc0d514b150f31f7477f0fa54692e1128b283', 'testclient', 'william.hidayat@gmail.com57ff7e860c6392.02130567', '2016-11-19 13:44:12', 'crowdies'),
('60d72fb723897a6d836eb15051888c0d96c39381', 'testclient', 'agungwy@gmail.com57dac62e53ad22.28354613', '2016-11-06 02:24:27', 'bo'),
('6100483e38426310424b9474f03497d3c7f9684a', 'testclient', 'kodok@gmail.com57da2f2e7c0a03.09778199', '2016-11-10 12:30:50', 'crowdies'),
('6159a439fe825b440556440e2c8511ad9d353109', 'testclient', 'william.hidayat@gmail.com57ff7e860c6392.02130567', '2016-11-17 21:03:45', 'crowdies'),
('61738e471b7091db5ca417c308999bb2b333c846', 'testclient', 'william.hidayat@gmail.com57ff7e860c6392.02130567', '2016-11-15 18:07:39', 'crowdies'),
('6189321e731954c141d62915bf32d6b06ebf7a13', 'testclient', 'steve@jobs.co57d8a4c0cc1ae1.01485974', '2016-11-11 20:37:55', 'bo'),
('6189a09d4ca15630e2fb6def81c6ece99fb502ae', 'testclient', 'steve@jobs.co57d8a4c0cc1ae1.01485974', '2016-11-23 02:58:37', 'bo'),
('61911263d3e4fbf0be3648e26ea1db86a8ac9fcd', 'testclient', 'william.hidayat@gmail.com57d75cf46d7d74.35068244', '2016-09-13 02:57:08', NULL),
('61e139c0e55222df945088adb458fec8cefd0f38', 'testclient', 'loh_eethung@hotmail.com580afbf36af505.15168747', '2016-11-21 15:41:07', NULL),
('61fe51c35c3ec8bb9aacf33364b73443a8530eda', 'testclient', 'william.hidayat@gmail.com57ff7e860c6392.02130567', '2016-11-18 00:49:08', 'crowdies'),
('620833ab14fa71ba8ed16314b85c58b7ce44e976', 'testclient', 'steve@jobs.co57d8a4c0cc1ae1.01485974', '2016-09-14 15:22:43', 'bo'),
('62b1e72d30555f69aa0644a6881f9058851d5ac9', 'testclient', 'agungwy@gmail.com57d93a52f18b61.99176828', '2016-09-14 14:02:41', 'bo'),
('62c045f41af52445f14f186c99ae7ba79def510f', 'testclient', 'rage@s.com57d804e2705a34.48665830', '2016-09-13 14:53:39', NULL),
('63011c1433475305bc6ac5909fee6f338773d986', 'testclient', 'kodok@gmail.com57da2f2e7c0a03.09778199', '2016-11-03 11:59:16', 'crowdies'),
('632352bfe2c854cb9633d14dc650e4387c98eef0', 'testclient', 'yanuwicaksana@gmail.com580ebf2014b4d2.11757688', '2016-11-24 12:10:43', 'bo'),
('636012602d73404a011d2c1b2da551f76115381e', 'testclient', 'kodok@gmail.com57da2f2e7c0a03.09778199', '2016-11-22 23:11:05', 'crowdies'),
('63779de754f275a9ae42c7f51a77e2955ef859bf', 'testclient', 'kodok@gmail.com57da2f2e7c0a03.09778199', '2016-11-10 01:06:32', 'crowdies'),
('63aa5e5ea7c6308a051ce46d48dfd103ce753b06', 'testclient', 'bshaffer@gmail.com57d378aa784614.03958496', '2016-09-10 06:01:53', 'bo'),
('63b0d12d50a8fe63c16be12ac34e3e79527b861e', 'testclient', 'kodok@gmail.com57da2f2e7c0a03.09778199', '2016-10-16 04:39:18', 'crowdies'),
('63cbb6eb0caeb2f74705c2e209e1efd63156743d', 'testclient', 'kodok@gmail.com57da2f2e7c0a03.09778199', '2016-10-16 05:05:11', 'crowdies'),
('63e98b7e4f5f1bc2183107f8b0c148d7e7e2c96f', 'testclient', 'agungwy@gmail.com57dac62e53ad22.28354613', '2016-11-10 02:23:27', 'bo'),
('640b4d988d1b513847a3ab3c3a9b95bb7379d1ab', 'testclient', 'agungwy@gmail.com57d93a52f18b61.99176828', '2016-09-14 15:15:38', 'bo'),
('64faff1ff8570d254bee3dd965400be94a65bdae', 'testclient', 'agungwy@gmail.com57dac62e53ad22.28354613', '2016-11-23 02:51:40', 'bo'),
('6578bbe4afdd10fa31be50a77e059ba2812e2c41', 'testclient', 'agungwy@gmail.com57dac62e53ad22.28354613', '2016-11-06 01:32:16', 'bo'),
('658bdff0d72c1d1ce2f591dbe75aff7e6b238447', 'testclient', 'cantyaps@gmail.com57d7d23127c431.00638134', '2016-09-13 11:17:21', NULL),
('6591be7fd6acb2321762f4e82a4cd1692129c052', 'testclient', 'kodok@gmail.com57da2f2e7c0a03.09778199', '2016-11-22 00:07:34', 'crowdies'),
('65ae8c7f9f7dba719a5d5fcfa0c052253aea9c41', 'testclient', 'bshaffer@gmail.com57d378aa784614.03958496', '2016-09-11 05:53:52', 'bo'),
('661b13f03f6e172376c2dab0ca2793560733b25f', 'testclient', 'william.hidayat@gmail.com57ff7e860c6392.02130567', '2016-11-23 02:32:17', 'crowdies'),
('667dc64d2fe258a35ab437d62885a29410b369ad', 'testclient', 'agungwy@gmail.com57d93a52f18b61.99176828', '2016-09-14 14:15:42', 'bo'),
('668da30e672f605edb7614593affb6ffe1f559da', 'testclient', 'stereo@social.com57da03f7b1f684.64831477', '2016-11-23 15:56:21', 'bo'),
('66fdb79664115665acfbd98d7c78416969069bef', 'testclient', 'www@html.com58085dd28595b2.43935638', '2016-11-23 15:37:45', 'crowdies'),
('67384612a7d34f72ea9ac59d75cd10e97b48bf55', 'testclient', 'william.hidayat@gmail.com57ff7e860c6392.02130567', '2016-11-17 14:02:33', 'crowdies'),
('6751a0f1f8eb51b46456188456d047fd8fbae75d', 'testclient', 'stereo@social.com57da03f7b1f684.64831477', '2016-11-15 18:32:27', 'bo'),
('676ff493c7088b7f295c36eff75d5bdf4aff0e0f', 'testclient', 'stanley@ipkiss.com57d81239201060.33044430', '2016-09-13 15:50:33', NULL),
('678cd6b1eb6967c539257eb61809837652727f39', 'testclient', 'kodok@gmail.com57da2f2e7c0a03.09778199', '2016-11-10 00:14:17', 'crowdies'),
('67982be3e0defd157295b803728f6ccc38343c83', 'testclient', 'william.hidayat@gmail.com57d2b3bb031944.08580997', '2016-09-12 16:20:49', 'bo'),
('67f49ccd7d5100196f9bf8b265634daed3cf4992', 'testclient', 'kodok@gmail.com57da2f2e7c0a03.09778199', '2016-11-10 01:29:26', 'crowdies'),
('68229b6834952600e4400fc92712c033761d0312', 'testclient', 'william.hidayat@gmail.com57ff7e860c6392.02130567', '2016-11-21 00:57:22', 'crowdies'),
('687a9d2920eb1df3ec416da757bb6b0e9f17c8fb', 'testclient', 'asdas@gmail.co57ff8b2ad8b837.78556994', '2016-11-12 23:25:00', NULL),
('68b039b72e9c514ed48229ff209303dde6e46d33', 'testclient', 'kodok@gmail.com57da2f2e7c0a03.09778199', '2016-11-08 19:30:38', 'crowdies'),
('68dccb4ad017d453c013a5ee5ecb02cbc42ecb9a', 'testclient', 'stanleyyau95@hotmail.com57f78abd594894.00746573', '2016-11-06 21:46:53', 'crowdies'),
('690f00859f912d0268a7bb44e4af0a30c243cabe', 'testclient', 'agungwy@gmail.com57d57c64ac1895.24310076', '2016-09-12 05:14:23', 'crowdies'),
('6927b136c1cbdd9d35acabb0bd7bc1747a0070c4', 'testclient', 'agungwy@gmail.com57dac62e53ad22.28354613', '2016-11-05 21:08:31', 'bo'),
('694f628a5c4e8b38733d47ae7c1a5d4e3287db84', 'testclient', 'kodok@gmail.com57da2f2e7c0a03.09778199', '2016-11-03 13:14:01', 'crowdies'),
('699883715ea29abcf2c717ae81313f1444719b75', 'testclient', 'agungwy@gmail.com57dac62e53ad22.28354613', '2016-11-23 01:19:42', 'bo'),
('6a6b497a53f0a944ebc007333c3f270c59909c3f', 'testclient', 'kodok@gmail.com57da2f2e7c0a03.09778199', '2016-11-10 12:06:40', 'crowdies'),
('6aa2b2b93ea7570ca4433d37849b645e39ce0dbb', 'testclient', 'kodok@gmail.com57da2f2e7c0a03.09778199', '2016-11-24 16:05:01', 'crowdies'),
('6ad24a34b2be396e76db89fbd268cefb038f08a7', 'testclient', 'kodok@gmail.com57da2f2e7c0a03.09778199', '2016-11-08 19:46:19', 'crowdies'),
('6bb9c9120a2092ba6871c39826a2f85bab279c78', 'testclient', 'agungwy@gmail.com57d93a52f18b61.99176828', '2016-09-14 14:40:04', 'bo'),
('6c08c1ccdb66819cb84ee19b3ac26f1bc93ccee3', 'testclient', 'kenny.hidayat@gmail.com580da8dcab5270.35514214', '2016-11-23 16:23:24', NULL),
('6c2e12c764488f7253398a4d0df6821f328ebf58', 'testclient', '123@qwe.com57d8113605d327.39248437', '2016-09-13 15:46:14', NULL),
('6c4f8b62e187043e8a0765b64b27d5e8dfc8aa48', 'testclient', 'abcd@gmail.com580ecdd7c31a48.97329553', '2016-11-24 13:13:30', 'crowdies'),
('6c64aa0559e91e0ea71dc1e9ae3119e3c1fd16c3', 'testclient', 'agungwy@gmail.com57d57c64ac1895.24310076', '2016-09-12 05:05:37', 'crowdies'),
('6ca7dc8a7c1a3bcd451ed88a20f4489020d0931a', 'testclient', 'agungwy@gmail.com57dac62e53ad22.28354613', '2016-11-10 02:06:56', 'bo'),
('6d71fcc070a5d7a544c28dfdd45a54abf034c549', 'testclient', 'agungwy@gmail.com57d93a52f18b61.99176828', '2016-09-14 15:31:58', 'bo'),
('6d88fbe7ca64e63f92133be16c51a908561ac4bd', 'testclient', 'agungwy@gmail.com57dac62e53ad22.28354613', '2016-11-10 01:29:45', 'bo'),
('6d96ab232472c164071f90bb4ec501023001bd03', 'testclient', 'abc@xyz.com58088d4460a220.54472901', '2016-11-19 19:24:22', 'bo'),
('6d9dedca39c707baa80ba3c50a224f8f84edd226', 'testclient', 'ate@uy.con57d8000240fc53.26460556', '2016-09-13 14:32:50', NULL),
('6e0804b469e52bfb2e862952180d7ff86a861cdb', 'testclient', 'kodok@gmail.com57da2f2e7c0a03.09778199', '2016-11-09 16:57:46', 'crowdies'),
('6e279856bfbb998ca420939352b13b7dd6ded798', 'testclient', 'kodok@gmail.com57da2f2e7c0a03.09778199', '2016-11-16 00:32:15', 'crowdies'),
('6e50ed3df0d4a9da5db9db810fa62d9f9eae0059', 'testclient', 'william.hidayat@gmail.com57ff7e860c6392.02130567', '2016-11-23 03:20:22', 'crowdies'),
('6e5addc8545c331b8c261cbd8deff5dac0c95680', 'testclient', 'agungwy@gmail.com57dac62e53ad22.28354613', '2016-11-11 20:30:59', 'bo'),
('6e648b760b293bf336e3a2b803229bf8eb75006e', 'testclient', 'stereo@social.com57da03f7b1f684.64831477', '2016-11-23 14:25:14', 'bo'),
('6e678bef8cc8c038dd55755ec3bd467ea61d9e96', 'testclient', 'buaya@gmail.com57fddd0c9b4028.98522694', '2016-11-12 22:55:09', 'crowdies'),
('6ee4d7b004cebcf6206e6f020a28067f2277e5b3', 'testclient', 'william.hidayat@gmail.com57d2b3bb031944.08580997', '2016-09-09 17:53:10', 'crowdies'),
('6f0152a747c9174bebad3894dd728b4a74eab52e', 'testclient', 'ian@short.com57d57b6319f331.59103552', '2016-09-11 16:42:27', NULL),
('6f034c9e9f5796e93455403bca3fba034d3ca3ce', 'testclient', 'kodok@gmail.com57da2f2e7c0a03.09778199', '2016-09-15 12:55:20', 'crowdies'),
('6f377345003183cd28d245cb49f3df1ce9abbabd', 'testclient', 'agungwy@gmail.com57d576eda752e6.94670453', '2016-09-11 16:23:26', NULL),
('6f3f2f978c0caea6d13182a6380b3ef3be63ec02', 'testclient', 'kodok@gmail.com57da2f2e7c0a03.09778199', '2016-10-16 04:29:15', 'crowdies'),
('6f467b107cde2c7f4fdcd82b1360fc6d139732f6', 'testclient', 'agungwy@gmail.com57d93a52f18b61.99176828', '2016-09-14 14:15:53', 'bo'),
('6f53a8a71fc25ca16c8e165c8de685ea121ae231', 'testclient', 'hakeemrdaud@gmail.com57e09631d524f9.20511441', '2016-11-24 13:57:00', 'crowdies'),
('6f584e3428f1a6914b886945527affa1e9e42a7a', 'testclient', 'kodok@gmail.com57da2f2e7c0a03.09778199', '2016-11-07 16:05:30', 'crowdies'),
('6f5cd3509cc89bf0fa468e508594a339952ba298', 'testclient', 'bshaffer', '2016-09-09 03:09:06', NULL),
('6fa797ab2995037d7dd71b9d3b24714018400085', 'testclient', 'kodok@gmail.com57da2f2e7c0a03.09778199', '2016-11-07 19:22:47', 'crowdies'),
('6fb126183a5930b562f72eecd8cf6e27c20a818e', 'testclient', 'agungwy@gmail.com57d93a52f18b61.99176828', '2016-09-14 13:32:49', 'bo'),
('6fc4ba46c116c53d18341e93b47441b82dede299', 'testclient', 'william.hidayat@gmail.com57ff7e860c6392.02130567', '2016-11-17 12:50:20', 'crowdies'),
('6fdc6b7241559b99cb1554e5188e181586ba2079', 'testclient', 'kodok@gmail.com57da2f2e7c0a03.09778199', '2016-11-07 15:09:49', 'crowdies'),
('6fef1a6e860a52be4e2f517fd6d31a8523176d92', 'testclient', 'william.hidayat@gmail.com57ff7e860c6392.02130567', '2016-11-17 14:35:53', 'crowdies'),
('7001c555c2949f96298a26fdc700373bdf7bbd6c', 'testclient', 'h.daud@uqconnect.edu.au580d9f66b96d29.28615889', '2016-11-24 13:46:52', 'bo'),
('705629bb875ddadfd9472c4929ad3e698c5f81ec', 'testclient', 'kodok@gmail.com57da2f2e7c0a03.09778199', '2016-11-07 21:35:42', 'crowdies'),
('70611e32bd4bd6e9e90c72929180099cce344bb0', 'testclient', 'junkie@mail.com57db75c33331c9.14324008', '2016-10-16 04:32:03', NULL),
('70b020c10c4e7bb211448eb229ef6e19f040e88f', 'testclient', 'william.hidayat@gmail.com57ff7e860c6392.02130567', '2016-11-17 15:05:40', 'crowdies'),
('710af3ae29ff0b85245a06769b35bd34c0d6b97a', 'testclient', 'stereo@social.com57da03f7b1f684.64831477', '2016-11-21 01:26:20', 'bo'),
('71115a0408454a18a70a08f1e4f9873c4435bdc2', 'testclient', 'agungwy@gmail.com57dac62e53ad22.28354613', '2016-11-07 23:09:40', 'bo'),
('713bdfb7ec8a5ac64de2a4f3508a015b92dede30', 'testclient', 'agungwy@gmail.com57d9352c2444d6.86503812', '2016-09-14 12:31:56', NULL),
('714548d19f6edd8cb85b1f7706ce1aa341bb6ca9', 'testclient', 'william.hidayat@gmail.com57ff7e860c6392.02130567', '2016-11-21 00:54:34', 'crowdies'),
('71a01babf7789ab0a335960d7c24bce6eb3ce148', 'testclient', 'kodok@gmail.com57da2f2e7c0a03.09778199', '2016-11-10 02:40:08', 'crowdies'),
('71f1e76e9de962840bacef9fd5222c6be736d8d9', 'testclient', 'kodok@gmail.com57da2f2e7c0a03.09778199', '2016-11-11 18:30:16', 'crowdies'),
('71f5d1035725f5b982dbd2a3e3ccfe4915640ce9', 'testclient', 'kodok@gmail.com57da2f2e7c0a03.09778199', '2016-11-10 11:57:27', 'crowdies'),
('72b4babe92dcb379215094a9806b26088ffa7803', 'testclient', 'yohanakanisia@gmail.com57ff834d96ba87.78176813', '2016-11-12 22:59:57', 'crowdies'),
('72eba3338e2d210e797d96c930890e1cb49b2aec', 'testclient', 'kodok@gmail.com57da2f2e7c0a03.09778199', '2016-09-15 10:51:42', 'crowdies'),
('73398407ae9fce79b7b42232d1c21ef08d0944c7', 'testclient', 'qasdsd@gmail.com57ff99119b6234.90077811', '2016-11-13 00:24:21', 'crowdies'),
('734f60e6199fc0cec0e1616921403e0bd29588b6', 'testclient', 'kodok@gmail.com57da2f2e7c0a03.09778199', '2016-11-16 23:43:50', 'crowdies'),
('73a029e36595cd08e8c78e1d3f210c9214e60fdd', 'testclient', 'agungwy@gmail.com57d93a52f18b61.99176828', '2016-09-14 15:13:00', 'bo'),
('7484b1cd2cb5153e19824bf3345195d9056cdd49', 'testclient', 'kanye@west.com57d7f80882c564.67817602', '2016-09-13 13:58:48', NULL),
('74a592f11c1ba81565fe4cf05e5aaf4d508977f0', 'testclient', 'kodok@gmail.com57da2f2e7c0a03.09778199', '2016-11-10 00:08:35', 'crowdies'),
('75309cd6661d39910e4cd58ad396e4fd74c981f9', 'testclient', 'kijang@gmail.com580cd20f3f85f6.68770482', '2016-11-23 01:08:30', 'crowdies'),
('753487fee92bc3208669f7a746bad820139f0ca9', 'testclient', 'kodok@gmail.com57da2f2e7c0a03.09778199', '2016-11-10 12:10:28', 'crowdies'),
('75729f92dc22d18fbf59dba97d8305bd7d3c94f2', 'testclient', 'kodok@gmail.com57da2f2e7c0a03.09778199', '2016-11-16 12:16:19', 'crowdies'),
('75aede2f02d204ba7a84f3be8a6a545591dc7a3c', 'testclient', 'kodok@gmail.com57da2f2e7c0a03.09778199', '2016-11-06 14:38:51', 'crowdies'),
('75db2bcdfd95880c4af5624f628f5f3441294616', 'testclient', 'william.hidayat@gmail.com57ff7e860c6392.02130567', '2016-11-18 20:22:08', 'crowdies'),
('75e134803a91724e9daca22c03950efec0fd98bd', 'testclient', 'william.hidayat@gmail.com57ff7e860c6392.02130567', '2016-11-17 16:52:36', 'crowdies'),
('763f662fbb8714f891c9df99267e06fc34e1fe6b', 'testclient', 'kodok@gmail.com57da2f2e7c0a03.09778199', '2016-11-22 00:09:03', 'crowdies'),
('7642a558e5b9489df9018b73144fad2ad8eb8cc2', 'testclient', 'stereo@social.com57da03f7b1f684.64831477', '2016-11-08 21:06:20', 'bo'),
('7659c14bd77eafe6c41945eaa35bcf957e5a2964', 'testclient', 'agungwy@gmail.com57dac62e53ad22.28354613', '2016-11-25 12:11:02', 'bo'),
('76a08b0510943f958e48217c9aef530d4f3a3341', 'testclient', 'william.hidayat@gmail.com57ff7e860c6392.02130567', '2016-11-19 13:50:55', 'crowdies'),
('76b05864ab3d86aa4bc293e76e6b36a4e8fc767b', 'testclient', 'stereo@social.com57da03f7b1f684.64831477', '2016-11-23 02:23:40', 'bo'),
('76db17f0e00f135bfc07ef38ca918a8246ba5b4f', 'testclient', 'kodok@gmail.com57da2f2e7c0a03.09778199', '2016-10-16 04:33:22', 'crowdies'),
('776adc14f68d00c38a9b91f6acacd35ab04bf85f', 'testclient', 'stereo@social.com57da03f7b1f684.64831477', '2016-11-09 15:04:35', 'bo'),
('7771c3552c09f779e89a6412e6bbde97b89cdf7b', 'testclient', 'mother@cuk.com57d7e9669870f9.71156238', '2016-09-13 12:56:22', NULL),
('77835e04e253e3608a87a9d2dbe89e65b2693ced', 'testclient', 'singa@gmail.com57ffae597c9c33.76554556', '2016-11-23 01:35:33', 'crowdies'),
('77a8df417d64a8050b841aec03711fe4da9a5e95', 'testclient', 'agungwy@gmail.com57d5772bb966c8.46800166', '2016-09-11 16:24:28', NULL),
('791e30644ce3a8321b5469a084e26377242a6886', 'testclient', 'stereo@social.com57da03f7b1f684.64831477', '2016-11-18 12:42:52', 'bo'),
('79b867a74ed8aefab1a298691769692bcba0dc6d', 'testclient', 'kodok@gmail.com57da2f2e7c0a03.09778199', '2016-11-16 12:48:46', 'crowdies'),
('7a1ee651d98c4a93461cebb413d244848cabc9b1', 'testclient', 'shrengganus@gmail.com580c85c34409c3.67415551', '2016-11-22 19:41:26', 'crowdies'),
('7b002171d9b73df5ebc33c2ba339ce08dcfa143b', 'testclient', 'kodok@gmail.com57da2f2e7c0a03.09778199', '2016-11-02 23:23:07', 'crowdies'),
('7be7236d67be3744a80b9e342828ad769a04e8c7', 'testclient', 'stereo@social.com57da03f7b1f684.64831477', '2016-11-15 18:37:52', 'bo'),
('7ca7d79bf9d7e634835569321f0aad7f64df706e', 'testclient', 'buaya@gmail.com57fddd0c9b4028.98522694', '2016-11-22 01:39:39', 'crowdies'),
('7caf30650b8489b10ddcfd497fb43b9ea239cd10', 'testclient', 'william.hidayat@gmail.com57ff7e860c6392.02130567', '2016-11-18 13:03:00', 'crowdies'),
('7ce3c83d1818990255e6f6b3b02cf419732e3717', 'testclient', 'william.hidayat@gmail.com57d2b3bb031944.08580997', '2016-09-09 17:19:19', 'crowdies'),
('7d068398db19dcedca08fcb98640e640ee1d4553', 'testclient', 'will@smiths.com5804dad78bc738.30123258', '2016-11-17 00:06:15', NULL),
('7d0e5bbe8860877605763f6d71a75817531770c1', 'testclient', 'agungwy@gmail.com57dac62e53ad22.28354613', '2016-11-24 14:15:15', 'bo'),
('7d52bfc19128771e30894a80a94b0ce83dc7a671', 'testclient', 'jerapah@gmail.com580de5dbeb77f3.14106615', '2016-11-24 07:03:38', 'crowdies'),
('7d7009e76f33bcfa033653952941823ba084a677', 'testclient', 'william.hidayat@gmail.com57ff7e860c6392.02130567', '2016-11-15 20:22:37', 'crowdies'),
('7dae3e5754e55a2e8b50b9ffaf96b84b28458f38', 'testclient', 'kodok@gmail.com57da2f2e7c0a03.09778199', '2016-11-08 20:16:16', 'crowdies'),
('7df4e8629d50d3608ec5fc687de054746967a982', 'testclient', 'cantyaps@gmail.com57d7cd1736b465.95337507', '2016-09-13 10:55:35', NULL),
('7e66022cbdbf074b2bea1b1ec93009fbc0151461', 'testclient', 'william.hidayat@gmail.com57d2b3bb031944.08580997', '2016-09-13 01:41:02', 'bo'),
('7f34644fd296fbbcc121ccde5b1a022d7a70533a', 'testclient', 'stereo@social.com57da03f7b1f684.64831477', '2016-11-15 23:12:16', 'bo'),
('7f520cdc5fa12660705e5d8d0e6021693539ceef', 'testclient', 'kakao@talk.com57d7d5dfd399b5.30870661', '2016-09-13 11:33:04', NULL),
('7f5d147b46899e9e417e0959c59527f4a5158593', 'testclient', 'kodok@gmail.com57da2f2e7c0a03.09778199', '2016-11-10 02:32:57', 'crowdies'),
('8062d39ce6acbad988097bd4174398cfada0f251', 'testclient', 'www@html.com58085dd28595b2.43935638', '2016-11-19 16:19:10', 'crowdies'),
('806ca3a0c42e273db2f80571dd265e8147aaeaa2', 'testclient', 'kodok@gmail.com57da2f2e7c0a03.09778199', '2016-11-16 21:12:05', 'crowdies'),
('808aec6770cabcc9c1c93e5fbe2170dabb5baa35', 'testclient', 'stereo@social.com57da03f7b1f684.64831477', '2016-11-09 20:59:04', 'bo'),
('80b0a1892ff65352fd37089a430c77871758272b', 'testclient', 'hahag@gmail.com580ee363b6f7f2.69931625', '2016-11-24 14:45:23', NULL),
('80efcc148bca1a33c82a660005a54a5f5a5d067b', 'testclient', 'asdd@gmail.com580e91de3da8a9.83833202', '2016-11-24 08:57:37', 'crowdies'),
('81331f0d372e8f368ac22c925d3c4ce38fcd93f7', 'testclient', 'william.hidayat@gmail.com57ff4d7cbaf8c8.09002507', '2016-11-12 19:01:49', NULL),
('813e01b0a41dc622d625cdf1b6f0640f40e705cd', 'testclient', 'ian@short.com57d57960d62be2.40868661', '2016-09-11 16:33:53', NULL),
('814172084dce512d786bece589495a5d9b9e4565', 'testclient', 'singa@gmail.com57ffac9674e929.16683816', '2016-11-13 01:47:36', 'crowdies'),
('8150333d9cb5f617e95e956ba01d04f76afe8d7e', 'testclient', 'doe@done.com57db7df30bb580.31962966', '2016-11-24 12:41:42', 'bo'),
('815aa9b09e3041d8b9e854c85e72b857f82d916e', 'testclient', 'www@html.com58085dd28595b2.43935638', '2016-11-19 16:01:54', NULL),
('81e4a1f3ce8a6aadf244e3721ae5c4054d70a0f7', 'testclient', 'will@smiths.com5804d72a1657c7.47660957', '2016-11-16 23:51:24', 'crowdies'),
('81e6c5ed7fa71a24afde59c13416c8d80134628c', 'testclient', 'will@smiths.com5804d5db103537.58539245', '2016-11-16 23:44:59', NULL),
('820d885e4072a71b59a4a70b793bd648d5902732', 'testclient', 'william.hidayat@gmail.com57ff7e860c6392.02130567', '2016-11-18 20:30:57', 'crowdies'),
('82272f023f2701bb3a383223f7da4956356864d6', 'testclient', 'william.hidayat@gmail.com57ff7e860c6392.02130567', '2016-11-23 01:32:03', 'crowdies'),
('822aad7854dbea797d1e83c71b87d1f463ed65d9', 'testclient', 'william.hidayat@gmail.com57ff7e860c6392.02130567', '2016-11-17 14:38:16', 'crowdies'),
('823c915b025b0675a1e924eeec14f85c77ee9d19', 'testclient', 'william.hidayat@gmail.com57ff7e860c6392.02130567', '2016-11-17 12:51:19', 'crowdies'),
('825b14bca26c7bf3b2b150489170c90c4ee2b09f', 'testclient', 'ghggggv@c.v580ec5e0b94165.59176224', '2016-11-24 12:39:30', 'crowdies'),
('82616f5741a21178e54fe00dc5e2511748f41016', 'testclient', 'macan@gmail.com57ff929264aab2.41151265', '2016-11-12 23:56:35', NULL),
('82c14f48c3d04fb2cd25d844862b058d80126417', 'testclient', 'kodok@gmail.com57da2f2e7c0a03.09778199', '2016-11-16 13:24:22', 'crowdies'),
('8313c5766c69d44729f7e3b4f6116317d2d8fa90', 'testclient', 'kodok@gmail.com57da2f2e7c0a03.09778199', '2016-11-21 21:49:20', 'crowdies'),
('83b8abbda540bd646f18d65bf67204a44b13f470', 'testclient', 'kodok@gmail.com57da2f2e7c0a03.09778199', '2016-11-09 14:20:49', 'crowdies'),
('83b8b98d138f2e176467892ec4caf04571b0fd1a', 'testclient', 'will@smiths.com5804e12733fd53.18819863', '2016-11-17 00:33:14', 'crowdies'),
('83bf2d1c5ec1a30308a10cb647c83bc914c07302', 'testclient', 'eban@workingmouse.com580ef725c55ba2.89797603', '2016-11-24 16:09:42', NULL),
('83c4cdf1b19a79a96cc6401acb37c06a79c16902', 'testclient', 'william.hidayat@gmail.com57ff7e860c6392.02130567', '2016-11-17 12:41:10', 'crowdies'),
('83d8863369e9007ff5d8e18a3a6c992a7e6e8752', 'testclient', 'kodok@gmail.com57da2f2e7c0a03.09778199', '2016-11-23 15:33:30', 'crowdies'),
('840dbf839c3be0d6355288bf1c98c4e7a8ea858a', 'testclient', 'kodok@gmail.com57da2f2e7c0a03.09778199', '2016-11-21 21:48:36', 'crowdies'),
('846928ca78c39be9abdf138e87deda4d42d4fed8', 'testclient', 'cantyaps@gmail.com57d7d14780dc27.73522622', '2016-09-13 11:13:27', NULL),
('8476152db4285fad83280994f4c2988aaef4e953', 'testclient', 'kodok@gmail.com57da2f2e7c0a03.09778199', '2016-11-04 22:39:07', 'crowdies'),
('848917f22ac8d7641096bdff662ec7e0da563ec0', 'testclient', 'w.smith@gmail.com57d7989488e8d2.50896198', '2016-09-13 07:11:32', NULL),
('84e401e328c5a5df4976148a8e6cfdd74e928a1a', 'testclient', 'agungwy@gmail.com57dac62e53ad22.28354613', '2016-11-06 02:25:37', 'bo'),
('85389d8121d4c390a454d065806aa1a7d509f27d', 'testclient', '3g@3g.com57db7240d3f6b4.87275611', '2016-10-16 04:17:05', NULL),
('85c337e1fcf8077c107b5a7bdacb2a85d653fd4b', 'testclient', 'afafsa@gmail.com57ff82ed75ba69.39271906', '2016-11-12 22:49:51', 'bo'),
('85c67a5c36f1e76b97d3a2ee467035d226866e14', 'testclient', 'agungwy@gmail.com57dac62e53ad22.28354613', '2016-11-11 20:30:12', 'bo'),
('8635e55be9fb6d8fd2d9773d2bb7b999f06de708', 'testclient', 'singa@gmail.com57ffac9674e929.16683816', '2016-11-13 01:47:34', NULL),
('865d104d646da9e7f5c706c5673ec8e863ba7c90', 'testclient', 'aadc@hotmail.com580a2e6c478cc2.79413736', '2016-11-21 01:04:19', 'crowdies'),
('86d038cb697671fcd468bd142b45e38dd0b0e952', 'testclient', 'stereo@social.com57da03f7b1f684.64831477', '2016-11-23 14:11:22', 'bo'),
('872f58bbb37d11040d9df4dfaa4620dc356c2994', 'testclient', 'kodok@gmail.com57da2f2e7c0a03.09778199', '2016-11-09 21:57:19', 'crowdies'),
('87c263cfeae88f776c4f6709ca0fe3e688a55cc9', 'testclient', 'william.hidayat@gmail.com57ff7e860c6392.02130567', '2016-11-21 09:08:45', 'crowdies'),
('880e512536441359ba9e7d51fd5a5137753cfe66', 'testclient', 'kodok@gmail.com57da2f2e7c0a03.09778199', '2016-09-15 15:08:55', 'crowdies'),
('882077f141a28c37ee56e631fbe8d6b6227158a6', 'testclient', 'h.daud@uqconnect.edu.au580d9f66b96d29.28615889', '2016-11-23 15:43:03', NULL),
('883f0a03bb0142232ef3d69ef9e449a18d9ae70b', 'testclient', 'stereo@social.com57da03f7b1f684.64831477', '2016-11-15 22:21:43', 'bo'),
('88564208b8f3a2ff542b74fc2a11833c557742f2', 'testclient', 'william.hidayat@gmail.com57ff7e860c6392.02130567', '2016-11-18 20:26:03', 'crowdies'),
('88d01ad4feddbf20dade00c450a859e25be7a64f', 'testclient', 'kodok@gmail.com57da2f2e7c0a03.09778199', '2016-11-24 15:37:28', 'crowdies'),
('89025f5cc99d6efa71bfbebaee4637396dac905b', 'testclient', 'william.hidayat@gmail.com57ff7e860c6392.02130567', '2016-11-17 15:32:59', 'crowdies'),
('89fcc987da413d189e38a15d73bff8ab06a18c34', 'testclient', 'agungwy@gmail.com57dac4193195f4.02191731', '2016-09-15 16:58:17', 'bo'),
('8a0077d7f4776fe318ee7c65875ce18dd9adee50', 'testclient', 'jerapah@gmail.com580de5dbeb77f3.14106615', '2016-11-23 20:43:42', 'crowdies'),
('8a01e4bf26ab5a2e65dd768d1216e4b9893939e1', 'testclient', 'william.hidayat@gmail.com57ff7e860c6392.02130567', '2016-11-12 22:31:02', NULL),
('8a4706db1886f6000d433f43da5d438b3376a6b0', 'testclient', 'singa@gmail.com57ff84678c46c9.25417692', '2016-11-12 22:56:11', NULL),
('8a7f58535ddf3f4dafc24d93b1065d3d7fe8fb20', 'testclient', 'stanley.hidayat@gmail.com580d8b1bdbb721.94426457', '2016-11-23 14:16:28', NULL),
('8a97c7e9004fbc008228031289fa5cb3e258a365', 'testclient', 'kodok@gmail.com57da2f2e7c0a03.09778199', '2016-11-07 15:12:41', 'crowdies'),
('8a9b4d3f1f1a05c57e7d3567b8ca9a9be863ad2e', 'testclient', 'buaya@gmail.com57fddd0c9b4028.98522694', '2016-11-11 16:49:49', NULL),
('8b0f0c0e6c399e7a03dca4ffd963bfe95d65c8c5', 'testclient', 'agungwy@gmail.com57dac62e53ad22.28354613', '2016-11-07 19:53:26', 'bo'),
('8b41fcb3b57712e23cf1bec65a5275b9d2bc7005', 'testclient', 'stereo@social.com57da03f7b1f684.64831477', '2016-11-20 13:11:25', 'bo'),
('8b5b78bf39942e8cce340d7dea41d694d674617a', 'testclient', 'william.hidayat@gmail.com57ff7e860c6392.02130567', '2016-11-18 17:07:31', 'crowdies'),
('8b5e232e5fc5841fcc43670aeee1c62e5abe56cf', 'testclient', 'stereo@social.com57da03f7b1f684.64831477', '2016-11-21 09:11:15', 'bo'),
('8b7698ce7b553bfcb35f92fda43803f64511ea00', 'testclient', 'william.hidayat@gmail.com57d2b3bb031944.08580997', '2016-09-11 07:58:45', 'crowdies'),
('8bafc4f61a9ac86000ae7b22d407831673107acf', 'testclient', 'jurrasic@gmail.com580b97ee01fbc8.64545661', '2016-11-22 02:46:40', 'crowdies'),
('8bb071a638358d1eae2408a4f4c3e620e671d45d', 'testclient', 'agungwy@gmail.com57dac62e53ad22.28354613', '2016-11-07 14:34:29', 'bo'),
('8c13da0d181fa326bdccdccc9205f69f583fb9df', 'testclient', 'agungwy@gmail.com57dac62e53ad22.28354613', '2016-11-07 15:54:06', 'bo'),
('8c1d5b638830da6838e09ebc544c692f57881eb3', 'testclient', 'stereo@social.com57da03f7b1f684.64831477', '2016-11-18 21:14:02', 'bo'),
('8caad92111c0097baf245b88fed743b0ce89da2e', 'testclient', 'agungwy@gmail.com57dac62e53ad22.28354613', '2016-11-10 01:50:56', 'bo'),
('8cb5e98368d3a528e88d078c10c0edc7f37e486f', 'testclient', 'singa@gmail.com57ffae597c9c33.76554556', '2016-11-13 01:55:08', 'crowdies'),
('8d011e27da7b9a5f587775bd7771bbbf73f7fdf1', 'testclient', 'kodok@gmail.com57da2f2e7c0a03.09778199', '2016-11-02 23:32:48', 'crowdies'),
('8d143d1aa6f276b829582bb64c473a9bccc2585d', 'testclient', 'ghggggv@c.v580ec5e0b94165.59176224', '2016-11-24 12:39:29', NULL),
('8d732b09ddd737ade4a2f68599f134c3e6416b28', 'testclient', 'stereo@social.com57da03f7b1f684.64831477', '2016-11-23 02:06:36', 'bo'),
('8dac61776b1eb84b961151744a1b20e9b2cbc30b', 'testclient', 'kodok@gmail.com57da2f2e7c0a03.09778199', '2016-11-18 20:21:43', 'crowdies'),
('8db1b1b34995be141010e161c57a562e949f7eaf', 'testclient', 'agungwy@gmail.com57dac62e53ad22.28354613', '2016-11-06 02:22:19', 'bo'),
('8e04598a5bff3e2204c8095e4f97e8f2da50ada7', 'testclient', 'agungwy@gmail.com57dac62e53ad22.28354613', '2016-11-07 14:48:35', 'bo'),
('8e162ef803fac01860d7b9ee8edfc01f91cb71ac', 'testclient', 'agungwy@gmail.com57dac62e53ad22.28354613', '2016-11-10 12:31:23', 'bo'),
('8e971f79325b351684012f7357b7dbf31ef95dcc', 'testclient', 'steve@jobs.co57d8a4c0cc1ae1.01485974', '2016-09-14 15:30:43', 'bo'),
('8ea4a6552bde6a9750fa55b341900d7d4ef0d438', 'testclient', 'kodok@gmail.com57da2f2e7c0a03.09778199', '2016-11-03 01:43:49', 'crowdies'),
('8eb0d50141dc80154007d551b28e1333e66c8f18', 'testclient', 'steve@jobs.co57d8a4c0cc1ae1.01485974', '2016-11-11 17:05:36', 'bo'),
('8ed46597e94489af82f2459b46b0b627b51671e8', 'testclient', 'yohanakanisia@gmail.com57ff834d96ba87.78176813', '2016-11-12 22:51:26', NULL),
('8f298192a9a650f5a391c2b20c196c541936624a', 'testclient', 'william.hidayat@gmail.com57ff7e860c6392.02130567', '2016-11-21 09:10:13', 'crowdies'),
('8f4df5656665792ead73543612eda0be1d27a241', 'testclient', 'stereo@social.com57da03f7b1f684.64831477', '2016-11-07 16:21:08', 'bo'),
('8fb2a4b7e03652f452ce67244dd6d72154a6afe4', 'testclient', 'catyaps@gmail.com57d7d26df356c3.12740018', '2016-09-13 11:18:22', NULL),
('8fc3756d80a11195bdb76286f5cd00bddcc532ed', 'testclient', 'william.hidayat@gmail.com57ff7e860c6392.02130567', '2016-11-16 17:45:17', 'crowdies'),
('8fd8ec4811857ad1b012aed56d9b4bb1b620d27c', 'testclient', 'william.hidayat@gmail.com57d2b3bb031944.08580997', '2016-09-09 17:14:39', NULL),
('9054612def441fef98500f5b18b113d2891479fd', 'testclient', 'william.hidayat@gmail.com57ff7e860c6392.02130567', '2016-11-23 03:30:57', 'crowdies'),
('905646366dc14ab9ad803dfb46662145d872a872', 'testclient', 'www@html.com58085dd28595b2.43935638', '2016-11-19 16:04:44', 'crowdies'),
('90c420f47b07a1a677143503794894023a34e57a', 'testclient', 'william.hidayat@gmail.com57ff7e860c6392.02130567', '2016-11-23 15:31:40', 'crowdies'),
('910d1d20be1c52f7c4b9004364b696dbf5fbb82a', 'testclient', 'sadasa@gmail.com57ffaceea562c9.66380871', '2016-11-13 01:49:06', 'crowdies'),
('9198b5cb88d5c937d87bde8f21afe2aec1d02396', 'testclient', 'asdas@gmail.com57ff8af2d6a692.96582722', '2016-11-12 23:24:03', NULL),
('919ed9ac711e15b2ea10b4bc790714cdddd965a9', 'testclient', 'william.henry2009@hotmail.com57f25cbf560c98.09836012', '2016-11-09 23:16:55', 'crowdies'),
('91ac3af833312bf581b366e6cbb93dd85cc09ffa', 'testclient', 'kodok@gmail.com57da2f2e7c0a03.09778199', '2016-10-16 04:22:08', 'crowdies'),
('91e5d854c43f8bcce96e5a03c994a83ec04ceb46', 'testclient', 'william.hidayat@gmail.com57d2b3bb031944.08580997', '2016-09-09 17:52:52', 'crowdies'),
('9217eaa3b2c49faf363f80bc82c171fc880d4676', 'testclient', 'cantyaps@gmail.com57d7cdc55b9393.01922279', '2016-09-13 10:58:29', NULL),
('92210e85d5bdbadc47b82e72c0e2bcb68703bbef', 'testclient', 'tiger@gmail.com580cdf552873a2.50446558', '2016-11-23 02:03:36', 'crowdies'),
('9256f53be9a38c0e75449c3130dc970049e85a85', 'testclient', 'agungwy22@gmail.com580dea9e372b49.71485726', '2016-11-23 21:03:58', NULL),
('933ac377918be982fb044e55a5d8e4d77e1f83cb', 'testclient', 'yohanakanisia@gmail.com57ff834d96ba87.78176813', '2016-11-16 12:09:26', 'bo'),
('937362415f30ef778105f5b88b11379c7d71fda2', 'testclient', 'william.hidayat@gmail.com57ff7e860c6392.02130567', '2016-11-23 03:24:36', 'crowdies'),
('93d6e5542b9651426fe308f6edd63b9c3325d94c', 'testclient', 'kodok@gmail.com57d63947021057.39205738', '2016-09-12 06:12:39', NULL),
('9436e20dfed10fc14d2804c1daf4f17f111cf8f0', 'testclient', 'william.hidayat@gmail.com57ff7e860c6392.02130567', '2016-11-21 08:56:38', 'crowdies'),
('9445d6250cf35fdef9e19e74e8d662f0ca063be6', 'testclient', 'agungwy@gmail.com57dac62e53ad22.28354613', '2016-11-06 14:32:22', 'bo'),
('94714ff116e977601ce394c29316ba5d0adeddb0', 'testclient', 'stereo@social.com57da03f7b1f684.64831477', '2016-11-15 22:47:46', 'bo'),
('9483ee3c5fa2f717a1591ba7a49c65940c0f6477', 'testclient', 'kodok@gmail.com57da2f2e7c0a03.09778199', '2016-11-10 12:08:50', 'crowdies'),
('94c45eb87e5436262f2e6dce3f4f024fb2b30113', 'testclient', 'steve@jobs.co57d8a4c0cc1ae1.01485974', '2016-11-19 16:19:35', 'bo'),
('94fd78084d142a439c7aa723eacc20096ed1136b', 'testclient', 'stereo@social.com57da03f7b1f684.64831477', '2016-11-07 16:21:15', 'bo'),
('94ff86c6aa14837668f0e8a1dfac6edd3c5a3ff2', 'testclient', 'october@ends.com57f35d33722124.78358806', '2016-11-03 17:41:40', NULL),
('955737fe59270f0cdd4076d6405e085db13ba2c4', 'testclient', 'william.hidayat@gmail.com57ff7e860c6392.02130567', '2016-11-17 14:17:43', 'crowdies'),
('95a97de6a13b06c9788c1fa904d5e1ff0cdb0338', 'testclient', 'agungwy@gmail.com57dac62e53ad22.28354613', '2016-11-07 23:09:05', 'bo'),
('95ae731da3512b772334144912a0cb856c6a4550', 'testclient', 'steve@jobs.co57d8a4c0cc1ae1.01485974', '2016-09-14 15:26:43', 'bo'),
('95c32c7a8a0928e96f85aef9bda5374783bc4c83', 'testclient', 'william.hidayat@gmail.com57d2b3bb031944.08580997', '2016-09-09 17:52:30', 'crowdies'),
('95f92bafce4eb20609357583565e2c001e96e28f', 'testclient', 'william.hidayat@gmail.com57ff7e860c6392.02130567', '2016-11-16 23:09:38', 'crowdies'),
('9627dc517a7a89f59c100f395beb2a5c472c41f9', 'testclient', 'doen@done.com57d8a30810ad27.71422852', '2016-09-14 02:08:24', NULL),
('962b1f5a2a6e464b0c565b67364b3e68035c36dc', 'testclient', 'kodok@gmail.com57da2f2e7c0a03.09778199', '2016-11-07 21:43:47', 'crowdies'),
('964d3e45097d48e59bfb866ffd5991bc056cca5b', 'testclient', 'william.hidayat@gmail.com57ff4d7cbaf8c8.09002507', '2016-11-12 22:19:42', 'crowdies'),
('966f4cc7749c9d65eb15bf71c4c271bbed1d4ec8', 'testclient', 'kodok@gmail.com57da2f2e7c0a03.09778199', '2016-11-16 13:10:47', 'crowdies'),
('9679267851f2759c013dfb464ae586df10fcba5f', 'testclient', 'agungwy@gmail.com57d93a52f18b61.99176828', '2016-09-14 13:51:42', 'bo'),
('96aa29b6856cbe52dbd4eeae49185bf3c3d01150', 'testclient', 'qwrty@mmm.com58005c21455ea6.24114206', '2016-11-13 14:16:37', 'crowdies'),
('96cec9247801f782bf8c8d118ebae1a80ea7f572', 'testclient', 'william.henry2009@hotmail.com57f25cbf560c98.09836012', '2016-11-03 13:25:36', 'crowdies'),
('96ff09c22fd72c9889186a7ae1f5ede3f0de0f55', 'testclient', 'steve@jobs.co57d8a4c0cc1ae1.01485974', '2016-09-14 13:56:37', 'bo'),
('97456ed2e665dec8fecb19d5f4133fde48a2c342', 'testclient', 'kenny.hidayat@gmail.com580da2f60acae4.55506414', '2016-11-23 15:58:15', NULL),
('976096c0618fbf50e8a97f7bad18f3f17e661cf6', 'testclient', 'buaya@gmail.com57fddd0c9b4028.98522694', '2016-11-23 01:47:09', 'crowdies'),
('978f2c045a291fcefda82927e0e48bc4f9967961', 'testclient', 'kodok@gmail.com57da2f2e7c0a03.09778199', '2016-11-16 12:32:59', 'crowdies'),
('97a5d51b23156890c11f43530d1b1dcbf13e7ccd', 'testclient', 'kodok@gmail.com57da2f2e7c0a03.09778199', '2016-11-12 18:55:08', 'crowdies'),
('97d8fd35e770a1b2f3c7837d9df855232d7472c2', 'testclient', 'william.hidayat@gmail.com57d2b3bb031944.08580997', '2016-09-10 17:12:25', 'crowdies'),
('97e2fe6f7fdd09608cd564bb4c10e2bcc100f46d', 'testclient', 'kodok@gmail.com57da2f2e7c0a03.09778199', '2016-11-09 21:01:01', 'crowdies'),
('981ad51d5115f7970b19bee5d32d9bfdd838de81', 'testclient', 'yohanakanisia@gmail.com57ff834d96ba87.78176813', '2016-11-12 22:51:29', 'bo'),
('98618d7e6996a6e903749e6db50bc1b4b0d05281', 'testclient', 'william.hidayat@gmail.com57ff7e860c6392.02130567', '2016-11-20 14:00:21', 'crowdies'),
('989f0eb5ba1dfb2a25706796b31d5ac28fab9f2a', 'testclient', 'william.hidayat@gmail.com57ff7e860c6392.02130567', '2016-11-17 16:58:27', 'crowdies'),
('98e931c242ee2f9cad32dfe183728df599465192', 'testclient', 'agungwy@gmail.com57dac62e53ad22.28354613', '2016-11-23 15:34:07', 'bo'),
('992f43612451b257b3da2cdcec0290bd290cc046', 'testclient', 'kodok@gmail.com57da2f2e7c0a03.09778199', '2016-11-09 21:05:53', 'crowdies'),
('9984c45ce3482094c3aab3a7c1b0525720742761', 'testclient', 'kodok@gmail.com57da2f2e7c0a03.09778199', '2016-11-07 15:46:47', 'crowdies'),
('9a9918ec363c42911e7c039c91069ab2338a67c1', 'testclient', 'salute@hall.com57d7eea8586f09.17207578', '2016-09-13 13:18:48', NULL),
('9b22d4e995135062e6d478c59b28d0b0b7ca3ae5', 'testclient', 'kodok@gmail.com57da2f2e7c0a03.09778199', '2016-11-24 13:48:51', 'crowdies'),
('9b77f51fa61265edf94bb9d5c93ec98b5de245b3', 'testclient', 'kodok@gmail.com57da2f2e7c0a03.09778199', '2016-11-23 19:46:50', 'crowdies'),
('9bb2f1bf6c47ee9cfe6e873b344bca6cc39086e6', 'testclient', 'william.hidayat@gmail.com57ff7e860c6392.02130567', '2016-11-16 22:24:37', 'crowdies'),
('9c0b8888e73924f12f672ac3b21bbdd5d2ab5292', 'testclient', 'steve@jobs.co57d8a4c0cc1ae1.01485974', '2016-11-23 01:32:42', 'bo'),
('9c2859e9448f883a17ed564a0f3620978a1cb8cf', 'testclient', 'agungwy@gmail.com57d93a52f18b61.99176828', '2016-09-14 15:59:22', 'bo'),
('9c4bc3a52638dd0f774c0d26a88713926f322607', 'testclient', 'kodok@gmail.com57da2f2e7c0a03.09778199', '2016-11-09 11:53:43', 'crowdies'),
('9cefc6e6b27f210889f2d2d0dbdcf712ddddfd9f', 'testclient', 'steve@jobs.co57d8a4c0cc1ae1.01485974', '2016-09-14 02:37:23', 'bo'),
('9d27e3c8948b352c9d0db6333f19448a216b6251', 'testclient', 'stereo@social.com57da03f7b1f684.64831477', '2016-11-16 21:24:10', 'bo'),
('9d3f7330555efff566fc7635763c15e58cab0036', 'testclient', 'william.hidayat@gmail.com57ff7e860c6392.02130567', '2016-11-21 01:06:18', 'crowdies'),
('9d8c3d62fe044df554ab8f735320822761f66242', 'testclient', 'william.hidayat@gmail.com57d2b3bb031944.08580997', '2016-09-13 01:44:21', 'bo'),
('9da5a2c364a3746c14d75f37b73319681fc2e715', 'testclient', 'william.hidayat@gmail.com57ff7e860c6392.02130567', '2016-11-19 13:46:06', 'crowdies'),
('9e3da536052e03b87d346560c6a96701dc06e39f', 'testclient', 'agungwy@gmail.com57dac62e53ad22.28354613', '2016-11-10 02:18:54', 'bo'),
('9e5e59e64259191cf6b87b033a5d7fd1ac6bbed8', 'testclient', 'kodok@gmail.com57da2f2e7c0a03.09778199', '2016-09-15 13:58:25', 'crowdies'),
('9e6270f393d1938fe4becc0e2527b203b7e4cb3a', 'testclient', 'agungwy@gmail.com57dac62e53ad22.28354613', '2016-11-07 14:46:21', 'bo'),
('9eb1d4fff59af485fc8413cc266161852cc46df4', 'testclient', 'stereo@social.com57da03f7b1f684.64831477', '2016-11-24 15:46:25', 'bo'),
('9edb57520da9df69f49770e3ea0c63a04b1bd6b0', 'testclient', 'agungwy@gmail.com57dac62e53ad22.28354613', '2016-11-10 02:10:40', 'bo'),
('9efd7b18c4fab7a07415e4bd6f221ba52b29d860', 'testclient', 'william.hidayat@gmail.com57ff7e860c6392.02130567', '2016-11-16 23:30:12', 'crowdies'),
('9f4cef5bf93feebfb8c979ab8121f108ec55fa5d', 'testclient', 'william.henry2009@hotmail.com57f25cbf560c98.09836012', '2016-11-03 11:32:42', 'crowdies'),
('9f65f9c938f092ec64a6db511a51bf057524ecc4', 'testclient', 'stanley.hidayat@gmail.com57d80d114765c6.88422369', '2016-09-13 15:28:33', NULL),
('9f9083a87d028a98cd6c52394e53bc3072b53a9c', 'testclient', 'agungwy@gmail.com57d6370b977116.22328267', '2016-09-12 12:41:19', 'crowdies'),
('9fd1de006eed823a18c740d7a17994bf6394dd44', 'testclient', 'matt@workingmouse.com580ef786664903.50305618', '2016-11-24 16:11:18', NULL),
('a00e403dbfcf0a7f6a59394289c13c7b42d71a8c', 'testclient', 'kodok@gmail.com57da2f2e7c0a03.09778199', '2016-11-16 13:10:15', 'crowdies'),
('a0b27a8681c7eae3ef8687627d88fd426453543e', 'testclient', 'agungwy@gmail.com57dac62e53ad22.28354613', '2016-11-10 02:02:14', 'bo'),
('a131ddb4f2b3a2f9802f72df795598b46bd1df4e', 'testclient', 'stereo@social.com57da03f7b1f684.64831477', '2016-11-15 23:15:18', 'bo'),
('a15f62fc820dcb9d322dcdab4322f442e1c6f0dd', 'testclient', 'william.hidayat@gmail.com57d2b3bb031944.08580997', '2016-09-09 17:29:23', 'crowdies'),
('a1c7ff7caede452230a91c003c5062341e163475', 'testclient', 'kodok@gmail.com57da2f2e7c0a03.09778199', '2016-11-24 14:42:32', 'crowdies'),
('a208aef12394a21d4a79ffe4a24768a8447690ed', 'testclient', 'kodok@gmail.com57da2f2e7c0a03.09778199', '2016-11-07 21:32:12', 'crowdies'),
('a20df1f40b93c4c70333bf0a3a884f8bd3b85cd6', 'testclient', 'jurrasic@gmail.com580b97ee01fbc8.64545661', '2016-11-22 02:46:38', NULL),
('a214a028eeaec50dff87e3dba71a07993511bc1d', 'testclient', 'justin@bieber.com57d8a53fc32477.91350084', '2016-09-14 02:17:52', NULL),
('a22033e8ddb95eaf5147284918b055d7a9b63ba2', 'testclient', 'kodok@gmail.com57da2f2e7c0a03.09778199', '2016-11-03 01:37:44', 'crowdies'),
('a23a65de6289cae99302424e13b539a89ab051bc', 'testclient', 'william.henry2009@hotmail.com57f25cbf560c98.09836012', '2016-11-02 23:29:03', NULL),
('a321354f9c3509dca76162cbceb637f749f4457f', 'testclient', 'agungwy@gmail.com57dac62e53ad22.28354613', '2016-11-11 16:09:03', 'bo'),
('a3fc44d5f223c0f52b581b1f9d76e51078d772cd', 'testclient', 'kodok@gmail.com57da2f2e7c0a03.09778199', '2016-11-07 19:13:51', 'crowdies'),
('a448d7fbe00c152e8deca18f7a00c421f6ffd757', 'testclient', 'william.hidayat@gmail.com57ff7e860c6392.02130567', '2016-11-18 12:28:58', 'crowdies'),
('a483693ad536f3d87c3749ddb66f9ba03ef267fd', 'testclient', 'william.hidayat@gmail.com57ff7e860c6392.02130567', '2016-11-21 01:17:35', 'crowdies'),
('a4ab51e9d779a838a49e1ba58da9a19424d0c981', 'testclient', 'william.hidayat@gmail.com57ff7e860c6392.02130567', '2016-11-21 00:41:43', 'crowdies'),
('a4bc5bbb5c52c76e125a5ff2c3217647dbdefe2c', 'testclient', 'stanleyyau9595@gmail.com580060fbbe0054.57905981', '2016-11-13 14:37:20', 'crowdies'),
('a4e6126f08a8f5ae5c335df5ea4b2227bc616594', 'testclient', 'kodok@gmail.com57da2f2e7c0a03.09778199', '2016-11-10 21:20:04', 'crowdies'),
('a50919c99fb3958e426612fdc5b0a1ae4c5ad56b', 'testclient', 'stereo@social.com57da03f7b1f684.64831477', '2016-11-18 13:21:39', 'bo'),
('a53125393bf23d1cafcb01c262a25a6328ad1ecc', 'testclient', 'kodok@gmail.com57da2f2e7c0a03.09778199', '2016-09-15 12:33:41', 'crowdies'),
('a56df0da5633ef7eabfe7dd1bbf3179c6fbfdbaa', 'testclient', 'william.hidayat@gmail.com57ff4d7cbaf8c8.09002507', '2016-11-12 19:17:46', NULL),
('a5eb9532155f8cd82dc6cfa049797b3f50903fb4', 'testclient', 'william.hidayat@gmail.com57ff7e860c6392.02130567', '2016-11-12 22:31:05', 'crowdies'),
('a62ce552d7cfd2abfb5fcf5dd8a7efa9f873d157', 'testclient', 'agungwy@gmail.com57d93a52f18b61.99176828', '2016-09-14 15:48:44', 'bo'),
('a66fff06110f14bf54286732f03cfd338c7ebf3b', 'testclient', 'yohanakanisia@gmail.com57ff834d96ba87.78176813', '2016-11-24 14:15:22', 'bo'),
('a6ab60e99aa0dcfb44706554ad7538dba8007427', 'testclient', 'stereo@social.com57da03f7b1f684.64831477', '2016-11-16 00:13:09', 'bo'),
('a6bfb2aace2618c5ac7db8a1b857d1a6fa3e4cbb', 'testclient', 'oscar_747@hotmail.com580ddaf5578fc2.15586666', '2016-11-23 19:57:14', 'crowdies'),
('a6c0c94801b0185a1c2f459b8e38697fa937eaf8', 'testclient', 'agungwy@gmail.com57d93a52f18b61.99176828', '2016-09-14 13:29:34', 'bo'),
('a70a8b028dc51afceda3484a1b928bc2fe96a60b', 'testclient', 'stereo@social.com57da03f7b1f684.64831477', '2016-11-16 13:37:18', 'bo'),
('a7141bf5ff709a269d34aa6856c49b3fcd4b3e82', 'testclient', 'stereo@social.com57da03f7b1f684.64831477', '2016-11-16 23:14:14', 'bo'),
('a742467899d14358384b885eb601a40f87633d2d', 'testclient', 'agungwy@gmail.com57dac62e53ad22.28354613', '2016-11-07 19:26:16', 'bo'),
('a750c6a2fbbf02f8b60b65d0b4e59f0e8e97647e', 'testclient', 'stereo@social.com57da03f7b1f684.64831477', '2016-11-21 00:55:59', 'bo'),
('a7969fa5cb7413d1b3774f2c5bf7bbdebb037785', 'testclient', 'william.hidayat@gmail.com57ff7e860c6392.02130567', '2016-11-16 23:13:33', 'crowdies'),
('a7c6e0cad87d7084b99323df90a527edc2c31467', 'testclient', 'william.hidayat@gmail.com57d79298248ee1.95361889', '2016-09-13 06:46:00', NULL),
('a805b780dc4f3c6b0b796ae7b9e4e3f76e065261', 'testclient', 'stereo@social.com57da03f7b1f684.64831477', '2016-11-18 20:19:52', 'bo'),
('a85d7c64c7d650775f666480ae6c9cb722e6042f', 'testclient', 'kodok@gmail.com57da2f2e7c0a03.09778199', '2016-11-21 23:35:38', 'crowdies'),
('a88a0eabc0f095b1be43adfe55a93dc10254956a', 'testclient', 'william.hidayat@gmail.com57ff7e860c6392.02130567', '2016-11-20 14:16:33', 'crowdies'),
('a8a9115e440409d4da8c9cb1df12d9e9ad7a1548', 'testclient', 'william.hidayat@gmail.com57ff7e860c6392.02130567', '2016-11-23 03:23:04', 'crowdies'),
('a8cf367b30f2eeaa17659628b592d0830b9b1799', 'testclient', 'stereo@social.com57da03f7b1f684.64831477', '2016-11-15 18:11:22', 'bo'),
('a8ddf6cd423b82c0ffd863b629ee7564a60c69da', 'testclient', 'steve@jobs.co57d8a4c0cc1ae1.01485974', '2016-11-24 11:50:47', 'bo'),
('a8e032e4e1032733e707d06a0b911633ab8bdd91', 'testclient', 'agungwy@gmail.com57d432250fc025.61987160', '2016-09-11 14:26:27', 'bo'),
('a91afc8de34e18c703fd0b15c0f964f28a20a67a', 'testclient', 'william.hidayat@gmail.com57ff7e860c6392.02130567', '2016-11-21 10:56:41', 'crowdies'),
('a98805bab4695d6b1f2ee88b6ea2bfa4006c9ba0', 'testclient', 'agungwy@gmail.com57dac62e53ad22.28354613', '2016-11-05 21:15:18', 'bo'),
('a9a3766c0ba3d1b985b232a534a08637470ad5dc', 'testclient', 'kodok@gmail.com57da2f2e7c0a03.09778199', '2016-11-24 13:36:05', 'crowdies'),
('a9b7f6d46c0a0ddd092ace22eef07c64128ed522', 'testclient', 'kodok@gmail.com57da2f2e7c0a03.09778199', '2016-11-24 13:34:26', 'crowdies'),
('a9d1bfce53b539f07f27ca4823e2b459b3346f7e', 'testclient', 'h.daud@uqconnect.edu.au580d9f66b96d29.28615889', '2016-11-23 15:43:05', 'bo'),
('a9eeecb1db0b69c9d53fcb9af279e84054a88ca2', 'testclient', 'william.henry@ui.ac.id57d6905c82dc94.48093726', '2016-09-12 12:24:12', NULL),
('aac469fc1e51af07bb9a82bd5d2231cec4d03a43', 'testclient', 'stereo@social.com57da03f7b1f684.64831477', '2016-11-09 15:32:21', 'bo'),
('ab3bab9580a3dbb758105805d1a5bd4ef14f9a77', 'testclient', 'one@d.com580aa297548c16.31588117', '2016-11-21 09:27:29', 'bo'),
('aba0220b038ecf205611d0ba2c4008f3bc145c1f', 'testclient', 'arzelord@gmail.com580de578ccec01.59248084', '2016-11-23 20:42:01', NULL),
('abbfad40b1b126d80c18b087633d769202cff7dc', 'testclient', 'yohanakanisia@gmail.com57ff834d96ba87.78176813', '2016-11-24 14:06:09', 'bo'),
('ac429dd436f8d0132dc0f817d4373f7c5541bfa3', 'testclient', 'agungwy@gmail.com57dac62e53ad22.28354613', '2016-11-10 12:09:06', 'bo'),
('aca10313e0cbccdd6a47c31744e05312d14211e6', 'testclient', 'william.hidayat@gmail.com57d2b3bb031944.08580997', '2016-09-12 13:27:22', 'bo'),
('ace6a70f1d5e297dbd2a2adf32042a4d54a7122a', 'testclient', 'william.hidayat@gmail.com57ff7e860c6392.02130567', '2016-11-17 11:52:38', 'crowdies'),
('addf60bc316f570a0b36cfd7b11008f40a427d9f', 'testclient', 'kodok@gmail.com57da2f2e7c0a03.09778199', '2016-11-07 16:16:28', 'crowdies'),
('ae25645160fca68225ffc67f546cd757de968ad4', 'testclient', 'kodok@gmail.com57da2f2e7c0a03.09778199', '2016-11-21 21:53:20', 'crowdies'),
('ae2e19efe686de5ab18a209db60be87dbfd876f3', 'testclient', 'aas@gh.com57d7fe21da6cd6.04185521', '2016-09-13 14:24:50', NULL),
('af2ffcc5f9aadab8d26516eaca93f842cd8d3dc0', 'testclient', 'william.hidayat@gmail.com57d2b3bb031944.08580997', '2016-09-13 01:41:02', 'bo'),
('af51482127f06ba0bb1a215186e28fb62a9a4be6', 'testclient', 'steve@jobs.co57d8a4c0cc1ae1.01485974', '2016-09-14 15:43:33', 'bo'),
('af5be5877b55c5c5d2a16a6a12b663df6bc94c67', 'testclient', 'macan@gmail.com57ffae11c60f82.49298770', '2016-11-13 01:53:54', NULL),
('af659866f83210b37677c5e59f459a29feb4cde1', 'testclient', 'agungwy@gmail.com57d93a52f18b61.99176828', '2016-09-14 15:44:52', 'bo'),
('af817a5823eeb44e2c4b78b2075a10a320fe22db', 'testclient', 'steve@jobs.co57d8a4c0cc1ae1.01485974', '2016-09-14 15:43:30', 'bo'),
('af8512c72b5f97a4273ec2d42cb545b411859f8d', 'testclient', 'kodok@gmail.com57d639ad806927.84666470', '2016-09-12 06:14:21', NULL),
('afb3b0e8f6cc98bda99e37fbc9ae1a6cd2f27270', 'testclient', 'william.hidayat@gmail.com57d2b3bb031944.08580997', '2016-09-11 15:45:43', 'crowdies'),
('afba89135759107588e32ee09816379d66b836c1', 'testclient', 'stereo@social.com57da03f7b1f684.64831477', '2016-11-16 00:28:24', 'bo'),
('afc37a58a43e60ae68836f9ce5ae895eeb415530', 'testclient', 'william.henry@ui.ac.id57d6905c82dc94.48093726', '2016-09-12 12:56:12', 'crowdies'),
('b012a48231240eb7d08bdc3972c93a8cd393e2d5', 'testclient', 'kodok@gmail.com57da2f2e7c0a03.09778199', '2016-11-23 14:48:37', 'crowdies'),
('b069e7f11c7a694d42e1cd2532ac97ea74caf9e5', 'testclient', 'agungwy@gmail.com57dac62e53ad22.28354613', '2016-11-13 15:17:51', 'bo'),
('b09843ea3b188d670c61af7acca9fbbb83439411', 'testclient', 'kodok@gmail.com57da2f2e7c0a03.09778199', '2016-11-03 13:06:58', 'crowdies');
INSERT INTO `oauth_access_tokens` (`access_token`, `client_id`, `user_id`, `expires`, `scope`) VALUES
('b09fee45e31225c38c9b6212b63ea82d8bf16305', 'testclient', 'kodok@gmail.com57da2f2e7c0a03.09778199', '2016-11-09 16:25:45', 'crowdies'),
('b0bd5cfa975a742360f8a34d400ce8284ad25feb', 'testclient', 'kodok@gmail.com57da2f2e7c0a03.09778199', '2016-11-09 23:31:15', 'crowdies'),
('b0cb4dc4e94bd50daed1985eaa6ac0af02521fd7', 'testclient', 'agungwy@gmail.com57dac62e53ad22.28354613', '2016-11-07 16:13:57', 'bo'),
('b0f7152142f2b1004345ef31b66bd99e0daadf94', 'testclient', 'william.hidayat@gmail.com57ff7e860c6392.02130567', '2016-11-17 14:22:02', 'crowdies'),
('b10830410a9ea225b72f3fb61017e2dd28f3b0af', 'testclient', 'stereo@social.com57da03f7b1f684.64831477', '2016-11-15 18:36:20', 'bo'),
('b180c3e78404f782c8e32f17ad4c5e1a24aeccc6', 'testclient', 'william.hidayat@gmail.com57ff7e860c6392.02130567', '2016-11-24 16:08:01', 'crowdies'),
('b1b4ea86ac01902e1ad5104c511decfbc3fa3374', 'testclient', 'bshaffer', '2016-09-09 01:12:57', NULL),
('b1de3d56016a2be6a7eec5be93180774146e0d01', 'testclient', 'agungwy@gmail.com57d93a52f18b61.99176828', '2016-09-14 15:21:35', 'bo'),
('b1e4af13e89fb053039de2e01ba7dcb103c19b89', 'testclient', 'stanleyyau9595@gmail.com580060fbbe0054.57905981', '2016-11-13 14:37:16', NULL),
('b1e8b459c8f72dcf1eeee8a94d853aad5a38fb81', 'testclient', 'william.hidayat@gmail.com57ff7e860c6392.02130567', '2016-11-17 15:28:55', 'crowdies'),
('b1f064ada183aae477d529fad3f6297ff0af2952', 'testclient', 'doe@done.com57db7df30bb580.31962966', '2016-10-16 05:06:59', NULL),
('b20beabc7e68ecb3c6d93dcd07c0cff400947875', 'testclient', 'ghggggv@c.c580ec5829cbc94.18146180', '2016-11-24 12:37:55', NULL),
('b21f5d01189de75a192bd7615673cf4fc22386f9', 'testclient', 'macan@gmail.com57ff929264aab2.41151265', '2016-11-13 00:02:00', 'crowdies'),
('b30ea8ee09d446daa8b8b0cf14fb249a44cdcd37', 'testclient', 'one@d.com5804da590fa678.85900861', '2016-11-17 00:04:09', NULL),
('b33f06c2a8f5ed22dd120b7d8508ed2e98e5a661', 'testclient', 'kodok@gmail.com57da2f2e7c0a03.09778199', '2016-11-10 02:31:42', 'crowdies'),
('b344e846f1ba339ad5fccdfb78fbb31b7467e2dd', 'testclient', 'cantyaps@gmail.com57d7ce2f8de9d7.94641450', '2016-09-13 11:00:15', NULL),
('b38d169126c35f6f9133f64ae3b379fe93868f9d', 'testclient', 'asdas@gmail.co57ff8b2ad8b837.78556994', '2016-11-12 23:25:04', 'crowdies'),
('b43d78eca6199d96850cf92e2f1100297510cdc6', 'testclient', 'william.hidayat@gmail.com57ff7e860c6392.02130567', '2016-11-17 14:29:59', 'crowdies'),
('b4b16ea6f7cf5c4aa0ff326a19b47b4d517d43ca', 'testclient', 'stanleyyau95@hotmail.com57f78abd594894.00746573', '2016-11-07 14:28:14', 'crowdies'),
('b5132c000db70308260b45fffd75b60fce6bb658', 'testclient', 'kodok@gmail.com57da2f2e7c0a03.09778199', '2016-11-10 00:48:17', 'crowdies'),
('b5420da7e70a60a7dcd946ab57555b0bd83f23ca', 'testclient', 'stereo@social.com57da03f7b1f684.64831477', '2016-11-09 20:59:25', 'bo'),
('b57a367255bef483217e6f5d87d45a04d00b0dec', 'testclient', 'yohanakanisia@gmail.com57ff834d96ba87.78176813', '2016-11-12 23:14:15', 'bo'),
('b583d33f7ef088982d7d9526d49bcf78b65239dc', 'testclient', 'agungwy@gmail.com57d93a52f18b61.99176828', '2016-09-14 15:13:09', 'bo'),
('b5928337fcd8d736751e7238f918534f925e69e5', 'testclient', 'agungwy@gmail.com57dac62e53ad22.28354613', '2016-11-09 14:58:14', 'bo'),
('b5d10d27d7320043a47094d1904906e5be4986cb', 'testclient', 'kenny.hidayat@gmail.com580da575e3fe62.92282579', '2016-11-23 16:08:54', NULL),
('b63c54b3fb8f53b068d969c7acad4dfd22c42235', 'testclient', 'stereo@social.com57da03f7b1f684.64831477', '2016-11-07 16:47:49', 'bo'),
('b696b14b45dd6ef2f03932991bd1b2c320c56d71', 'testclient', 'kodok@gmail.com57da2f2e7c0a03.09778199', '2016-11-07 15:59:21', 'crowdies'),
('b69dc4e870d4d0deb239ffe695c7ca8451d781a5', 'testclient', 'kodok@gmail.com57da2f2e7c0a03.09778199', '2016-11-16 22:24:21', 'crowdies'),
('b6b2a4e0b916d0e84836a5bba566576806c52266', 'testclient', 'gajah@gmail.com580cdd0822a490.96306900', '2016-11-23 01:53:46', 'crowdies'),
('b6c9f1e75816798f13136879085447515a5c8584', 'testclient', 'stereo@social.com57da03f7b1f684.64831477', '2016-11-13 14:34:57', 'bo'),
('b7334653f25480276011b02b989022c886bf245d', 'testclient', 'steve@jobs.co57d8a4c0cc1ae1.01485974', '2016-11-15 20:25:48', 'bo'),
('b79186381bf0671f034d41cf9900dd232c017a0e', 'testclient', 'agungwy@gmail.com57d93774930c65.70549437', '2016-09-14 12:41:41', NULL),
('b7be7dd5f3a240901d0119bcdbf39438c7ad4e35', 'testclient', 'hakeemrdaud@gmail.com57e09631d524f9.20511441', '2016-11-24 11:21:32', 'crowdies'),
('b7ddfca7767bc1f009bfa95d46abd380ff19189f', 'testclient', 'william.hidayat@gmail.com57d787ad01cf95.51104441', '2016-09-13 05:59:25', NULL),
('b7e0b8333053e023aefd7328f7bd1c8305e20d82', 'testclient', 'william.hidayat@gmail.com57d2b3bb031944.08580997', '2016-09-09 17:15:05', 'bo'),
('b805dd6f47fe3653b63d581f68ab34e0441d19c7', 'testclient', 'steve@jobs.co57d8a4c0cc1ae1.01485974', '2016-09-14 02:37:54', 'bo'),
('b82253b0567a9db326c4b2f431b2bab7da770667', 'testclient', 'william.hidayat@gmail.com57ff7e860c6392.02130567', '2016-11-17 23:42:43', 'crowdies'),
('b850d1ef0b53762afab52e3c206f18c635546b6d', 'testclient', 'kodok@mail.com57da23f6c22130.99693323', '2016-09-15 05:30:47', NULL),
('b87b59eb5e8fe7acada4ff020087c6026d8aeec8', 'testclient', 'william.hidayat@gmail.com57d2b3bb031944.08580997', '2016-09-09 17:28:38', 'crowdies'),
('b8eb25b42ad5d21747da533883c2e0855049d1fd', 'testclient', 'steve@jobs.co57d8a4c0cc1ae1.01485974', '2016-09-14 14:20:57', 'bo'),
('b919f484474c3beb2141e55aea7659965a6d9379', 'testclient', 'kodok@gmail.com57da2f2e7c0a03.09778199', '2016-11-09 16:22:27', 'crowdies'),
('b94326c0f77738b3292bcf8d922af740cbb20949', 'testclient', 'kodok@gmail.com57da2f2e7c0a03.09778199', '2016-11-23 01:36:30', 'crowdies'),
('b9db60468ab0870aa7871d4a2a34ec3ec2e68a07', 'testclient', 'william.hidayat16@gmail.com57d6c9b379d268.36758052', '2016-09-12 16:28:51', NULL),
('b9dbd98d7405fec64332c1100632cb055589cc1a', 'testclient', 'william.hidayat16@gmail.com57d69fbea6fe62.05858720', '2016-09-12 14:10:40', 'bo'),
('b9e65a6ce825c74584e92f6b1f75b38f384268e7', 'testclient', 'stereo@social.com57da03f7b1f684.64831477', '2016-11-08 21:10:34', 'bo'),
('b9ef24afbfefdf0197641c040bdd3e99c3ac3e0a', 'testclient', 'kodok@gmail.com57da2f2e7c0a03.09778199', '2016-11-24 12:31:10', 'crowdies'),
('ba02f85311fca72ac86ed0f8e483d0fffb0b798f', 'testclient', 'kodok@gmail.com57da2f2e7c0a03.09778199', '2016-11-22 01:48:42', 'crowdies'),
('ba2fa72504aba305ccaf1fa7adad47fc5023c754', 'testclient', 'william.hidayat@gmail.com57ff7e860c6392.02130567', '2016-11-17 15:06:57', 'crowdies'),
('ba3a1d59d56cc988e3523aea714dcec398acd742', 'testclient', 'agungwy@gmail.com57d93a52f18b61.99176828', '2016-09-14 13:27:30', 'bo'),
('ba801ee9bf8e472a6d36945d281ba2d14c6b291f', 'testclient', 'agungwy@gmail.com57dac62e53ad22.28354613', '2016-11-22 20:14:10', 'bo'),
('ba8a1550609c930951a6a87740a43f39ee16005c', 'testclient', 'stanleyyau95@hotmail.com57f78abd594894.00746573', '2016-11-07 14:29:12', 'crowdies'),
('bb6531971f120f9fe148c40a663001391743ab47', 'testclient', 'william.hidayat@gmail.com57ff7e860c6392.02130567', '2016-11-21 14:22:38', 'crowdies'),
('bb96bc598d089fc4920b17e4f4f491ba6b6d885d', 'testclient', 'www@html.com58085dd28595b2.43935638', '2016-11-19 16:27:57', 'crowdies'),
('bce3e200a3c414e9fcebae5f3586cf48cc9599a1', 'testclient', 'kwanhuiyap@gmail.com580f0face3a5f3.76394833', '2016-11-24 17:54:24', 'crowdies'),
('bd08d5748a397fc0fddcbc9b806dd25a52711632', 'testclient', 'william.hidayat@gmail.com57d2b3bb031944.08580997', '2016-09-09 04:26:51', NULL),
('bd0d8bebf8350dc9d06b3eff542c08ff359e849c', 'testclient', 'william.hidayat@gmail.com57ff7e860c6392.02130567', '2016-11-16 15:25:46', 'crowdies'),
('bd309175f3c3e651905ea130f2de2f9a825735e0', 'testclient', 'one@d.com580aa297548c16.31588117', '2016-11-23 03:19:47', 'bo'),
('bd3376acb4cd41090f66b5d7351ffe469f612624', 'testclient', 'agungwy@gmail.com57dac62e53ad22.28354613', '2016-11-06 01:33:20', 'bo'),
('bdb820e43fac39f8f97b816c231a3f5a8a592e5b', 'testclient', 'kodok@gmail.com57da2f2e7c0a03.09778199', '2016-11-07 16:04:45', 'crowdies'),
('be6d68c0c2cbef8b64d34e23284aa929d640211e', 'testclient', 'agungwy@gmail.com57d93a52f18b61.99176828', '2016-09-14 14:16:10', 'bo'),
('be8035c44bebe842916b63eb6dc0c60b4beda4fc', 'testclient', 'william.hidayat@gmail.com57ff7e860c6392.02130567', '2016-11-18 21:12:12', 'crowdies'),
('bf0a676d62011c55d68cbbdf5a508564ee15bca7', 'testclient', 'william.hidayat@gmail.com57d2b3bb031944.08580997', '2016-09-12 16:16:40', 'bo'),
('bf27dd61c0967590a927ebac29f10f39bfa78b43', 'testclient', 'kodok@gmail.com57da2f2e7c0a03.09778199', '2016-11-09 15:46:57', 'crowdies'),
('bf69cbbe883b23d3ab7bc393a973ccbe5996a8e4', 'testclient', 'william.hidayat@gmail.com57ff7e860c6392.02130567', '2016-11-17 16:21:19', 'crowdies'),
('bff2c2bcfd6dc5059c17c6193d3e0c0674e74609', 'testclient', 'william.hidayat@gmail.com57ff7e860c6392.02130567', '2016-11-15 16:50:06', 'crowdies'),
('c014b3c5c1e84e12b6ddaaa8f43b061ac85e3096', 'testclient', 'stereo@social.com57da03f7b1f684.64831477', '2016-11-23 03:31:28', 'bo'),
('c02fbf57edb76e1fec9f59900e1ce564ef29937b', 'testclient', 'kodok@gmail.com57da2f2e7c0a03.09778199', '2016-11-10 01:24:42', 'crowdies'),
('c04a51cf8441ff538f3b31a58fd5c1aa318e8888', 'testclient', 'will@smiths.com5804e12733fd53.18819863', '2016-11-17 12:06:35', 'crowdies'),
('c04f912fab47ef57bbee81fa6bd189af3b823094', 'testclient', 'wesy@kanye.com57d7fa63087113.20767968', '2016-09-13 14:08:51', NULL),
('c051b23b1b206bc44f961b2731f32c2396a87d68', 'testclient', 'agungwy@gmail.com57dac62e53ad22.28354613', '2016-11-07 19:30:04', 'bo'),
('c06e204b1b40364d2d762ed75acf05b485135f04', 'testclient', 'kodok@gmail.com57da2f2e7c0a03.09778199', '2016-11-09 20:50:26', 'crowdies'),
('c0d2ed1703672e5de7db775cb190afae82f37045', 'testclient', 'bshaffer@gmail.com57d378aa784614.03958496', '2016-09-09 18:12:15', 'bo'),
('c20f557191f90af225dc45e84b7c64a1a998509e', 'testclient', 'kodok@gmail.com57da2f2e7c0a03.09778199', '2016-11-10 01:25:57', 'crowdies'),
('c218c2f271bd0d90a74f32e50f9d441ba6ef3957', 'testclient', 'william.hidayat@gmail.com57ff4b00817347.72070522', '2016-11-12 18:51:13', NULL),
('c23d40cfa03617c72d0967482a9e9f42d278bd07', 'testclient', 'john@cena.com57d8c677c90077.63239423', '2016-09-14 04:39:36', NULL),
('c23ee5b842b493f25cb5c30b95d11eadda5a1c6f', 'testclient', 'william.hidayat@gmail.com57d2b3bb031944.08580997', '2016-09-11 08:00:22', 'crowdies'),
('c25413da45bfff94b73ac2b7bc9849bb91581178', 'testclient', 'kodok@gmail.com57da2f2e7c0a03.09778199', '2016-11-07 16:00:39', 'crowdies'),
('c258fc093f089e8c1f6551c28f6526019229673b', 'testclient', 'agungwy@gmail.com57dac62e53ad22.28354613', '2016-11-10 01:19:11', 'bo'),
('c284a106062bf15ebac08c2ddbe6d54f8831a07e', 'testclient', 'stereo@social.com57da03f7b1f684.64831477', '2016-11-07 17:00:35', 'bo'),
('c2c04446b6d6a97b60e19b5f5bd0f3f0a741dc1b', 'testclient', 'steve@jobs.co57d8a4c0cc1ae1.01485974', '2016-09-14 15:29:39', 'bo'),
('c2d6c65bfdedd5d41f78d86910290fd5a933e361', 'testclient', 'stereo@social.com57da03f7b1f684.64831477', '2016-11-10 20:54:44', 'bo'),
('c2fef13a997fd40cebd9c64454fc4215610ba5b6', 'testclient', 'william.hidayat@gmail.com57ff7e860c6392.02130567', '2016-11-18 18:57:03', 'crowdies'),
('c325f356d8b1ba690090b7135c712150be1cbafa', 'testclient', 'kodok@gmail.com57da2f2e7c0a03.09778199', '2016-11-03 00:07:34', 'crowdies'),
('c3264919750d7db9807e84d35cd613fe4c0e4302', 'testclient', 'one@d.com580aa297548c16.31588117', '2016-11-21 09:19:51', NULL),
('c3324c31678056f3c4e536e8850f442390c352b1', 'testclient', 'agungwy@gmail.com57d93a52f18b61.99176828', '2016-09-14 17:27:12', 'bo'),
('c41cacf9bd528031d67c4cefdaa1ee36439604cd', 'testclient', 'steve@jobs.co57d8a4c0cc1ae1.01485974', '2016-09-14 15:17:50', 'bo'),
('c4d423355882ced3ab2e52209a9a64cd2beee259', 'testclient', 'stereo@social.com57da03f7b1f684.64831477', '2016-11-18 13:18:21', 'bo'),
('c51cb725fa1274ef970bef21ead4a426b745290a', 'testclient', 'stereo@social.com57da03f7b1f684.64831477', '2016-11-07 16:35:44', 'bo'),
('c54ffbbad854957d92f9637d9e0d404528af529d', 'testclient', 'william.hidayat@gmail.com57ff7e860c6392.02130567', '2016-11-16 18:50:38', 'crowdies'),
('c632a06247609fbdd028243ca6f3f5a5bd82a8e6', 'testclient', 'katak@gmail.com57f33e1411d5b4.11973478', '2016-11-03 15:31:52', 'crowdies'),
('c64eac75d53da1a0de6a2de5e018bf9b4fac8811', 'testclient', 'steve@jobs.co57d8a4c0cc1ae1.01485974', '2016-09-14 15:08:30', 'bo'),
('c67b27f489cfbd2fd01b12518d3ebd1d8ce4ced8', 'testclient', 'agungwy@gmail.com57dac62e53ad22.28354613', '2016-11-10 01:11:46', 'bo'),
('c6b75a16249b9e3be2b912a58ab5e1176b54c1c6', 'testclient', 'yohanakanisia@gmail.com57ff8058312623.84605648', '2016-11-12 22:38:49', NULL),
('c6df82ba7cc330606cf104da3a916e204db2fb26', 'testclient', 'kodok@gmail.com57da2f2e7c0a03.09778199', '2016-11-08 23:16:56', 'crowdies'),
('c79ad50934d6cf7273b36e2bc9bf1dae0c529f46', 'testclient', 'william.hidayat@gmail.com57ff4d7cbaf8c8.09002507', '2016-11-12 19:08:13', NULL),
('c79e9a83f7f740d090eb616fa69be6029007cb5f', 'testclient', 'steve@jobs.co57d8a4c0cc1ae1.01485974', '2016-09-14 15:25:29', 'bo'),
('c7d79536936620bc5f40929dd038d5c6b52e91c0', 'testclient', 'kodok@gmail.com57da2f2e7c0a03.09778199', '2016-11-07 16:03:26', 'crowdies'),
('c7e4ea48ad482d9dc6e3f144d100ac799e373926', 'testclient', 'william.hidayat@gmail.com57ff7e860c6392.02130567', '2016-11-17 23:43:21', 'crowdies'),
('c7fad62c456abeda21c892fa64c0c2da2288d461', 'testclient', 'kodok@gmail.com57da2f2e7c0a03.09778199', '2016-11-07 15:09:33', 'crowdies'),
('c83477e28808baa064dad174fda150078ba73163', 'testclient', 'agungwy@gmail.com57dac62e53ad22.28354613', '2016-11-15 21:24:48', 'bo'),
('c83ae1df93c953c8633c1005666a2f2d024f42c4', 'testclient', 'yohanakanisia@gmail.com57ff834d96ba87.78176813', '2016-11-12 23:13:29', 'bo'),
('c84c3bdabc6489556b3fbaa190c343676891206e', 'testclient', 'william.hidayat@gmail.com57ff7e860c6392.02130567', '2016-11-15 17:51:56', 'crowdies'),
('c85b6638396be25ca2e205dab8ba523873d54ffd', 'testclient', 'one@d.com580aa297548c16.31588117', '2016-11-21 09:19:54', 'bo'),
('c880ae626fecced9939eafceb1509d2cd8f09982', 'testclient', 'qwrty@mmm.com58005c21455ea6.24114206', '2016-11-13 14:16:33', NULL),
('c91c629122b33e40290f6a1c8f4f15f3126d4f67', 'testclient', 'w.hidayat@uq.net.au57d7979e1544a5.77737113', '2016-09-13 07:07:26', NULL),
('c99a7720e2ffdc7aa023f9ad07d8cc38081beb45', 'testclient', 'kodok@gmail.com57da2f2e7c0a03.09778199', '2016-11-22 20:20:24', 'crowdies'),
('c9ec1090cb9f16891818b12f9f6e541470eb3988', 'testclient', 'hja@jsnb.com57f311a171a288.39690398', '2016-11-03 12:19:14', NULL),
('ca9045a2e915650b457416943baa3487416cac74', 'testclient', 'stereo@social.com57da03f7b1f684.64831477', '2016-11-23 01:44:38', 'bo'),
('cae67058e137e4798c04cbb7f774c95a58a3c809', 'testclient', 'steve@jobs.co57d8a4c0cc1ae1.01485974', '2016-11-23 01:35:38', 'bo'),
('cb118ba13ff87fde7702044cd803605c4f962445', 'testclient', 'one@D.con5804d7d3428685.01266096', '2016-11-16 23:53:23', NULL),
('cb48acb7f328f7e4f7445cff31b88d7ac2dd53a8', 'testclient', 'arzelord@gmail.com57d57548953001.35135251', '2016-09-11 16:16:25', NULL),
('cb85301cbc59940a8301a870fedc28270d4c0ed4', 'testclient', 'fuji@film.com57d80be3f11e31.33096225', '2016-09-13 15:23:32', NULL),
('cba3c03d361940d99267489aad541f4ba4fdae63', 'testclient', 'steve@jobs.co57d8a4c0cc1ae1.01485974', '2016-09-14 15:19:40', 'bo'),
('cbb7c36b7cd02895cd739cc50174a9817c1db8e8', 'testclient', 'kodok@gmail.com57da2f2e7c0a03.09778199', '2016-11-03 01:59:03', 'crowdies'),
('cbcba4af20f6afdc630f2cb481010f4d0b331c29', 'testclient', 'agungwy@gmail.com57dac62e53ad22.28354613', '2016-11-10 01:57:50', 'bo'),
('cbf7c07f658085334ae3fc81271495389e9f15ae', 'testclient', 'kodok@gmail.com57da2f2e7c0a03.09778199', '2016-11-08 23:41:11', 'crowdies'),
('cd0fd44b0525921d5df775478210737e3524fd06', 'testclient', 'william.hidayat@gmail.com57ff7e860c6392.02130567', '2016-11-17 14:13:07', 'crowdies'),
('cd4abeedab5c9a5e33cb84958002bfcd1cf4ad79', 'testclient', 'william.hidayat@gmail.com57ff7e860c6392.02130567', '2016-11-17 14:56:37', 'crowdies'),
('cd642f756bf807507b54aa07f35f0dfa1cbbc327', 'testclient', 'stereo@social.com57da03f7b1f684.64831477', '2016-11-20 13:52:39', 'bo'),
('cd72bb489531f3bc34f6028980bc881876b27135', 'testclient', 'macan@gmail.com57ff84bf6e9ea7.37466677', '2016-11-12 22:57:38', 'crowdies'),
('cd9833674e1bd096cbe1d7fbcf00edfa1255df58', 'testclient', 'william.hidayat@gmail.com57ff7e860c6392.02130567', '2016-11-18 19:14:26', 'crowdies'),
('cdce3e2aa1ad97a090badaa7edb8fdb259ab0626', 'testclient', 'stereo@social.com57da03f7b1f684.64831477', '2016-11-16 13:25:57', 'bo'),
('cded6e819f50dda652b66409cce40b929589b3b3', 'testclient', 'william.hidayat@gmail.com57ff7e860c6392.02130567', '2016-11-18 19:33:19', 'crowdies'),
('ce31f4c266e7aed4aefbccd50f5f605f3d60b4e4', 'testclient', 'kodok@gmail.com57da2f2e7c0a03.09778199', '2016-11-12 22:52:26', 'crowdies'),
('ce6cf3254b880848db8710b46c9e776f9f023321', 'testclient', 'steve@jobs.co57d8a4c0cc1ae1.01485974', '2016-10-18 09:51:09', 'bo'),
('cf0e1a1411fe5777ee39b7c4669649166399410e', 'testclient', 'stereo@social.com57da03f7b1f684.64831477', '2016-11-15 21:53:44', 'bo'),
('cf289e5ba80edd44457b2da28145079af3b969b4', 'testclient', 'stanley.hidayat@gmail.com580d8b1bdbb721.94426457', '2016-11-23 14:16:30', 'crowdies'),
('cf78627af9f7854ac4e026b7b057ced38520c1eb', 'testclient', 'kodok@gmail.com57da2f2e7c0a03.09778199', '2016-11-16 13:07:49', 'crowdies'),
('cfbb0f232c7be28033bbd19298583cb188180ee5', 'testclient', 'kodok@gmail.com57da2f2e7c0a03.09778199', '2016-11-07 16:08:43', 'crowdies'),
('d03979beaaf5a7f66079016cc71f1da14858b839', 'testclient', 'agungwy@gmail.com57d57c64ac1895.24310076', '2016-09-12 05:02:43', 'crowdies'),
('d072f3a2762dc8753c0294d74552f04ae52c0ae5', 'testclient', 'kodok@gmail.com57da2f2e7c0a03.09778199', '2016-11-02 23:04:52', 'crowdies'),
('d073f70f72bab60ad65922d19a79b6478047bc92', 'testclient', 'william.hidayat@gmail.com57ff7e860c6392.02130567', '2016-11-17 14:00:15', 'crowdies'),
('d10480741b6b853118ce3f7f5a1a56dd56d38574', 'testclient', '3g@3g.com57db7240d3f6b4.87275611', '2016-10-16 04:28:33', 'crowdies'),
('d17d88171eac8d6966377e836ab7dd1639e226ea', 'testclient', 'kodok@gmail.com57da2f2e7c0a03.09778199', '2016-11-07 19:14:02', 'crowdies'),
('d19c58746d8271fbeec208c51fca2aee0b71e568', 'testclient', 'steve@jobs.co57d8a4c0cc1ae1.01485974', '2016-09-14 15:24:42', 'bo'),
('d1a6f2850c0ced65db8255e59cdb8afa9371062f', 'testclient', 'jerapah@gmail.com580de5dbeb77f3.14106615', '2016-11-23 20:43:40', NULL),
('d1e2261aa280400302be98aed151bd61ef45a76a', 'testclient', 'kodok@gmail.com57da2f2e7c0a03.09778199', '2016-11-08 20:53:19', 'crowdies'),
('d220d5c13b0139b649920124d6897bf0d28957e3', 'testclient', 'william.hidayat@gmail.com57ff7e860c6392.02130567', '2016-11-17 15:37:59', 'crowdies'),
('d22cada68207740d0ba2282bf535556be9394251', 'testclient', 'kenny.hidayat@gmail.com580da88159a662.89241037', '2016-11-23 16:22:00', 'crowdies'),
('d2368e012b0f13a0316cfcc3c2494ec0d864238d', 'testclient', 'kodok@gmail.com57da2f2e7c0a03.09778199', '2016-11-21 21:37:04', 'crowdies'),
('d2451cffa342258b834166939de562911280539b', 'testclient', 'agungwy@gmail.com57d93a52f18b61.99176828', '2016-09-14 15:44:52', 'bo'),
('d2766fa3fe80406ce1c535f7ba3232caee93fe75', 'testclient', 'kenny.hidayat@gmail.com580da6fe15e1b4.07841624', '2016-11-23 16:15:26', NULL),
('d2bfd234db70edf34883c2138bd05cd17436f52b', 'testclient', 'william.hidayat@gmail.com57ff7e860c6392.02130567', '2016-11-16 18:23:33', 'crowdies'),
('d2e40f303be992ecf7600a2880ca79123092ed7a', 'testclient', 'one@d.com5804e0ce72ee76.34465142', '2016-11-19 16:34:50', 'bo'),
('d2e5a88ae439abc1a22a202197ea83217037d568', 'testclient', 'tester@test.con580ed919651f05.74121275', '2016-11-24 14:01:29', NULL),
('d3452aacc85071bd9fed7ec42486cfd9dd376576', 'testclient', 'william.hidayat@gmail.com57ff7e860c6392.02130567', '2016-11-16 22:39:44', 'crowdies'),
('d396a0561a6618fd0b01a4f7be3eded5b306d0d9', 'testclient', 'cantyaps@gmail.com57d7cba827a564.64320385', '2016-09-13 10:49:28', NULL),
('d3b8b807fc90f726f66fef2b0d91ba30f2d81ad8', 'testclient', 'agungwy@gmail.com57d57c64ac1895.24310076', '2016-09-11 16:46:45', NULL),
('d3b8cdfda86ed12b19e57341c7889f08a2a514b1', 'testclient', 'william.hidayat@gmail.com57ff7e860c6392.02130567', '2016-11-21 09:22:52', 'crowdies'),
('d410ae6db78b6fb48cd22d93c8b743c2a3050eb6', 'testclient', 'agungwy@gmail.com57dac62e53ad22.28354613', '2016-11-05 21:33:10', 'bo'),
('d4e7fb72c7fdb726add096bb92d1bb44bfb5cbc4', 'testclient', 'stereo@social.com57da03f7b1f684.64831477', '2016-11-15 21:32:18', 'bo'),
('d51fb97126d4fb3d67cecfaddfa1f075f61de44e', 'testclient', 'agungwy@gmail.com57dac62e53ad22.28354613', '2016-11-10 02:43:21', 'bo'),
('d54e6c4b6b5bd1a6dac8107d85368cbca7dc5dc8', 'testclient', 'agungwy@gmail.com57dac4193195f4.02191731', '2016-09-15 16:55:57', 'bo'),
('d58a2fed9821e99acfccc1bd51fa190b637b8618', 'testclient', 'agungwy@gmail.com57d6370b977116.22328267', '2016-09-12 06:31:08', 'crowdies'),
('d607c01786b4ed13167877f4f60ea84ca9bf95ff', 'testclient', 'eprabowo@msn.com580c89ee998138.17201618', '2016-11-22 20:19:53', 'crowdies'),
('d60b60a6350c2314f68c405a577fc01d3a5173b2', 'testclient', 'one@d.com5804da590fa678.85900861', '2016-11-17 00:05:22', 'bo'),
('d671dd20c5a15c634436830132f8a17452b7fb13', 'testclient', 'steve@jobs.co57d8a4c0cc1ae1.01485974', '2016-09-14 15:55:09', 'bo'),
('d6a16b471aa8eca3d6d1e2551187378c81efaa4d', 'testclient', 'agungwy@gmail.com57dac62e53ad22.28354613', '2016-11-10 02:20:15', 'bo'),
('d84bd752aa8f0df7230cb0eded4074dc9fa0ee99', 'testclient', 'steve@jobs.co57d8a4c0cc1ae1.01485974', '2016-09-15 11:04:30', 'bo'),
('d8fc04cd80ec79ad96b3e3a76501009538a5bef1', 'testclient', 'agungwy@gmail.com57dac62e53ad22.28354613', '2016-11-22 19:46:48', 'bo'),
('d9f082b4403bdfcce543b9720f6fd9fe0855f04f', 'testclient', 'agungwy@gmail.com57dac4193195f4.02191731', '2016-09-15 17:00:57', 'bo'),
('d9f709d5a55164e6533874c813532779bf97551b', 'testclient', 'aadc@hotmail.com580a2e6c478cc2.79413736', '2016-11-21 01:04:12', NULL),
('da1d9fa2be2ee8e1c7df419bac622cf6b7116fda', 'testclient', 'cantyaps@gmail.com57d7cf034a4620.56121320', '2016-09-13 11:03:47', NULL),
('da456628d7162aad782791a35bea86dd44ff8200', 'testclient', 'stereo@social.com57da03f7b1f684.64831477', '2016-11-23 02:57:43', 'bo'),
('da66507719da96d1801d2a2396de776152273a86', 'testclient', 'steve@jobs.co57d8a4c0cc1ae1.01485974', '2016-10-16 03:50:50', 'bo'),
('da6ceacf9d910071bd025bda21bed19ce851f292', 'testclient', 'kenny.hidayat@gmail.com580da575e3fe62.92282579', '2016-11-23 16:09:08', 'crowdies'),
('dab93b9d4045a7d2b4639f4b068b4cabb954dcf9', 'testclient', 'agungwy@gmail.com57d432250fc025.61987160', '2016-09-11 15:20:13', 'bo'),
('db0563007923c0cb2df856063eadc07c7961d700', 'testclient', 'kodok@gmail.com57da2f2e7c0a03.09778199', '2016-11-24 14:28:34', 'crowdies'),
('db19ce9efc3caed4fc19e2b8550cd3ca8d421627', 'testclient', 'stereo@social.com57da03f7b1f684.64831477', '2016-11-24 16:00:09', 'bo'),
('db30e3afc19f8f318e0c3ca7210bdb460943c80c', 'testclient', 'wosj@hakam.com57d79bb877b686.27974723', '2016-09-13 07:24:58', NULL),
('dbbe88ae7f974225a26090e996cafc188eb63ca2', 'testclient', 'william.hidayat@gmail.com57d2b3bb031944.08580997', '2016-09-11 05:55:08', 'crowdies'),
('dbca0ea15c46898f90635acf3da6cf6d149ef20d', 'testclient', 'will@smiths.com5804dad78bc738.30123258', '2016-11-17 00:06:22', 'crowdies'),
('dbd12e757a4ab4291f3de0b9e25ae464c6feef8e', 'testclient', 'kodok@gmail.com57da2f2e7c0a03.09778199', '2016-11-03 13:26:51', 'crowdies'),
('dc296830c27651bcb97265c42ee076554c03a287', 'testclient', 'stanley.hendra@gmail.com57d80e46cc2e28.40580274', '2016-09-13 15:33:43', NULL),
('dc3c95a59c6227909a431d1b069c2c20684afcfa', 'testclient', 'william.hidayat@gmail.com57d2b3bb031944.08580997', '2016-09-09 17:15:30', 'crowdies'),
('dc3ffee4fbe5900dcd0c3a63777e4b1d6c15f5b2', 'testclient', 'william.hidayat@gmail.com57ff7e860c6392.02130567', '2016-11-17 15:03:08', 'crowdies'),
('dc80d2f5a0e4063f32e027e3c1ed69625fe6d711', 'testclient', 'www@html.com58085dd28595b2.43935638', '2016-11-19 16:03:59', 'crowdies'),
('dc855fdb3fe0bced314fa2278bfcb9e73b57011c', 'testclient', 'asdas@gmail.com57ff8af2d6a692.96582722', '2016-11-12 23:24:05', 'crowdies'),
('dc9dd59406162de2654edede9883a286e35c28f4', 'testclient', 'steve@jobs.co57d8a4c0cc1ae1.01485974', '2016-09-14 14:24:47', 'bo'),
('dd23b1c4ee893f2202b29fedb55a2c36ea80423e', 'testclient', 'macan@gmail.com57ff84bf6e9ea7.37466677', '2016-11-12 22:57:35', NULL),
('dd3fe64ca1e019ca4f8093cf616ed2c08a9e9894', 'testclient', 'william.hidayat@gmail.com57d2b3bb031944.08580997', '2016-09-09 17:51:43', 'crowdies'),
('dd515fe3c276e88bf1201b42e0c3b2a37ac5a471', 'testclient', 'secretsparrow@gmail.com57d8a44b6ab4a2.29569292', '2016-09-14 02:13:47', NULL),
('dd524ef59e2d5cb467a672e2842b43555f24c225', 'testclient', 'stereo@social.com57da03f7b1f684.64831477', '2016-11-07 19:12:37', 'bo'),
('dd658bef747825985f031049f2be512ad6adb21b', 'testclient', 'william.hidayat@gmail.com57d2b3bb031944.08580997', '2016-09-09 17:48:43', 'crowdies'),
('dd72ef0f58dbfec4e858a1a0027feba59c7c047d', 'testclient', 'kodok@gmail.com57da2f2e7c0a03.09778199', '2016-11-09 21:47:51', 'crowdies'),
('dda4d1cd1f8d90efb10120ce7b1b74178afdb8a2', 'testclient', 'kwanhuiyap@gmail.com580f0face3a5f3.76394833', '2016-11-24 17:54:21', NULL),
('dde436c1c9fb9dc3d7407b524cad0ab8b20025e1', 'testclient', 'kodok@gmail.com57da2f2e7c0a03.09778199', '2016-11-07 16:56:10', 'crowdies'),
('de402242eaa2610a6fa495f303cd7bdcae94b554', 'testclient', 'stereo@social.com57da03f7b1f684.64831477', '2016-11-21 10:57:05', 'bo'),
('de7d78241e4c16ca1fbb3f288ee775a61c9c4c5f', 'testclient', 'william.hidayat@gmail.com57ff7e860c6392.02130567', '2016-11-20 19:31:49', 'crowdies'),
('de92d917578b145efaf0813a38a0aed9ed07832a', 'testclient', 'kodok@gmail.com57da2f2e7c0a03.09778199', '2016-11-08 18:42:55', 'crowdies'),
('dea0590a69274115e4be0ecc0c37bb4f4e4443d9', 'testclient', 'steve@jobs.co57d8a4c0cc1ae1.01485974', '2016-09-14 15:43:44', 'bo'),
('deb672cce2b44af60980cde998cd6c6366c8ffe2', 'testclient', 'william.hidayat@gmail.com57ff7e860c6392.02130567', '2016-11-20 13:59:10', 'crowdies'),
('debd4d5efbd0a63c31dfbfc469fbb0980f263f7d', 'testclient', 'william.hidayat@gmail.com57ff7e860c6392.02130567', '2016-11-18 22:48:49', 'crowdies'),
('dedb05a8cc1e3705984768da8773a8dfe8f42aa4', 'testclient', 'ty@otwel.com57d7fdbf1e1319.12094994', '2016-09-13 14:23:11', NULL),
('df0b3126fb4aab0e9408800a6d3b90a30e630851', 'testclient', 'mr.rage@ui.com57d804bbd28697.73764528', '2016-09-13 14:53:00', NULL),
('df3b510839e0ad9b73ffacfc066f856f179e94a5', 'testclient', 'ediwan_p@yahoo.com580c8d01926fa6.21773165', '2016-11-22 20:12:18', NULL),
('df6f5bfc8bf5bc8aea45bdd78d83ff8e1be6da2b', 'testclient', 'hakeemrdaud@gmail.com57e09631d524f9.20511441', '2016-11-24 11:48:25', 'crowdies'),
('dfb91d2e3ccc6c9a1d3489d29eabc0fa4a92385b', 'testclient', 'buaya@gmail.com57fdd81e2988c7.54438861', '2016-11-11 16:28:46', NULL),
('dfc97bcc50d8b4e6d6247c9fba0ecdeb1768d144', 'testclient', 'kangguru@gmail.com580dec3a07cf45.48438081', '2016-11-23 21:11:21', 'crowdies'),
('e01c6c5172449036198c2d2ceb868b7dcb477fde', 'testclient', 'kodok@gmail.com57da2f2e7c0a03.09778199', '2016-11-03 12:27:37', 'crowdies'),
('e08738822379060b23d98177fe76ea981e231c7a', 'testclient', 'kolor@gmail.com57d803c492a668.97551094', '2016-09-13 14:48:53', NULL),
('e0bb8a2dfa6ce87627e8cc0ee44222286177f235', 'testclient', 'kodok@gmail.com57da2f2e7c0a03.09778199', '2016-11-08 20:58:46', 'crowdies'),
('e0f33e4aa76b68273693fd823c5265acb674742c', 'testclient', 'kodok@gmail.com57da2f2e7c0a03.09778199', '2016-11-02 23:19:11', 'crowdies'),
('e10f73f68ab937a53f8eca4dc1f7d9b5a23866ef', 'testclient', 'steve@jobs.co57d8a4c0cc1ae1.01485974', '2016-11-23 01:51:40', 'bo'),
('e12d0bccb26083ad9004bba35a663a9227db2e25', 'testclient', 'kodok@gmail.com57da2f2e7c0a03.09778199', '2016-11-02 23:14:47', 'crowdies'),
('e153a42102cd892785e1de1c50e6281bc1a91607', 'testclient', 'steve@jobs.co57d8a4c0cc1ae1.01485974', '2016-09-14 02:32:05', 'bo'),
('e1548e1bced9a642989d564e6943692f103f9cb3', 'testclient', 'hahah@hahah.com57d7ef025933f5.64139877', '2016-09-13 13:20:18', NULL),
('e1bcfe29c1dd77575152b61a83130402d937b558', 'testclient', 'william.hidayat@gmail.com57ff7e860c6392.02130567', '2016-11-20 12:31:28', 'crowdies'),
('e1be7ca815d720edac91cf4c2fe6987ddf70c32c', 'testclient', 'agungwy@gmail.com57dac62e53ad22.28354613', '2016-11-11 16:07:35', 'bo'),
('e251f08a073bf00224c4efcca6ad26dfd12cbffe', 'testclient', 'qwrty@mmm.com58005c21455ea6.24114206', '2016-11-16 12:12:34', 'crowdies'),
('e27fa293a62260905bf8554b20bc3c07fb11396e', 'testclient', 'kodok@gmail.com57da2f2e7c0a03.09778199', '2016-11-03 00:18:34', 'crowdies'),
('e28e8e576f8c4d86d47f2797787caf16f29681ac', 'testclient', 'h.daud@uqconnect.edu.au580d9f66b96d29.28615889', '2016-11-23 17:30:14', 'bo'),
('e2c8ad4afa80a3c180f4b57c79447aeee3102bac', 'testclient', 'william.hidayat@gmail.com57d2b3bb031944.08580997', '2016-09-12 16:21:25', 'bo'),
('e2f81fd67a8dc01019a54b5d18d8c8a97d70d231', 'testclient', 'stereo@social.com57da03f7b1f684.64831477', '2016-11-10 01:10:36', 'bo'),
('e3122ced29d14d92c4453626ebfc24b693f659c2', 'testclient', 'kodok@gmail.com57da2f2e7c0a03.09778199', '2016-11-07 17:22:54', 'crowdies'),
('e32b8fd74915e9408baabf7d575c0d85642b27fc', 'testclient', 'kodok@gmail.com57da2f2e7c0a03.09778199', '2016-11-10 01:20:54', 'crowdies'),
('e33e7695ee7cae2c46d8ef23b4ea22e2ca90508c', 'testclient', 'stereo@social.com57da03f7b1f684.64831477', '2016-11-07 16:19:55', 'bo'),
('e35cfd95ccdfdb87b28ba77982077e70e51c4666', 'testclient', 'william.hidayat@gmail.com57ff4b00817347.72070522', '2016-11-12 18:59:22', 'crowdies'),
('e3798556583524efe494699d4621d86619120c5e', 'testclient', 'kodok@gmail.com57da2f2e7c0a03.09778199', '2016-11-07 15:10:12', 'crowdies'),
('e37a4834e3c1f63189856f953da099d3e9abd49e', 'testclient', 'agungwy@gmail.com57d93a52f18b61.99176828', '2016-09-14 15:44:39', 'bo'),
('e3896bd408ce16f3e023911637d607a6c146ced3', 'testclient', 'agungwy@gmail.com57d93a52f18b61.99176828', '2016-09-15 12:51:09', 'bo'),
('e395b31ff3cd178346b34388302b4c20100be285', 'testclient', 'eban@workingmouse.com580ef725c55ba2.89797603', '2016-11-24 16:09:51', 'bo'),
('e3962fc885114f8f7233fee844ab03eeaac738ad', 'testclient', 'william.hidayat@gmail.com57ff7e860c6392.02130567', '2016-11-14 10:17:28', 'crowdies'),
('e421629cc0b932193798e0abbfdd4b798f8dbf4b', 'testclient', 'agungwy@gmail.com57dac62e53ad22.28354613', '2016-11-11 17:02:29', 'bo'),
('e42f113eeafd2caa3bc40fedf12b8b7d884a7f09', 'testclient', 'Koin@koin.com57f89fe9832e82.36489015', '2016-11-07 17:27:38', NULL),
('e504293b0503a64b20c8db68c6d57313de663b8d', 'testclient', 'kodok@gmail.com57da2f2e7c0a03.09778199', '2016-11-16 23:35:41', 'crowdies'),
('e55414bc0dc0afacc82e9740361f731e5146abf6', 'testclient', 'kodok@gmail.com57da2f2e7c0a03.09778199', '2016-09-15 16:59:57', 'crowdies'),
('e56dff336354e242616370bcc5632e9d08739e4d', 'testclient', 'william.hidayat16@gmail.com57d6ca28bd3773.26806777', '2016-09-12 16:30:49', NULL),
('e580f55b48e9415941d88ef48543a1c912b956b9', 'testclient', 'kodok@gmail.com57da2f2e7c0a03.09778199', '2016-09-15 06:18:39', NULL),
('e59c601c87f07c1bf214a6e94a38db3f1a7e5156', 'testclient', 'kodok@gmail.com57da2f2e7c0a03.09778199', '2016-10-27 14:48:23', 'crowdies'),
('e5f8f51eb36b649a427bb7c3a0233e84e628c4aa', 'testclient', 'kodok@gmail.com57da2f2e7c0a03.09778199', '2016-11-07 16:01:30', 'crowdies'),
('e6451cf9f55527f72cdc3ba2377b563e8c36f77e', 'testclient', 'william.hidayat@gmail.com57ff7e860c6392.02130567', '2016-11-17 23:01:47', 'crowdies'),
('e6881618ef5323f3d8d5761fac438e9320b7a614', 'testclient', 'stereo@social.com57da03f7b1f684.64831477', '2016-11-24 14:31:48', 'bo'),
('e68ee5fee70886e8fd2040add8bfe53fb17a589b', 'testclient', 'agungwy@gmail.com57d93a52f18b61.99176828', '2016-09-14 14:36:12', 'bo'),
('e69c61c2d1cc43074f4dd8752ac1fe6ea23030b3', 'testclient', 'kodok@gmail.com57da2f2e7c0a03.09778199', '2016-11-03 13:23:49', 'crowdies'),
('e69e70fdf9d952e567810a8d7e610fee13b068d4', 'testclient', 'agungwy@gmail.com57dac62e53ad22.28354613', '2016-11-07 19:26:46', 'bo'),
('e6fb91de514f8da90fceb6c158b88daa7676eee6', 'testclient', 'agungwy@gmail.com57d93a52f18b61.99176828', '2016-09-15 05:28:36', 'bo'),
('e7a4b1b19c8445a53bc1e78ad04a0dad4561cacb', 'testclient', 'william.hidayat@gmail.com57d786c871f1d2.45099665', '2016-09-13 05:55:36', NULL),
('e7adb7edd6e2cc4b089c47e88e1db3ab6b2bd08a', 'testclient', 'agungwy@gmail.com57d93a52f18b61.99176828', '2016-09-14 12:53:55', NULL),
('e7c9f2445b874da5bb741c970f435a52d9aa5529', 'testclient', 'stereo@social.com57da03f7b1f684.64831477', '2016-11-16 23:15:37', 'bo'),
('e7cb3524e420f0add892ef566e49ea126e4cb8f0', 'testclient', 'kodok@gmail.com57da2f2e7c0a03.09778199', '2016-11-11 17:00:15', 'crowdies'),
('e7daa3d6f7d69e9cdf7ae3ed9ded5b769db719a8', 'testclient', 'william.hidayat@gmail.com57d2b3bb031944.08580997', '2016-09-09 17:52:08', 'crowdies'),
('e8638f2eaa84970588ac71d9ca2de8fb083d23d4', 'testclient', 'agungwy@gmail.com57dac62e53ad22.28354613', '2016-11-23 02:01:18', 'bo'),
('e8a992f4dc81b9a3d9db3ff6f1f92f975a59aec0', 'testclient', 'abcd@gmail.com580ecdd7c31a48.97329553', '2016-11-24 13:13:28', NULL),
('e950c1067272e761376a1038d3fff27dcad97c73', 'testclient', 'one@D.con5804d7d3428685.01266096', '2016-11-16 23:53:25', 'bo'),
('e9571b5d9fbb6a36aff19672ce07df764830038f', 'testclient', 'arzelord@gmail.com580de578ccec01.59248084', '2016-11-24 07:06:36', 'bo'),
('e998b24464c8e5bebd1b4af2222779f3d98dc6a4', 'testclient', 'william.hidayat@gmail.com57ff7e860c6392.02130567', '2016-11-16 22:37:06', 'crowdies'),
('e9a3f55bed50b7573f3ac9a8fcce511ca443cada', 'testclient', 'agungwy@gmail.com57dac62e53ad22.28354613', '2016-11-06 00:24:52', 'bo'),
('e9a899d377f05e4a8698b7f5aeea81c213b460eb', 'testclient', 'agungwy@gmail.com57dac62e53ad22.28354613', '2016-11-06 02:02:59', 'bo'),
('e9e20771ece4d8e85ca940840af4c5858ee38d64', 'testclient', 'qddioio@ggg.com580ec8dc38fd93.90715443', '2016-11-24 12:52:12', NULL),
('e9e344d86d235e3e19e25743db8fc5a65a6298f0', 'testclient', 'kodok@gmail.com57da2f2e7c0a03.09778199', '2016-11-07 19:14:12', 'crowdies'),
('ea60d6d4f96dc109462ea57af60cd2e1630551e3', 'testclient', 'william.hidayat@gmail.com57ff4d7cbaf8c8.09002507', '2016-11-12 22:18:55', NULL),
('ea85204f32427172e974a26e4234d00cd69af7f2', 'testclient', 'kodok@gmail.com57d57c21a78501.60529217', '2016-09-11 16:45:38', NULL),
('ea9eedb74780bea90a2ed65c3282acacfddb2560', 'testclient', 'will@smiths.com5804d5db103537.58539245', '2016-11-16 23:48:21', 'crowdies'),
('eaba9e2361c511f1681ee1bcb90c4d20b0c9a67c', 'testclient', 'agungwy@gmail.com57dac62e53ad22.28354613', '2016-11-06 00:58:26', 'bo'),
('eacf310366d65d88a0bf5a2b266befc280976427', 'testclient', 'kodok@gmail.com57da2f2e7c0a03.09778199', '2016-11-07 15:59:51', 'crowdies'),
('ead21dc1a4973b854a3802d29045c43aae938f94', 'testclient', 'william.hidayat@gmail.com57ff7e860c6392.02130567', '2016-11-18 13:19:58', 'crowdies'),
('ead811b2430b426fa31e23ad0a8227e747351312', 'testclient', 'william.hidayat@gmail.com57d2b3bb031944.08580997', '2016-09-09 17:46:26', 'crowdies'),
('eb102e8101bdbd1c5abb5d9375cd3b0d5f033f0d', 'testclient', 'stereo@social.com57da03f7b1f684.64831477', '2016-11-15 18:09:42', 'bo'),
('eb3db3d9c9dac8f80e17cd001372d17a42890a5a', 'testclient', 'stereo@social.com57da03f7b1f684.64831477', '2016-11-10 00:26:43', 'bo'),
('eb3e186a0a0aa992592a5737da1f7294b705e191', 'testclient', 'william.hidayat@gmail.com57ff7e860c6392.02130567', '2016-11-15 15:36:08', 'crowdies'),
('eb47b93e4366cabd8012e99b617d48987b3a529d', 'testclient', 'william.hidayat@gmail.com57d2b3bb031944.08580997', '2016-09-12 14:05:09', 'bo'),
('ebb6bd384bcd5dee28177693c0e4ba3859569a92', 'testclient', 'kodok@gmail.com57da2f2e7c0a03.09778199', '2016-11-03 13:20:11', 'crowdies'),
('ebeb6e5027ec29402febf0481d1d2faaf826d7f4', 'testclient', 'ibis@gmail.com580df2a9e08014.79015033', '2016-11-23 21:38:18', NULL),
('ec375b8eab9a218ab6e320993a10e582d6efbb1b', 'testclient', 'kodok@gmail.com57da2f2e7c0a03.09778199', '2016-11-24 11:59:12', 'crowdies'),
('ec855e8fc0f625d66c91ff3835e91254ba81beea', 'testclient', 'cantyaps@gmail.com57d7cfd1030383.62507160', '2016-09-13 11:07:13', NULL),
('ecc9f0e8d37436634baa17fd3cddd03bfe6b729a', 'testclient', 'stanley.hidayat@gmail.com57d80f8e61da86.85012500', '2016-09-13 15:39:10', NULL),
('ecdff41847eded6a1e1325dbd7a165edc5252d42', 'testclient', '3g@3g.com57db7240d3f6b4.87275611', '2016-10-16 04:23:53', 'crowdies'),
('eceababb9d42ef21c4afd0b806d56417a34c0664', 'testclient', 'buaya@gmail.com57fdd70a2f26b0.78925920', '2016-11-11 16:24:10', NULL),
('ed5932e8f366b74f0a6fecc7a0c40c3db5f0f6c9', 'testclient', 'kodak@twitter.com57d80c7e2c7611.08786356', '2016-09-13 15:26:06', NULL),
('edaf104c5baa2f1c461841d80887b7e28d503ca3', 'testclient', 'stereo@social.com57da03f7b1f684.64831477', '2016-11-18 14:45:16', 'bo'),
('ede85bbd66fa005eb3cb212a8a83995d71387481', 'testclient', 'juli@gmail.com57f35c036d35c5.77712666', '2016-11-03 17:36:35', NULL),
('edf27740cf9f0f118ef12cb12e13bb9f41cf0a69', 'testclient', 'stanley@mask.com57d811bb92ec66.02562435', '2016-09-13 15:48:27', NULL),
('ee2f53216d83f06a8e9ca50636fef45f45a265c2', 'testclient', 'agungwy@gmail.com57d6370b977116.22328267', '2016-09-12 10:58:25', 'crowdies'),
('ee369b879fb88a523438cc9c2cc0fae88c36e8b9', 'testclient', 'agungwy@gmail.com57dac62e53ad22.28354613', '2016-11-07 19:24:32', 'bo'),
('ee49e269fa03b3b223cd54ef58a964810412c34b', 'testclient', 'william.henry2009@hotmail.com57f25cbf560c98.09836012', '2016-11-03 00:20:11', 'crowdies'),
('ee5437cec0fc83f0ab51080f3184f7c8ac487f02', 'testclient', 'kodok@gmail.com57da2f2e7c0a03.09778199', '2016-11-21 21:54:20', 'crowdies'),
('eea44321ea84aa52933af5e773d5808f864dbb8d', 'testclient', 'william.hidayat@gmail.com57ff7e860c6392.02130567', '2016-11-18 14:45:39', 'crowdies'),
('eeac1e5d199abf4b0d687f722dc3f36633ea6c49', 'testclient', 'kodok@gmail.com57da2f2e7c0a03.09778199', '2016-11-15 16:49:43', 'crowdies'),
('ef08a8fa2c03e1b670d014c601df32e1c35d30fa', 'testclient', 'stanleyyau95@hotmail.com57f78abd594894.00746573', '2016-11-07 14:28:39', 'crowdies'),
('ef1d16feffb76924f386bafb4c4543257867244c', 'testclient', 'macan@gmail.com57ffae11c60f82.49298770', '2016-11-13 01:53:55', 'crowdies'),
('ef6b5e429ba73f968492afc3f7837725a47777b6', 'testclient', 'stereo@social.com57da03f7b1f684.64831477', '2016-11-15 18:37:44', 'bo'),
('ef82ec1caa4f92d537d9e63d53b7e8e74689a488', 'testclient', 'steve@jobs.co57d8a4c0cc1ae1.01485974', '2016-09-14 13:26:51', 'bo'),
('ef89f4c46811c4bda1ce0021ed9b5a1eceeb5aab', 'testclient', 'gajah@gmail.com580cdd0822a490.96306900', '2016-11-23 01:57:20', 'crowdies'),
('ef997ed4874a7ad022ca0be866328c1f496b52b2', 'testclient', 'agungwy@gmail.com57dac62e53ad22.28354613', '2016-11-06 01:42:39', 'bo'),
('efbd975ab0f54dc7534c019217bf3fcc51abf516', 'testclient', 'steve@jobs.co57d8a4c0cc1ae1.01485974', '2016-09-15 06:30:31', 'bo'),
('efbf19ac07b93ab2365b0b933ef58d90288da27d', 'testclient', 'william.hidayat@gmail.com57ff7e860c6392.02130567', '2016-11-16 20:48:11', 'crowdies'),
('f00dc07556cc62a4551cc798cc41347a64ac999b', 'testclient', 'gajah@gmail.com580cdd0822a490.96306900', '2016-11-23 01:58:44', 'crowdies'),
('f022f0907dbbdf3e3a1aff72318d974843ed58be', 'testclient', 'kodok@gmail.com57da2f2e7c0a03.09778199', '2016-11-13 14:38:04', 'crowdies'),
('f038d9a8c9ee9e7c931d4c69fe501154a29574b5', 'testclient', 'agungwy22@gmail.com580dea9e372b49.71485726', '2016-11-23 21:04:00', 'bo'),
('f07cee615c488fbdfc7410167c44afd95551b064', 'testclient', 'hakeemrdaud@gmail.com57e09631d524f9.20511441', '2016-10-20 11:51:46', NULL),
('f0e6e6ab49afa0f9c4441a01b1ff48a89298a75c', 'testclient', 'stereo@social.com57da03f7b1f684.64831477', '2016-11-24 12:55:16', 'bo'),
('f13f95a3426a48f5245eba73bbd6a610a35d34b2', 'testclient', 'qddioio@ggg.com580ec8dc38fd93.90715443', '2016-11-24 12:52:15', 'bo'),
('f150ee72a650e8c017cb706504e2ebf700cb4754', 'testclient', 'william.hidayat@gmail.com57d2b3bb031944.08580997', '2016-09-10 06:02:59', 'crowdies'),
('f176dd3e5e12196f5f7434cc227a36090a1dda5b', 'testclient', 'agungwy@gmail.com57dac62e53ad22.28354613', '2016-11-06 01:30:06', 'bo'),
('f17ed41dea7a3694c5093d7eb064bdc39ae48dde', 'testclient', 'stereo@social.com57da03f7b1f684.64831477', '2016-11-07 18:53:55', 'bo'),
('f1bbb36bcdaa7e0ccfa4f6b24868272e0c339f78', 'testclient', 'william.hidayat@gmail.com57d2b3bb031944.08580997', '2016-09-12 06:29:34', 'bo'),
('f1ebeaef23858758c3822b9e6f0b39e57f8ff37c', 'testclient', 'kodok@gmail.com57da2f2e7c0a03.09778199', '2016-11-03 13:01:43', 'crowdies'),
('f229bbe3dc5880be52a204bc1964cfd9d25e6c60', 'testclient', 'agungwy@gmail.com57d57c64ac1895.24310076', '2016-09-11 17:17:46', 'crowdies'),
('f2367863cc8a52501fbda17543489aad9dbf208a', 'testclient', 'agungwy@gmail.com57dac62e53ad22.28354613', '2016-11-11 16:11:58', 'bo'),
('f30fb92a8e428dc905d10b2e22653ad65fcc696a', 'testclient', 'danielisbread@gmail.com580ebf6a215e15.12362933', '2016-11-24 12:11:54', NULL),
('f33714d465fcd3e1f81cd864c230087e7342a75d', 'testclient', 'william.hidayat@gmail.com57ff7e860c6392.02130567', '2016-11-14 10:51:26', 'crowdies'),
('f34313f9d280123979fabb21093f5e9262a9d417', 'testclient', 'kodok@gmail.com57da2f2e7c0a03.09778199', '2016-11-08 20:20:43', 'crowdies'),
('f34c02d9a177f7ba7cd23dc7b54f81cba3e53580', 'testclient', 'shrengganus@gmail.com580c85c34409c3.67415551', '2016-11-22 19:41:23', NULL),
('f355720c567198ddd1e53a17479851e1de01c35f', 'testclient', 'ediwan_p@yahoo.com580c8d01926fa6.21773165', '2016-11-22 20:12:21', 'bo'),
('f368de203e1f659d1e2d9c7d540373f85b3011f4', 'testclient', 'ian@short.com57d57901f01a26.81147645', '2016-09-11 16:32:18', NULL),
('f3c5f28aa5d05835789cf15e7c0c38cf60ed7594', 'testclient', 'ian@short.com57d57ad501a3e0.37786986', '2016-09-11 16:40:05', NULL),
('f3e915e4ba16b05c724d145481b7feffd8b51363', 'testclient', 'william.hidayat@gmail.com57ff7e860c6392.02130567', '2016-11-21 00:53:21', 'crowdies'),
('f425434a68654b7b5b4ba7b8c6f7f23ca4c9be35', 'testclient', 'stereo@social.com57da03f7b1f684.64831477', '2016-11-23 03:23:32', 'bo'),
('f4d9fc9de1b40a0c0a253b1a40ba098fedd62a31', 'testclient', 'one@d.com580360516acd78.83298785', '2016-11-15 21:11:13', NULL),
('f4e0d5a9e0d9e9dccafa0c2bc628a006a8b4cd54', 'testclient', 'kucing@gmail.com580b958b119728.21770439', '2016-11-22 02:36:27', NULL),
('f4f4f21749f586a8343b5306be48f669041adef1', 'testclient', 'kodok@gmail.com57da2f2e7c0a03.09778199', '2016-11-08 20:11:47', 'crowdies'),
('f50306081eb279b5b284026210ff4ff656e15aca', 'testclient', 'kodok@gmail.com57da2f2e7c0a03.09778199', '2016-11-13 15:18:21', 'crowdies'),
('f551456516808bdb757cc18f0c19b09d44aa8142', 'testclient', 'leo@gmail.com57ffae808301a1.25119106', '2016-11-13 01:55:47', 'crowdies'),
('f58ea6e43bfb9aa4a7b3385cae8f3c929738a6a5', 'testclient', 'kodok@gmail.com57da2f2e7c0a03.09778199', '2016-11-03 00:05:59', 'crowdies'),
('f5edaba0cc62924ba6ea52225df121d049f48821', 'testclient', 'tester@test.con580ed919651f05.74121275', '2016-11-24 14:01:32', 'crowdies'),
('f6143e41114a643bc977a575c9aaf7313ed94a1c', 'testclient', 'stanley@emi.com57d810b382ec50.90207824', '2016-09-13 15:44:03', NULL),
('f6dd5a18029b1111b8246c8e128658d578b2d961', 'testclient', 'agungwy@gmail.com57dac62e53ad22.28354613', '2016-11-07 19:25:49', 'bo'),
('f7d6105ff1f450f1f4d6c98fed580aad22b601d2', 'testclient', 'kodok@gmail.com57da2f2e7c0a03.09778199', '2016-11-10 12:21:44', 'crowdies'),
('f803e244db753ff6fbcef922a5f4d045ecf9c2ad', 'testclient', 'agungwy@gmail.com57d57c64ac1895.24310076', '2016-09-11 17:21:45', 'crowdies'),
('f807ee921ae8e2b5ff4cb0d2886b9db93c846c28', 'testclient', 'william.hidayat@gmail.com57ff7e860c6392.02130567', '2016-11-16 23:06:15', 'crowdies'),
('f80f2afa630035affa7a4b0c18f6b93334131cf1', 'testclient', 'william.hidayat@gmail.com57ff7e860c6392.02130567', '2016-11-16 23:39:02', 'crowdies'),
('f810d34caae8150fa5f8b969b830b82cd74caa5b', 'testclient', 'steve@jobs.co57d8a4c0cc1ae1.01485974', '2016-09-14 02:15:45', NULL),
('f8237ccf7a67dbfbc38b291de9f7a4fd7a91ed81', 'testclient', 'william.hidayat@gmail.com57ff7e860c6392.02130567', '2016-11-17 23:39:13', 'crowdies'),
('f82d3e7dbfb04ca60574ba5d04563cc6b7636aa9', 'testclient', 'steve@jobs.co57d8a4c0cc1ae1.01485974', '2016-09-14 14:17:37', 'bo'),
('f88be97adc28ddb37499ac78d2cec918fe74cddf', 'testclient', 'one@d.com5804e0ce72ee76.34465142', '2016-11-19 16:03:08', 'bo'),
('f88c87e3f9dc0af224ab70c2e02879b78575b677', 'testclient', 'william.hidayat@gmail.com57d2b3bb031944.08580997', '2016-09-12 13:48:20', 'bo'),
('f8e2b9662bf526f8d663e1db6ce0e1b442c8b867', 'testclient', 'doe@done.com57db7df30bb580.31962966', '2016-11-24 12:03:12', 'bo'),
('f8e574d34c417c3380bca1956129dde8d4ad4ffd', 'testclient', 'agungwy@gmail.com57dac62e53ad22.28354613', '2016-11-12 22:54:36', 'bo'),
('f9064d23089023bd36c468419f136a0f0533510b', 'testclient', 'agungwy@gmail.com57d6370b977116.22328267', '2016-09-12 06:03:08', NULL),
('f9123e1c983bc851903b238e390dd45ca06d4634', 'testclient', 'tiger@gmail.com580cdf552873a2.50446558', '2016-11-23 02:03:33', NULL),
('f9351eb72e557405eae5ae7a799c1db812aebb14', 'testclient', 'agungwy@gmail.com57dac62e53ad22.28354613', '2016-11-10 01:59:01', 'bo'),
('f9c7dc9245331b8b13774b0511b1483b806460ec', 'testclient', 'agungwy@gmail.com57dac62e53ad22.28354613', '2016-11-22 20:30:32', 'bo'),
('fa51ba7fe30941db03e09d86cad7519df6e4d499', 'testclient', 'kodok@gmail.com57da2f2e7c0a03.09778199', '2016-11-16 12:21:26', 'crowdies'),
('fa9c651379589d2952ccc12a34d7bc90bcfaccfa', 'testclient', 'agungwy@gmail.com57dac62e53ad22.28354613', '2016-11-11 16:11:10', 'bo'),
('faafb15d9c0436a89d70c805817cc6fe6d2d36c0', 'testclient', 'kodok@gmail.com57da2f2e7c0a03.09778199', '2016-11-10 03:04:36', 'crowdies'),
('fb0e243a21f2242ead7aa8ba36f4dea8431952eb', 'testclient', 'afafsa@gmail.com57ff82ed75ba69.39271906', '2016-11-12 22:49:49', NULL),
('fb165cb7ad9b81a646f42175d860f4565d87f30d', 'testclient', 'kodok@gmail.com57da2f2e7c0a03.09778199', '2016-11-10 02:36:52', 'crowdies'),
('fb17bb7071dbcf54f2ed297678ed715e77ad6385', 'testclient', 'macan@gmail.com57ff929264aab2.41151265', '2016-11-13 00:00:07', 'crowdies'),
('fb6d0b76a75cc835b659133bdc091a6e4cc9ed5e', 'testclient', 'kodok@gmail.com57da2f2e7c0a03.09778199', '2016-11-03 01:19:05', 'crowdies'),
('fb9b9d2bfb5e6fc66018ca5043af0b1e72be4065', 'testclient', 'steve@jobs.co57d8a4c0cc1ae1.01485974', '2016-09-14 15:45:56', 'bo'),
('fbedb7f24bbc82bc79d4c39578b04d36eeebb46f', 'testclient', 'kodok@gmail.com57da2f2e7c0a03.09778199', '2016-11-21 15:42:04', 'crowdies'),
('fc5db546abe6dc1c33062b77888b1442bf28a799', 'testclient', 'arzelord22@gmail.com580df24e4b9a58.20350595', '2016-11-24 07:06:48', 'bo'),
('fc93d3ea78385d9f4c308263f6af6a6d9eece1fa', 'testclient', 'stereo@social.com57da03f7b1f684.64831477', '2016-11-09 21:42:32', 'bo'),
('fcbb3daf96da6bd8138b05a49f33d7cd7bc2620f', 'testclient', 'semut@gmail.com580cde991479d5.13456985', '2016-11-23 02:00:25', NULL),
('fcbb9f175e7fd2bcdcc41eb7af5332b057e8dbf3', 'testclient', 'william.hidayat@gmail.com57ff7e860c6392.02130567', '2016-11-17 14:46:40', 'crowdies'),
('fd73e03766b9f2f654a7117d6b9665ea59e95c24', 'testclient', 'stereo@social.com57da03f7b1f684.64831477', '2016-11-15 23:16:13', 'bo'),
('fd7f3d8310e22a05005fbe306ea91bce78add8b8', 'testclient', 'agungwy@gmail.com57dac62e53ad22.28354613', '2016-11-10 03:05:00', 'bo'),
('fd87eac2f10d2391bfb8c24183a8d4d01cfe282c', 'testclient', 'will@smiths.com5804d5db103537.58539245', '2016-11-16 23:45:02', 'crowdies'),
('fda37f35c01a1f011e82e88321f9ba18b2401bca', 'testclient', 'william.hidayat@gmail.com57ff7e860c6392.02130567', '2016-11-20 13:49:58', 'crowdies'),
('fdca770f3c4f29d0ddcaa58a9bc69ab2aaabec60', 'testclient', 'one@d.com580360516acd78.83298785', '2016-11-15 21:11:15', 'bo'),
('fdf23a3b547f98d37c3415424ffb531169b98a62', 'testclient', 'steve@jobs.co57d8a4c0cc1ae1.01485974', '2016-09-15 11:06:24', 'bo'),
('fdfeecbe2ca7ace5ee697d034153b6223cb5c120', 'testclient', 'kodok@gmail.com57da2f2e7c0a03.09778199', '2016-11-24 15:12:37', 'crowdies'),
('fe2f1f1bc3d5695f8a967eb47a1ac4b2a2144094', 'testclient', 'kenny.hidayat@gmail.com580da8dcab5270.35514214', '2016-11-23 16:23:32', 'bo'),
('feea4c42dde64c59c5eb5ab1c486e38956294a9a', 'testclient', 'agungwy@gmail.com57d93a52f18b61.99176828', '2016-09-14 13:52:16', 'bo'),
('ff6f0e50d7f9bcf04a2809cd67f75f9604f30b26', 'testclient', 'www@html.com58085dd28595b2.43935638', '2016-11-23 03:27:30', 'crowdies'),
('ff7aa1291b4275c6cd4a5f1205b257644c54bb10', 'testclient', 'stereo@social.com57da03f7b1f684.64831477', '2016-11-10 00:11:31', 'bo'),
('ff9f24e8e1b16ae4794721da3810ad4bc24ac558', 'testclient', 'kodok@gmail.com57da2f2e7c0a03.09778199', '2016-11-03 12:30:13', 'crowdies'),
('fff198490f9a1e44bf70c044c015c2f691a385e3', 'testclient', 'kodok@gmail.com57da2f2e7c0a03.09778199', '2016-11-22 23:01:36', 'crowdies');

-- --------------------------------------------------------

--
-- Table structure for table `oauth_authorization_codes`
--

CREATE TABLE `oauth_authorization_codes` (
  `authorization_code` varchar(40) NOT NULL,
  `client_id` varchar(80) NOT NULL,
  `user_id` varchar(255) DEFAULT NULL,
  `redirect_uri` varchar(2000) DEFAULT NULL,
  `expires` timestamp NOT NULL DEFAULT CURRENT_TIMESTAMP ON UPDATE CURRENT_TIMESTAMP,
  `scope` varchar(2000) DEFAULT NULL
) ENGINE=InnoDB DEFAULT CHARSET=latin1;

-- --------------------------------------------------------

--
-- Table structure for table `oauth_clients`
--

CREATE TABLE `oauth_clients` (
  `client_id` varchar(80) NOT NULL,
  `client_secret` varchar(80) NOT NULL,
  `redirect_uri` varchar(2000) NOT NULL,
  `grant_types` varchar(80) DEFAULT NULL,
  `scope` varchar(100) DEFAULT NULL,
  `user_id` varchar(80) DEFAULT NULL
) ENGINE=InnoDB DEFAULT CHARSET=latin1;

--
-- Dumping data for table `oauth_clients`
--

INSERT INTO `oauth_clients` (`client_id`, `client_secret`, `redirect_uri`, `grant_types`, `scope`, `user_id`) VALUES
('testclient', 'testpass', 'http://fake/', NULL, NULL, NULL);

-- --------------------------------------------------------

--
-- Table structure for table `oauth_jwt`
--

CREATE TABLE `oauth_jwt` (
  `client_id` varchar(80) NOT NULL,
  `subject` varchar(80) DEFAULT NULL,
  `public_key` varchar(2000) DEFAULT NULL
) ENGINE=InnoDB DEFAULT CHARSET=latin1;

-- --------------------------------------------------------

--
-- Table structure for table `oauth_refresh_tokens`
--

CREATE TABLE `oauth_refresh_tokens` (
  `refresh_token` varchar(40) NOT NULL,
  `client_id` varchar(80) NOT NULL,
  `user_id` varchar(255) DEFAULT NULL,
  `expires` timestamp NOT NULL DEFAULT CURRENT_TIMESTAMP ON UPDATE CURRENT_TIMESTAMP,
  `scope` varchar(2000) DEFAULT NULL
) ENGINE=InnoDB DEFAULT CHARSET=latin1;

--
-- Dumping data for table `oauth_refresh_tokens`
--

INSERT INTO `oauth_refresh_tokens` (`refresh_token`, `client_id`, `user_id`, `expires`, `scope`) VALUES
('0017c29df2fef85c0925c5d37eedd22d92402a7a', 'testclient', 'stereo@social.com57da03f7b1f684.64831477', '2016-12-15 21:32:18', 'bo'),
('0076d6a5044bbeb3f2e6feb4df0b4409bb771f06', 'testclient', 'william.hidayat@gmail.com57d2b3bb031944.08580997', '2016-09-26 12:48:20', 'bo'),
('008ea0f74d569fa10f713369187c463af63e9580', 'testclient', 'agungwy@gmail.com57dac62e53ad22.28354613', '2016-12-11 20:31:46', 'bo'),
('00b59fee81238c002856cd9582b1f7471af76af2', 'testclient', 'stereo@social.com57da03f7b1f684.64831477', '2016-12-07 16:47:49', 'bo'),
('013f0b6decdf8902ab8565eb54c3ecf199e114e3', 'testclient', 'agungwy@gmail.com57dac62e53ad22.28354613', '2016-12-07 19:30:04', 'bo'),
('018830c9afe8d12c0f399024317df9115ea8571f', 'testclient', 'william.hidayat@gmail.com57ff7e860c6392.02130567', '2016-12-24 16:08:01', 'crowdies'),
('01feee137ba3fb57eaac519b594d1b7e2626f163', 'testclient', 'kodok@gmail.com57da2f2e7c0a03.09778199', '2016-12-10 12:08:50', 'crowdies'),
('02034b17baaa5e363064f4ac5cfe563b47c975be', 'testclient', 'agungwy@gmail.com57d57c64ac1895.24310076', '2016-09-26 04:15:43', 'crowdies'),
('0269b07be64da0e95f64fa2efa626fbf5de04a20', 'testclient', 'agungwy@gmail.com57dac62e53ad22.28354613', '2016-12-15 21:24:48', 'bo'),
('02857b67b849530514990425855aa48a0d78d0d4', 'testclient', 'kodok@gmail.com57da2f2e7c0a03.09778199', '2016-12-21 21:43:25', 'crowdies'),
('030851a373d2cfa234c2055b2fec1df3c8e7ab55', 'testclient', 'stereo@social.com57da03f7b1f684.64831477', '2016-12-07 16:21:08', 'bo'),
('0382e03e81c8002d133656c7bb5df73cdbaf7ae8', 'testclient', 'steve@jobs.co57d8a4c0cc1ae1.01485974', '2016-09-28 13:20:57', 'bo'),
('03960028dc364dd057060099c0f61e0131660852', 'testclient', 'agungwy@gmail.com57d93a52f18b61.99176828', '2016-09-29 14:22:52', 'bo'),
('03a7d569e533994f8be1d0d0d6f9c3ad5a29934c', 'testclient', 'stereo@social.com57da03f7b1f684.64831477', '2016-12-21 14:24:50', 'bo'),
('04df2cac90c2a19b776575630f0b0543da89cde5', 'testclient', 'stereo@social.com57da03f7b1f684.64831477', '2016-12-08 22:22:42', 'bo'),
('04f35decf32f0040ca1c61b159f48c6d535007af', 'testclient', 'kodok@mail.com57da23f6c22130.99693323', '2016-09-29 04:30:47', NULL),
('050133360870bac2234183ad561441539286c392', 'testclient', 'agungwy@gmail.com57dac62e53ad22.28354613', '2016-12-11 16:11:58', 'bo'),
('051796ba7ad4558d4aede30b78ff417389f2543e', 'testclient', 'secretsparrow@gmail.com57d8a44b6ab4a2.29569292', '2016-09-28 01:13:47', NULL),
('051f0a93d98afe56692905345f24ddd9528786e5', 'testclient', 'kodok@gmail.com57da2f2e7c0a03.09778199', '2016-12-08 19:30:38', 'crowdies'),
('052fcf89598a3ad74244b713aed5afe422947611', 'testclient', 'kodok@gmail.com57da2f2e7c0a03.09778199', '2016-12-07 16:01:30', 'crowdies'),
('055f05f526b38429e717a5aecf3149a33af7070d', 'testclient', 'kodok@gmail.com57da2f2e7c0a03.09778199', '2016-12-15 18:08:02', 'crowdies'),
('0614907737f477fcab7599912eecb484a75007ff', 'testclient', 'agungwy@gmail.com57d9352c2444d6.86503812', '2016-09-28 11:31:56', NULL),
('0617c2f8de53c716968689c06cb29603e1f873c0', 'testclient', 'kodok@gmail.com57da2f2e7c0a03.09778199', '2016-12-21 21:48:36', 'crowdies'),
('06361182215d397139b16e15e33cb1756e6c39db', 'testclient', 'william.hidayat@gmail.com57ff7e860c6392.02130567', '2016-12-17 14:21:11', 'crowdies'),
('069f3827fbcef671f98fb757b833e9d2708a2483', 'testclient', 'william.hidayat@gmail.com57ff7e860c6392.02130567', '2016-12-14 22:30:58', 'crowdies'),
('070e9aeb6d391aca012567bbcd0cf410d0c426d5', 'testclient', 'agungwy@gmail.com57d93a52f18b61.99176828', '2016-09-28 13:17:12', 'bo'),
('07224172c3f0b516b5c6de34a202830550da7741', 'testclient', 'agungwy@gmail.com57d93a52f18b61.99176828', '2016-09-28 12:52:16', 'bo'),
('0751cc716627f9cf1ce76a2568d897571ef6a131', 'testclient', 'kodok@gmail.com57da2f2e7c0a03.09778199', '2016-12-07 16:09:14', 'crowdies'),
('07a2f07ff750015152d98980f80e685916cefb9c', 'testclient', 'agungwy@gmail.com57dac62e53ad22.28354613', '2016-12-07 23:18:18', 'bo'),
('07d121583725c9217ebafcbcaf89e63485950b49', 'testclient', 'william.hidayat@gmail.com57ff7e860c6392.02130567', '2016-12-23 15:31:40', 'crowdies'),
('0806015284b613590d3c56be0e86a6bb4f3f83a2', 'testclient', 'stereo@social.com57da03f7b1f684.64831477', '2016-12-07 16:21:15', 'bo'),
('080c9266994300a1e38c84808cabbeb21533b05e', 'testclient', 'kodok@gmail.com57da2f2e7c0a03.09778199', '2016-12-13 14:32:48', 'crowdies'),
('084e8dc93a34d52c8227d6f190e8640ee51a897a', 'testclient', 'cantyaps@gmail.com57d7cd1736b465.95337507', '2016-09-27 09:55:35', NULL),
('0859bd4eb20eb0a30b328b5bee1149a739b1fa75', 'testclient', 'agungwy@gmail.com57dac62e53ad22.28354613', '2016-12-24 12:30:39', 'bo'),
('0974a94ab85615c380128cbd86b8ebe835126056', 'testclient', 'wosj@hakam.com57d79bb877b686.27974723', '2016-09-27 06:24:58', NULL),
('0986b4dbeb19498d09492af9bfdc23f3a3c5d068', 'testclient', 'kodok@gmail.com57da2f2e7c0a03.09778199', '2016-12-13 15:18:21', 'crowdies'),
('0a25bc30586f110cb689ffff1aa045e00de14c24', 'testclient', 'agungwy@gmail.com57dac62e53ad22.28354613', '2016-12-12 23:19:31', 'bo'),
('0a43bb0c052f90852bbd6d1998aec4fe5da910c6', 'testclient', 'william.hidayat@gmail.com57ff7e860c6392.02130567', '2016-12-17 14:13:16', 'crowdies'),
('0aa17f8e27b5ab3fb3b6d7a81854e4b1a5bcd051', 'testclient', 'william.hidayat@gmail.com57ff7e860c6392.02130567', '2016-12-16 20:48:11', 'crowdies'),
('0abf3ff4ae30646a075af69d18ec2cb4016cf24e', 'testclient', 'steve@jobs.co57d8a4c0cc1ae1.01485974', '2016-09-28 14:30:43', 'bo'),
('0ad4c8bbe6ddb0ee134f8ab7f9a8a48e5f03e8df', 'testclient', 'agungwy@gmail.com57d432250fc025.61987160', '2016-09-25 14:20:13', 'bo'),
('0ae32085f0bd7036f98d91a0066a8d9a29566e93', 'testclient', 'steve@jobs.co57d8a4c0cc1ae1.01485974', '2016-12-23 03:01:00', 'bo'),
('0aead27191e3240c78ebcaab04f8115e135f069d', 'testclient', 'william.hidayat@gmail.com57d2b3bb031944.08580997', '2016-09-25 06:58:45', 'crowdies'),
('0b27abaf1242d49b6df9e3efe8108d28e9f643eb', 'testclient', 'agungwy@gmail.com57dac62e53ad22.28354613', '2016-12-22 20:14:10', 'bo'),
('0b8d11c49f6cbd77fb9c8e868732117ec0ccadb6', 'testclient', 'william.hidayat@gmail.com57d2b3bb031944.08580997', '2016-09-26 09:57:04', 'bo'),
('0be3b614e534b5eb31123d9ff83b0c4ab3e70f08', 'testclient', 'william.hidayat@gmail.com57ff7e860c6392.02130567', '2016-12-20 14:09:11', 'crowdies'),
('0beb6c1c83833f3a831345b362687afd0e4bceed', 'testclient', 'hakeemrdaud@gmail.com57e09631d524f9.20511441', '2016-12-24 11:21:32', 'crowdies'),
('0c12e9b0870ed615f3a95ca2cc5bb37c60a7603f', 'testclient', '3g@3g.com57db7240d3f6b4.87275611', '2016-11-15 04:28:33', 'crowdies'),
('0c1f4e162887a1643b3c401661370c628ff51f88', 'testclient', 'agungwy@gmail.com57d93a52f18b61.99176828', '2016-09-28 14:44:39', 'bo'),
('0c413ff6753c9b107505ff8ccfd49ddd8740ac31', 'testclient', 'kodok@gmail.com57da2f2e7c0a03.09778199', '2016-12-08 20:53:19', 'crowdies'),
('0c67c7e8a00567507ca4436408f7aa15b6ce186c', 'testclient', 'kodok@gmail.com57da2f2e7c0a03.09778199', '2016-12-21 23:07:13', 'crowdies'),
('0c833dbc77cf55d5cf4559bccf8c660c71d8fc87', 'testclient', 'kodok@gmail.com57da2f2e7c0a03.09778199', '2016-12-10 01:06:32', 'crowdies'),
('0ced7c0ea8f9f7bfb6a281a5abe8aa4d18c4ead2', 'testclient', 'agungwy@gmail.com57dac62e53ad22.28354613', '2016-12-11 16:00:23', 'bo'),
('0d03455202c12329363af2549239dbaf9eb33660', 'testclient', 'steve@jobs.co57d8a4c0cc1ae1.01485974', '2016-12-11 17:05:36', 'bo'),
('0d4fa5b475b701a3cb197bb11dffd74095eb75f8', 'testclient', 'kodok@gmail.com57da2f2e7c0a03.09778199', '2016-12-09 15:46:57', 'crowdies'),
('0d65f1d883d08824d4538ad6bda68261ae660a49', 'testclient', 'gajah@gmail.com580cdd0822a490.96306900', '2016-12-23 01:58:44', 'crowdies'),
('0ddc7740893d8ea1338740a9480a1fce3e94d7bf', 'testclient', 'agungwy@gmail.com57dac62e53ad22.28354613', '2016-12-10 01:54:11', 'bo'),
('0df88d641207cbb94b06dc69b3c08d207345a925', 'testclient', 'william.hidayat@gmail.com57d75cf46d7d74.35068244', '2016-09-27 01:57:08', NULL),
('0e455a976233f8fcdc598111a5d1710e7eab1dd7', 'testclient', 'william.hidayat@gmail.com57ff7e860c6392.02130567', '2016-12-23 03:24:36', 'crowdies'),
('0e7381936837011fa38c84143392a8df2f2d9497', 'testclient', 'william.hidayat@gmail.com57d2b3bb031944.08580997', '2016-09-23 16:51:28', 'crowdies'),
('0ec1817d6dc355d0db7412933ae7a2e150d94e7c', 'testclient', 'william.hidayat@gmail.com57d2b3bb031944.08580997', '2016-09-26 13:05:09', 'bo'),
('0f0b3cc6b27123914ea10f7bcd41da6bcf7494cb', 'testclient', 'kodok@gmail.com57da2f2e7c0a03.09778199', '2016-12-07 19:14:02', 'crowdies'),
('0f7d0e09721a480d2e917083eb4ece792a732195', 'testclient', 'kodok@gmail.com57da2f2e7c0a03.09778199', '2016-12-08 20:16:16', 'crowdies'),
('0fe6cefdfe03b47e0f4b67d45eb8107261c62174', 'testclient', 'agungwy@gmail.com57dac62e53ad22.28354613', '2016-12-06 01:48:03', 'bo'),
('105758f48c97e1a4239faae5fcaa77a1b9ac8f57', 'testclient', 'stereo@social.com57da03f7b1f684.64831477', '2016-12-07 19:12:37', 'bo'),
('10e6f180a7e1cfb4ac0d4eac5cca65d8bda0dcc7', 'testclient', 'stereo@social.com57da03f7b1f684.64831477', '2016-12-15 18:37:52', 'bo'),
('113641c55d513f272558d136e05cbbfa5dfa0d01', 'testclient', 'william.hidayat@gmail.com57ff7e860c6392.02130567', '2016-12-17 15:37:59', 'crowdies'),
('1137ed9453c3b1ad4d5d0ab461994bfe100272c8', 'testclient', 'agungwy@gmail.com57dac62e53ad22.28354613', '2016-12-06 01:42:39', 'bo'),
('11619c5e0e0e4430db5082de2ce2887b8f972f9d', 'testclient', 'william.hidayat@gmail.com57ff7e860c6392.02130567', '2016-12-16 18:50:38', 'crowdies'),
('116bcc4e8fc6b22b4d30234b01547f82e7a9655a', 'testclient', 'william.hidayat@gmail.com57d79298248ee1.95361889', '2016-09-27 05:46:00', NULL),
('117f00c61f24625874ad72eedabd0204d76b7353', 'testclient', 'kodok@gmail.com57da2f2e7c0a03.09778199', '2016-12-23 15:33:30', 'crowdies'),
('1279093c37134a107bf4a2aae294f70214d365d3', 'testclient', 'agungwy@gmail.com57d93a52f18b61.99176828', '2016-09-28 11:53:55', NULL),
('129e550ceaaf0e5b4f500af523d99f108d701f0a', 'testclient', 'agungwy@gmail.com57dac62e53ad22.28354613', '2016-12-06 14:32:22', 'bo'),
('12ef8e5f5e23c68a59dffc4540559afcbcfb0a59', 'testclient', 'kodok@gmail.com57da2f2e7c0a03.09778199', '2016-12-07 15:46:47', 'crowdies'),
('13d310a178f4e812eb3fa87fde7813c2ed52f0f2', 'testclient', 'william.hidayat@gmail.com57d786c871f1d2.45099665', '2016-09-27 04:55:36', NULL),
('13dc90bfbe170ea968eea627ddc9963f6ce3cd8d', 'testclient', 'kodok@gmail.com57da2f2e7c0a03.09778199', '2016-12-03 00:05:59', 'crowdies'),
('13e10b92b7a5cb8fd31e398e3f434059c6dad70d', 'testclient', 'stereo@social.com57da03f7b1f684.64831477', '2016-12-13 14:34:57', 'bo'),
('14811f281b0c9c9abaf20b76996c9a49238599ba', 'testclient', 'kodok@gmail.com57da2f2e7c0a03.09778199', '2016-12-10 12:30:50', 'crowdies'),
('1487e14025d5cd7bb0b731a370e0e31b53b5cae7', 'testclient', 'ian@short.com57d57901f01a26.81147645', '2016-09-25 15:32:18', NULL),
('14f270b2bec3bf0791785a1acb8f64b1aaa7dfda', 'testclient', 'william.hidayat@gmail.com57ff7e860c6392.02130567', '2016-12-17 23:01:47', 'crowdies'),
('150ca6dcdea53892d48f5e134fd65828b0775e9d', 'testclient', 'agungwy@gmail.com57d93a52f18b61.99176828', '2016-09-28 14:44:52', 'bo'),
('15857818c9088c9af8252c5197653cd4ab8289af', 'testclient', 'william.hidayat@gmail.com57d787ad01cf95.51104441', '2016-09-27 04:59:25', NULL),
('161fba31ddc92880ee56b0509fc835e0b24776ec', 'testclient', 'stereo@social.com57da03f7b1f684.64831477', '2016-12-21 01:43:37', 'bo'),
('1633dab9cb72f5dba17f904b0d8f0d1ddaff34ef', 'testclient', 'kodok@gmail.com57da2f2e7c0a03.09778199', '2016-12-10 12:06:40', 'crowdies'),
('16c63a2f4162fb3b06316e9963b5aa94677b6578', 'testclient', 'william.hidayat@gmail.com57d2b3bb031944.08580997', '2016-09-26 15:20:49', 'bo'),
('177b9f7479718f4b3865209532898b1758fc2839', 'testclient', 'william.hidayat@gmail.com57ff7e860c6392.02130567', '2016-12-23 01:32:03', 'crowdies'),
('17b8d36fc6c219f68b014bc5cba73d0b756dea46', 'testclient', 'stanleyyau95@hotmail.com57f78abd594894.00746573', '2016-12-07 19:25:30', 'crowdies'),
('17e25d07b475f7174a8d4be348ff4f5aceb18de1', 'testclient', 'one@d.com5804e0ce72ee76.34465142', '2016-12-19 16:22:21', 'bo'),
('1818c2e98f09bdc860cc961192c7614548c0fd20', 'testclient', 'agungwy@gmail.com57dac62e53ad22.28354613', '2016-12-05 21:15:18', 'bo'),
('182c01257a02f8b617df5d30f1f8e498c7f55ef4', 'testclient', 'hahah@hahah.com57d7ef025933f5.64139877', '2016-09-27 12:20:18', NULL),
('183fabc746894e69391c1a45daa2164d5dbff375', 'testclient', 'agungwy@gmail.com57dac62e53ad22.28354613', '2016-12-06 00:58:26', 'bo'),
('18507bd809da76c73e839fe27088953953f6434c', 'testclient', '3g@3g.com57db7240d3f6b4.87275611', '2016-11-15 04:23:53', 'crowdies'),
('18d8c619d8d8ee2a980108ea045bf37355c0fea8', 'testclient', 'qwrty@mmm.com58005c21455ea6.24114206', '2016-12-16 12:12:34', 'crowdies'),
('191048801b5090123f0b227de38abd815df4d00c', 'testclient', 'kodok@gmail.com57da2f2e7c0a03.09778199', '2016-12-09 21:05:53', 'crowdies'),
('191e3c754a191f26cf3a8790810e1ae69b674656', 'testclient', 'william.hidayat@gmail.com57ff7e860c6392.02130567', '2016-12-17 23:42:43', 'crowdies'),
('1944144217a2ea0fc07ccc5f1ffe445bf71a7110', 'testclient', 'william.hidayat@gmail.com57d2b3bb031944.08580997', '2016-09-23 16:15:05', 'bo'),
('19a57c92b09a002043af0818c7bc7c6fd6bfc032', 'testclient', 'juli@gmail.com57f35c036d35c5.77712666', '2016-12-03 17:36:35', NULL),
('19ca9820562a5473aaba74f1b65e87cc2816f0a8', 'testclient', 'kodok@gmail.com57da2f2e7c0a03.09778199', '2016-12-03 12:28:25', 'crowdies'),
('19e1725de6ea297aca0e5a2493d1e9c7ac5cd149', 'testclient', 'kodok@gmail.com57da2f2e7c0a03.09778199', '2016-12-07 16:05:24', 'crowdies'),
('1a1a8594495749b695745fc08124e9232a1d41b4', 'testclient', 'kodok@gmail.com57da2f2e7c0a03.09778199', '2016-12-16 23:42:47', 'crowdies'),
('1ac2bdb3ebf0750e9bb6b4abacd1b73e73c6069f', 'testclient', 'william.hidayat@gmail.com57d2b3bb031944.08580997', '2016-09-25 04:55:08', 'crowdies'),
('1ad1392a76d340a9487b3974938cbd5ba96efa33', 'testclient', 'kodok@gmail.com57da2f2e7c0a03.09778199', '2016-12-16 12:21:26', 'crowdies'),
('1b1f3ae26b3730576a32271ed7a33b08555dd005', 'testclient', 'agungwy@gmail.com57dac62e53ad22.28354613', '2016-12-07 19:18:09', 'bo'),
('1b7175b871a1597a8bb54152be0cecc3c0af491f', 'testclient', 'kodok@gmail.com57da2f2e7c0a03.09778199', '2016-12-23 01:36:30', 'crowdies'),
('1b88ee5d73b1d2547fcc738b24b523fe16533704', 'testclient', 'stereo@social.com57da03f7b1f684.64831477', '2016-12-24 15:46:25', 'bo'),
('1b9c23eacc6ab6f5ebbde08f5a6f5176db33e398', 'testclient', 'kodok@gmail.com57da2f2e7c0a03.09778199', '2016-12-09 20:50:26', 'crowdies'),
('1ba1dfa5cd8651faadd390f1b9a82b07c297ce59', 'testclient', 'william.hidayat16@gmail.com57d6ca28bd3773.26806777', '2016-09-26 15:30:49', NULL),
('1bf00f3d48ef42f651bf855cbd14d1dccd030fa6', 'testclient', 'kodok@gmail.com57da2f2e7c0a03.09778199', '2016-12-07 16:56:10', 'crowdies'),
('1c82a74da1b3693ef0680edf1a4d25db0bd165b2', 'testclient', 'agungwy@gmail.com57d93a52f18b61.99176828', '2016-09-28 13:15:42', 'bo'),
('1d90d2f2aa42929352d0046ef0455eb2ccc17e15', 'testclient', 'kodok@gmail.com57da2f2e7c0a03.09778199', '2016-12-16 13:37:56', 'crowdies'),
('1e389c29609f7ec7456b3ec350780ae069e1f5a5', 'testclient', 'steve@jobs.co57d8a4c0cc1ae1.01485974', '2016-09-28 14:14:24', 'bo'),
('1e43128d1d911d78daeb95ebf1d6aa51392c9782', 'testclient', 'agungwy@gmail.com57dac62e53ad22.28354613', '2016-12-10 02:20:15', 'bo'),
('1e75e7321cb9543ad2fdf683eb595c4c4a2e9432', 'testclient', 'kodok@gmail.com57da2f2e7c0a03.09778199', '2016-12-03 13:26:51', 'crowdies'),
('1ebdf072fd1efd5388e24e45046910a616835f8b', 'testclient', 'william.hidayat@gmail.com57ff7e860c6392.02130567', '2016-12-18 00:49:08', 'crowdies'),
('1ed1b4da3c7f5479621f6f051f26cf27b7d5c550', 'testclient', 'stereo@social.com57da03f7b1f684.64831477', '2016-12-18 20:19:52', 'bo'),
('1ee58f07d2db54fd2532f3c2103512c52e5a250b', 'testclient', 'agungwy@gmail.com57dac62e53ad22.28354613', '2016-12-07 23:09:40', 'bo'),
('1ef4a9160ff13b1c76aac736a4a3954879e20b07', 'testclient', 'kodok@gmail.com57da2f2e7c0a03.09778199', '2016-09-29 11:33:41', 'crowdies'),
('1f23521d2c915734b4a168fb2f4076f6e8aa00b6', 'testclient', 'stereo@social.com57da03f7b1f684.64831477', '2016-12-20 14:12:00', 'bo'),
('1f306f668abc95033f4ff99cb163b12459fa739f', 'testclient', 'kodok@gmail.com57da2f2e7c0a03.09778199', '2016-12-07 14:56:43', 'crowdies'),
('2061f0150686d1d9ffef3ab11f7bc68dfe4eeeb6', 'testclient', 'agungwy@gmail.com57dac62e53ad22.28354613', '2016-12-24 14:17:24', 'bo'),
('20a5b9cc3b5b8a2a28ad24285b619a8bbf57857d', 'testclient', 'agungwy@gmail.com57dac62e53ad22.28354613', '2016-12-10 01:35:38', 'bo'),
('20ba8c5d4c33198e0fd891e58bb5e55c38c616dd', 'testclient', 'stereo@social.com57da03f7b1f684.64831477', '2016-12-21 10:36:38', 'bo'),
('20df9e7cb264fb046f047c60005e03d240309019', 'testclient', 'kodok@gmail.com57da2f2e7c0a03.09778199', '2016-12-08 20:14:56', 'crowdies'),
('211f0fd090cf247ee67235661afec39ac5c87e3f', 'testclient', 'william.hidayat@gmail.com57d2b3bb031944.08580997', '2016-09-23 16:52:52', 'crowdies'),
('215eb66e48152e7a285839b0bd993c2e8e859a15', 'testclient', 'kodok@gmail.com57da2f2e7c0a03.09778199', '2016-12-07 16:16:19', 'crowdies'),
('216223d6aa63f8134b33aff152af129ae4db28a9', 'testclient', 'kodok@gmail.com57da2f2e7c0a03.09778199', '2016-12-07 19:13:51', 'crowdies'),
('21702b12333597a875afabc4392808b1f5cb0dc2', 'testclient', 'will@smiths.com5804d72a1657c7.47660957', '2016-12-16 23:51:24', 'crowdies'),
('2187e5d3f820faac8c0423db35396a817a68022d', 'testclient', 'kodok@gmail.com57da2f2e7c0a03.09778199', '2016-12-16 13:24:22', 'crowdies'),
('21b03a4dde354f97cfa30342535bbbc5c5867264', 'testclient', 'stereo@social.com57da03f7b1f684.64831477', '2016-12-16 13:37:18', 'bo'),
('21b584f803d28b5f649b384572e84cee17e6d71c', 'testclient', 'www@html.com58085dd28595b2.43935638', '2016-12-23 15:37:45', 'crowdies'),
('21f5bdb6bcd346461ca69021b47951f1b4848531', 'testclient', 'stanley@mask.com57d811bb92ec66.02562435', '2016-09-27 14:48:27', NULL),
('229c9b4dfe9c6e7f3044fb4d25dd8e656c460ab9', 'testclient', 'agungwy@gmail.com57d93a52f18b61.99176828', '2016-09-28 14:48:44', 'bo'),
('231eee2ed2a1b5cd516e386432187853304e0218', 'testclient', 'kodok@gmail.com57da2f2e7c0a03.09778199', '2016-12-08 19:46:19', 'crowdies'),
('233e12da763ea51995080ad112b02c8a1b50ca17', 'testclient', 'kodok@gmail.com57da2f2e7c0a03.09778199', '2016-12-23 14:48:37', 'crowdies'),
('23861344b428fe0dc4018583aaaa9af11a78d286', 'testclient', 'stereo@social.com57da03f7b1f684.64831477', '2016-12-20 13:11:25', 'bo'),
('24734caee7730eb25b1b46df540fe15277af3561', 'testclient', 'agungwy@gmail.com57d57c64ac1895.24310076', '2016-09-25 16:37:16', 'crowdies'),
('24a6c2ebd1fca09cb31faf179544e667272d57a0', 'testclient', 'kodok@gmail.com57da2f2e7c0a03.09778199', '2016-12-16 21:12:05', 'crowdies'),
('24fdd3db2e26a1adbbb74b6e76062dc137115680', 'testclient', 'buaya@gmail.com57fdd70a2f26b0.78925920', '2016-12-11 16:24:10', NULL),
('253d2174eed99abc0c2798a1ee514acc4f3accbe', 'testclient', 'stereo@social.com57da03f7b1f684.64831477', '2016-12-18 12:42:52', 'bo'),
('254416ad9645e7d285fe10b9f34ba89fd4045a78', 'testclient', 'stereo@social.com57da03f7b1f684.64831477', '2016-12-23 03:16:40', 'bo'),
('258aa3516cc4435323901586ef00bdcd9b5de885', 'testclient', 'yohanakanisia@gmail.com57ff834d96ba87.78176813', '2016-12-12 23:13:29', 'bo'),
('258c3c7d1c8a7a279c203c4203501d3e5d6f96b5', 'testclient', 'stereo@social.com57da03f7b1f684.64831477', '2016-12-07 17:00:35', 'bo'),
('25d10f8d08c40b4160c96b49088ec37198f4fc51', 'testclient', 'william.hidayat@gmail.com57ff7e860c6392.02130567', '2016-12-17 12:41:10', 'crowdies'),
('2601d057ac263bbcc6671ecaa26890ebdb6ba3ff', 'testclient', 'kodok@gmail.com57da2f2e7c0a03.09778199', '2016-12-10 03:16:08', 'crowdies'),
('2625b312f974953eddb08eb6e870b63d28a67598', 'testclient', 'agungwy@gmail.com57dac62e53ad22.28354613', '2016-12-21 21:32:53', 'bo'),
('262926d9c8fe6860e23b36b339b2a44337745541', 'testclient', 'agungwy@gmail.com57dac62e53ad22.28354613', '2016-12-10 01:19:11', 'bo'),
('26307aa420c511c8d524801cca381c0922cb9554', 'testclient', 'macan@gmail.com57ff929264aab2.41151265', '2016-12-13 00:02:00', 'crowdies'),
('2644b25e16d287758505d8dcaab7cf62762eb8f1', 'testclient', 'william.hidayat@gmail.com57ff7e860c6392.02130567', '2016-12-14 10:47:41', 'crowdies'),
('26a7539770fa27b9fae1c56398fcef6ebcaa9ddf', 'testclient', 'kodok@gmail.com57da2f2e7c0a03.09778199', '2016-12-07 16:03:26', 'crowdies'),
('26bb6f7a72792897475d1b5316d78dc4727ada07', 'testclient', 'william.hidayat@gmail.com57ff7e860c6392.02130567', '2016-12-14 10:17:28', 'crowdies'),
('26bc5826f6106b723906a06c5711dd48ff40498f', 'testclient', 'kodok@gmail.com57da2f2e7c0a03.09778199', '2016-12-03 13:02:33', 'crowdies'),
('26f01e3d60578e57b91ca715eb68079a397894a8', 'testclient', 'stereo@social.com57da03f7b1f684.64831477', '2016-12-23 02:57:43', 'bo'),
('2727cc95f2b6b5beca956d2371a472ea184db7e9', 'testclient', 'stereo@social.com57da03f7b1f684.64831477', '2016-12-16 23:15:37', 'bo'),
('272ce3a972bd9172369bed87fcd3108cabbc1dc9', 'testclient', 'h.daud@uqconnect.edu.au580d9f66b96d29.28615889', '2016-12-23 17:30:14', 'bo'),
('27412f77c236568b7d129d63edc2bc314390eb0c', 'testclient', 'kodok@gmail.com57da2f2e7c0a03.09778199', '2016-12-08 20:57:15', 'crowdies'),
('275af7b3da649fe8e101d39deedbec5aea36ce88', 'testclient', 'kodok@gmail.com57da2f2e7c0a03.09778199', '2016-12-09 21:57:19', 'crowdies'),
('277489a6a4af458d3115d4d7121dd8b9173e00d2', 'testclient', 'one@d.com5804e0ce72ee76.34465142', '2016-12-19 16:15:55', 'bo'),
('288ff5e27719b927e6c61ad842cb44f52b5b6e16', 'testclient', 'yohanakanisia@gmail.com57ff834d96ba87.78176813', '2016-12-24 14:06:09', 'bo'),
('28d08916291955ba2dba1ad6793a5f8e346c1819', 'testclient', 'agungwy@gmail.com57dac62e53ad22.28354613', '2016-12-11 16:11:10', 'bo'),
('28ebb22e0b76ff9802e3d69b207a96d161b01b21', 'testclient', 'kodok@gmail.com57da2f2e7c0a03.09778199', '2016-12-15 21:26:56', 'crowdies'),
('28ee7d775ded80a454d13d1311711ebae56f85b7', 'testclient', 'kodok@gmail.com57da2f2e7c0a03.09778199', '2016-12-07 15:46:51', 'crowdies'),
('29199a1881fb3a18377e1256342d5bb95b1fe1ba', 'testclient', 'kodok@gmail.com57da2f2e7c0a03.09778199', '2016-12-24 15:37:28', 'crowdies'),
('29355c44ddecd8d9b5052407e28fdda378da1f4e', 'testclient', 'william.hidayat@gmail.com57ff7e860c6392.02130567', '2016-12-23 03:20:22', 'crowdies'),
('29617a1e30cf5c0259dca47fe91e03dd96bcbf95', 'testclient', 'kodok@gmail.com57da2f2e7c0a03.09778199', '2016-12-08 20:38:11', 'crowdies'),
('297e6632025ead2ed3c4632d29766f017829315b', 'testclient', 'agungwy@gmail.com57dac62e53ad22.28354613', '2016-12-06 01:45:21', 'bo'),
('2a5f02caceaff17c558a9bd2214e8a5f97b1128f', 'testclient', 'kodok@gmail.com57d639ad806927.84666470', '2016-09-26 05:14:21', NULL),
('2a6ab4c66146ed4fe5e7052c5a2b895312bc7a39', 'testclient', 'agungwy@gmail.com57d57c64ac1895.24310076', '2016-09-25 16:21:45', 'crowdies'),
('2a99debf6b3322913b8813b0279bebbf45fc3910', 'testclient', 'stereo@social.com57da03f7b1f684.64831477', '2016-12-10 20:54:44', 'bo'),
('2ab61b57fe240aac639cb8f8878b9df21850b583', 'testclient', 'cantyaps@gmail.com57d7d40818d6f0.10364134', '2016-09-27 10:25:12', NULL),
('2ae125a67a639b4c630e3c5461ea6585126fa8a2', 'testclient', 'agungwy@gmail.com57dac62e53ad22.28354613', '2016-12-10 01:54:30', 'bo'),
('2baa1f226135211e27ed2e49e10300b870835430', 'testclient', 'agungwy@gmail.com57dac62e53ad22.28354613', '2016-12-05 21:33:10', 'bo'),
('2bcfe8f3cabaee6f4f79ccd408914df8c989255b', 'testclient', 'kodok@gmail.com57da2f2e7c0a03.09778199', '2016-12-03 13:23:49', 'crowdies'),
('2beaf9da0baa15691ff59a57c6a8dfa3b387f8df', 'testclient', 'william.hidayat@gmail.com57d2b3bb031944.08580997', '2016-09-26 12:27:22', 'bo'),
('2c8693bd5bc1aea63af256e7ef161b727cf79058', 'testclient', 'william.hidayat@gmail.com57ff7e860c6392.02130567', '2016-12-21 14:22:38', 'crowdies'),
('2c9199707380ebcbb7bb08bd82d2f0592a6d1b8c', 'testclient', 'agungwy@gmail.com57dac62e53ad22.28354613', '2016-12-22 20:30:32', 'bo'),
('2c980503ed52ddf1d8ab2362515af387c6e0ab14', 'testclient', 'yohanakanisia@gmail.com57ff834d96ba87.78176813', '2016-12-16 21:24:44', 'bo'),
('2ca6e764a060c9358681750add7e6bddc9999677', 'testclient', 'one@d.com5804e0ce72ee76.34465142', '2016-12-19 16:42:51', 'bo'),
('2dbb165cd36dcf6316d176d488c33087d1d234d7', 'testclient', 'agungwy@gmail.com57d93a52f18b61.99176828', '2016-09-28 13:40:04', 'bo'),
('2dcf4a694b83718003f92f8e2611b3f5a6005317', 'testclient', 'william.hidayat@gmail.com57ff7e860c6392.02130567', '2016-12-20 14:29:01', 'crowdies'),
('2e0275702cc60cb2817d9443d25e737689ca930c', 'testclient', 'william.hidayat@gmail.com57ff7e860c6392.02130567', '2016-12-17 14:17:43', 'crowdies'),
('2e3a69c2523c1e292594e9abdeb6262772f598b0', 'testclient', 'kodok@gmail.com57da2f2e7c0a03.09778199', '2016-12-21 21:54:20', 'crowdies'),
('2ec787b91934434c7227eb8a225a7e470e641efc', 'testclient', 'steve@jobs.co57d8a4c0cc1ae1.01485974', '2016-09-28 14:29:39', 'bo'),
('2f0d1ae37f532da7d466696bc71850d0fb4384a8', 'testclient', 'agungwy@gmail.com57dab50c768d52.50617510', '2016-09-29 14:49:48', NULL),
('2f254fa675680b055c5f3905d2e3af10effe8593', 'testclient', 'stereo@social.com57da03f7b1f684.64831477', '2016-12-09 21:42:32', 'bo'),
('2f5a7280ceaddec24b0734712b2a65a68649ee36', 'testclient', 'kodok@gmail.com57da2f2e7c0a03.09778199', '2016-09-29 15:59:57', 'crowdies'),
('2f8e7247efdafea8459c122d5558319ddead6f28', 'testclient', 'steve@jobs.co57d8a4c0cc1ae1.01485974', '2016-09-28 14:08:30', 'bo'),
('2fdf4d70a505c3d1cf9c1d3583913d6f1cf3f146', 'testclient', 'kodok@gmail.com57da2f2e7c0a03.09778199', '2016-12-07 15:48:47', 'crowdies'),
('2ff2ecbdb03428549037772f730e5f6e8cb975b3', 'testclient', 'stereo@social.com57da03f7b1f684.64831477', '2016-12-19 13:47:56', 'bo'),
('315548d3c4ef9ca491b9642e1ef8b2f4034e3390', 'testclient', 'stereo@social.com57da03f7b1f684.64831477', '2016-12-15 22:47:46', 'bo'),
('3192c1df9bda05389a4c1c85f7e73661e2dd1029', 'testclient', 'kodok@gmail.com57da2f2e7c0a03.09778199', '2016-12-10 02:28:12', 'crowdies'),
('321008ea29bcfe4e5fe0404b6f800c9593912396', 'testclient', 'william.hidayat@gmail.com57ff7e860c6392.02130567', '2016-12-21 10:27:10', 'crowdies'),
('32d4fce890fe94c031dde17f35596f9286d8650c', 'testclient', 'kodok@gmail.com57da2f2e7c0a03.09778199', '2016-12-08 20:20:03', 'crowdies'),
('3329a8b48a1c63f3c6936d1e342aef283e2e27cb', 'testclient', 'agungwy@gmail.com57dac62e53ad22.28354613', '2016-12-06 02:25:37', 'bo'),
('3399168affb9359df98fb234d1374f0db0342361', 'testclient', 'agungwy@gmail.com57dac4193195f4.02191731', '2016-09-29 15:58:17', 'bo'),
('342d9d9a316fd18d574d71f0d16f2716d0dfe7d1', 'testclient', 'stereo@social.com57da03f7b1f684.64831477', '2016-12-23 14:25:14', 'bo'),
('345cde6b71d27040d4e5fddec76569cfc4bf816b', 'testclient', 'steve@jobs.co57d8a4c0cc1ae1.01485974', '2016-11-15 03:50:50', 'bo'),
('3540499d242475b2b218a097f5034e6d8c6a47e6', 'testclient', 'katak@gmail.com57f33e1411d5b4.11973478', '2016-12-03 15:28:52', NULL),
('356dcd842b97cfe63541e6243f4a933416e5743b', 'testclient', 'william.hidayat@gmail.com57ff7e860c6392.02130567', '2016-12-15 20:31:26', 'crowdies'),
('35eb67e823ac2fb47eec220e248d4802807acd00', 'testclient', 'william.hidayat@gmail.com57ff7e860c6392.02130567', '2016-12-20 14:00:21', 'crowdies'),
('35f23d61a9a593fa9539417483b986bb428c0c26', 'testclient', 'stereo@social.com57da03f7b1f684.64831477', '2016-12-21 09:29:45', 'bo'),
('36322f16d4bce05d83ebba99883d92c4a550f4c7', 'testclient', 'william.hidayat@gmail.com57ff7e860c6392.02130567', '2016-12-16 23:09:38', 'crowdies'),
('365126e3e5269a1d7e600cc7235e77530f55de07', 'testclient', 'kodok@gmail.com57da2f2e7c0a03.09778199', '2016-12-16 13:11:12', 'crowdies'),
('36e76778e5df42ae1f95f4578627f01c7dc42af9', 'testclient', 'jaku@sand.com57d7efc7b570a1.15619690', '2016-09-27 12:23:36', NULL),
('3805e18ccea7a0ed7e38bc4ea5cb60c6b8241851', 'testclient', 'kodok@gmail.com57da2f2e7c0a03.09778199', '2016-12-13 00:01:39', 'crowdies'),
('3853543ce8a95fb2698085bee3f3446722299389', 'testclient', 'william.hidayat@gmail.com57ff7e860c6392.02130567', '2016-12-17 14:15:06', 'crowdies'),
('38771a379dd8440c677e4f1df1f77e557645a4a8', 'testclient', 'kodok@gmail.com57da2f2e7c0a03.09778199', '2016-12-24 15:12:37', 'crowdies'),
('38db0903e9580fe867e2413f0cb261947f33b152', 'testclient', 'kodok@gmail.com57da2f2e7c0a03.09778199', '2016-12-02 23:32:48', 'crowdies'),
('38df91e87c10cdc8ef0e43ff3d8abfdbb9beedb7', 'testclient', 'agungwy@gmail.com57d93a52f18b61.99176828', '2016-09-28 13:36:12', 'bo'),
('38f5838df433d97b326049a2490534cfac6c9195', 'testclient', 'kodok@gmail.com57da2f2e7c0a03.09778199', '2016-12-08 20:58:46', 'crowdies'),
('39711c7865754736d6c4ed3de17154452723b60f', 'testclient', 'kodok@gmail.com57da2f2e7c0a03.09778199', '2016-12-07 16:05:20', 'crowdies'),
('39bf6e0d04b3642022088763261b4b6918eea08f', 'testclient', 'kodok@gmail.com57da2f2e7c0a03.09778199', '2016-12-22 00:09:03', 'crowdies'),
('3a4fc367bf1b4d337ff88b0b7e11faf8864998a4', 'testclient', 'agungwy@gmail.com57dac62e53ad22.28354613', '2016-12-07 14:34:29', 'bo'),
('3a515dd1b4cd9259329d773ae126fabb0a5c33ca', 'testclient', 'william.hidayat@gmail.com57ff7e860c6392.02130567', '2016-12-15 16:50:06', 'crowdies'),
('3a52ef79e49603e16502d9f676cd8010e5aa84a5', 'testclient', 'agungwy@gmail.com57dac62e53ad22.28354613', '2016-12-10 12:09:06', 'bo'),
('3a538efb319c1b8f5e54b9911c07eb5ea0ce6662', 'testclient', 'ate@uy.con57d8000240fc53.26460556', '2016-09-27 13:32:50', NULL),
('3ab52738f2ccda2bf7b54262cd67eda247e66b90', 'testclient', 'kodok@gmail.com57da2f2e7c0a03.09778199', '2016-12-16 23:43:50', 'crowdies'),
('3acc3652bc322d5e998179251cf9dd357fe0cf6b', 'testclient', 'william.hidayat@gmail.com57ff7e860c6392.02130567', '2016-12-17 12:22:12', 'crowdies'),
('3b2fceb3f189f434aafa195ba2da247dd2ffa781', 'testclient', 'kodok@gmail.com57da2f2e7c0a03.09778199', '2016-12-03 01:37:44', 'crowdies'),
('3b798ee5432e2476b5ffba354d96b8036c95e3ce', 'testclient', 'william.hidayat@gmail.com57ff7e860c6392.02130567', '2016-12-18 19:14:26', 'crowdies'),
('3b8c15f91490bede0eee1ffffad2a60cfc5e60a2', 'testclient', 'steve@jobs.co57d8a4c0cc1ae1.01485974', '2016-12-23 01:32:42', 'bo'),
('3ba3e3d33c466a035ef1348eda6de13771ea1703', 'testclient', 'steve@jobs.co57d8a4c0cc1ae1.01485974', '2016-09-28 14:53:41', 'bo'),
('3be425b441da3e9582ca96a8cffd7ea3e8ee2e52', 'testclient', 'kodok@gmail.com57da2f2e7c0a03.09778199', '2016-09-29 14:08:55', 'crowdies'),
('3c6d7451be093ed6487fdaac57dc9789de8e44d2', 'testclient', 'kodok@gmail.com57da2f2e7c0a03.09778199', '2016-09-29 05:18:39', NULL),
('3ca2c64bd68626918dadd0d9a4ead5be174bbb08', 'testclient', 'kodok@gmail.com57da2f2e7c0a03.09778199', '2016-12-11 17:00:15', 'crowdies'),
('3cd4a50e9cbb9e72549f50e3b28a72e022e3711e', 'testclient', 'agungwy@gmail.com57dac62e53ad22.28354613', '2016-12-10 12:03:06', 'bo'),
('3ce16bd53eb756316d962ea975d8cbe5333e50b6', 'testclient', 'william.hidayat@gmail.com57d2b3bb031944.08580997', '2016-09-23 16:15:30', 'crowdies'),
('3d0ea14a58666bee823303758ffab4400e186267', 'testclient', 'william.hidayat16@gmail.com57d6c9b379d268.36758052', '2016-09-26 15:28:51', NULL),
('3d63a24e2af0cb2a6ce806845152ec8a59c93df5', 'testclient', 'agungwy@gmail.com57dac62e53ad22.28354613', '2016-12-10 01:29:45', 'bo'),
('3dcd613e6d748d5a8e08b363cc67087079c76626', 'testclient', 'steve@jobs.co57d8a4c0cc1ae1.01485974', '2016-09-28 01:37:54', 'bo'),
('3e25bbb828a4a53f8f87c8dd360604a5d364592e', 'testclient', 'agungwy@gmail.com57dac62e53ad22.28354613', '2016-12-11 17:02:29', 'bo'),
('3eb630f674928dde2222d08c26f356caf8bcbe23', 'testclient', 'agungwy@gmail.com57d432250fc025.61987160', '2016-09-25 13:26:27', 'bo'),
('3f517d863f66c11c8d7936ced2a1dda40cb6cb16', 'testclient', 'agungwy@gmail.com57d93a52f18b61.99176828', '2016-09-28 14:31:58', 'bo'),
('3f8378337bcfaf1c20037bf0b68b92df928994ee', 'testclient', 'william.hidayat@gmail.com57ff7e860c6392.02130567', '2016-12-17 14:38:16', 'crowdies'),
('3f8f7c3d2c196246dc809d48e2c88601d804a76c', 'testclient', 'william.hidayat@gmail.com57ff7e860c6392.02130567', '2016-12-16 17:45:17', 'crowdies'),
('3fa0c953e4df9b771d5d5f3f245c30f445fe07e5', 'testclient', 'william.hidayat@gmail.com57ff7e860c6392.02130567', '2016-12-16 22:46:56', 'crowdies'),
('3fb6193bc49acb8c842f1cdbd49d853363e3b4cf', 'testclient', 'cantyaps@gmail.com57d7ce2f8de9d7.94641450', '2016-09-27 10:00:15', NULL),
('3ff07d7459c8d0542cee14cf3fcc6bf2a4a682aa', 'testclient', 'agungwy@gmail.com57d93a52f18b61.99176828', '2016-09-28 12:51:13', 'bo'),
('401aa68d473acbcc40cb0b50428990d209470c69', 'testclient', 'william.hidayat@gmail.com57ff7e860c6392.02130567', '2016-12-17 21:03:45', 'crowdies'),
('41a2703513b1c6b7864c77f422bb59ba6cb93be6', 'testclient', 'william.hidayat@gmail.com57ff7e860c6392.02130567', '2016-12-18 20:22:08', 'crowdies'),
('41a8d9468c823b42309b063df7bcfa567cd9491a', 'testclient', 'william.henry2009@hotmail.com57f25cbf560c98.09836012', '2016-12-02 23:31:44', 'crowdies'),
('41aeeba2ffcea9211e4e74ff8eb58cf940cb266b', 'testclient', 'agungwy@gmail.com57dac62e53ad22.28354613', '2016-12-10 01:55:06', 'bo'),
('41fddb696a079a19aac438234b01dcfb9ccb4d60', 'testclient', 'steve@jobs.co57d8a4c0cc1ae1.01485974', '2016-09-29 10:06:24', 'bo'),
('4296a1207a0d570c3a1c83ef8b4c67e695915b8b', 'testclient', 'stereo@social.com57da03f7b1f684.64831477', '2016-12-16 13:25:57', 'bo'),
('429b31fe2302e4463bdb6016bacb08b03e431fc0', 'testclient', 'stereo@social.com57da03f7b1f684.64831477', '2016-12-23 03:31:28', 'bo'),
('42e4602a249100a0799f01a9ee7c365f87a84252', 'testclient', 'william.hidayat@gmail.com57ff7e860c6392.02130567', '2016-12-21 09:22:52', 'crowdies'),
('43047b09ac5cd510e4883c0aff791d893a39216b', 'testclient', 'william.hidayat@gmail.com57ff7e860c6392.02130567', '2016-12-21 08:56:38', 'crowdies'),
('439f32c4110a09055a8dbb834afec8b27a63edbd', 'testclient', 'william.hidayat@gmail.com57ff7e860c6392.02130567', '2016-12-16 23:39:02', 'crowdies'),
('43a4cc962f503c6bad86afa47c75c5a4f6cc4d77', 'testclient', 'william.hidayat@gmail.com57d2b3bb031944.08580997', '2016-09-25 14:45:43', 'crowdies'),
('43eb9f3a13caa46abcf151d4ef0adba18b2bf5cf', 'testclient', 'william.hidayat@gmail.com57d2b3bb031944.08580997', '2016-09-23 16:14:39', NULL),
('43f82b40c981b18aa338d1df85eb12598efbe0e2', 'testclient', 'yohanakanisia@gmail.com57ff834d96ba87.78176813', '2016-12-24 14:15:22', 'bo'),
('441328cd255c0e697c7ae3d36e10d96da46053a5', 'testclient', 'kodok@gmail.com57da2f2e7c0a03.09778199', '2016-12-16 13:10:47', 'crowdies'),
('449d96150203cb25ac62a789dd02079528515e6c', 'testclient', 'doe@done.com57db7df30bb580.31962966', '2016-12-24 12:41:42', 'bo'),
('4585a09aab8a6031cb1e956602d56d01fa57d2a4', 'testclient', 'agungwy@gmail.com57dac4193195f4.02191731', '2016-09-29 16:00:57', 'bo'),
('45912afb2324a626f7859538264fc76810feed7e', 'testclient', 'agungwy@gmail.com57dac62e53ad22.28354613', '2016-12-06 01:32:16', 'bo'),
('45e6f23408d1944cd84377ef3e4cd9f4e4d1ff5d', 'testclient', 'stereo@social.com57da03f7b1f684.64831477', '2016-12-09 15:04:35', 'bo'),
('463db316f00718b9d92a1bd2d80fd895965d27bd', 'testclient', 'william.hidayat@gmail.com57ff7e860c6392.02130567', '2016-12-16 23:42:11', 'crowdies'),
('46bc7615716570b2b2225c8c67333c53ee5fb4e1', 'testclient', 'agungwy@gmail.com57dac62e53ad22.28354613', '2016-12-10 02:14:20', 'bo'),
('47a2a01a9898a8af53aa9654b22b318c5c0dbef7', 'testclient', 'agungwy@gmail.com57d6370b977116.22328267', '2016-09-26 05:03:08', NULL),
('483509922578e551fd4385f1a4bdd82a04a3875d', 'testclient', 'william.hidayat@gmail.com57ff7e860c6392.02130567', '2016-12-17 16:58:27', 'crowdies'),
('484c27a569f7e9314212ed0a28f54127c6237624', 'testclient', 'bshaffer', '2016-09-23 02:09:06', NULL),
('4871786b1592242ae34a90490ce21c2db62042a7', 'testclient', 'agungwy@gmail.com57dac62e53ad22.28354613', '2016-12-06 02:24:27', 'bo'),
('48892dacda7f5ca49ccdbf4d710bac090ced1ae7', 'testclient', 'kodok@gmail.com57da2f2e7c0a03.09778199', '2016-12-21 23:35:38', 'crowdies'),
('48bcc8dde3d0655a685cc4ec3beb0541e2f2a898', 'testclient', 'william.hidayat@gmail.com57ff7e860c6392.02130567', '2016-12-18 12:28:58', 'crowdies'),
('492fdf2965a8b8bfcf743b2c3d72841837a0b544', 'testclient', 'kodok@gmail.com57da2f2e7c0a03.09778199', '2016-12-03 13:10:02', 'crowdies'),
('4941db4079e0cb7a708c260cb6db5465fbaaab1a', 'testclient', 'kodok@gmail.com57da2f2e7c0a03.09778199', '2016-12-09 23:31:15', 'crowdies'),
('498f993d1bf57068f066e818515ffa129f90859d', 'testclient', 'kodok@gmail.com57da2f2e7c0a03.09778199', '2016-12-03 01:59:03', 'crowdies'),
('49939c361f804233f72525c4dd82734fea04f8b8', 'testclient', 'agungwy@gmail.com57dac62e53ad22.28354613', '2016-12-07 14:46:21', 'bo'),
('49f47a3176719414f21f519fce041af46c77e763', 'testclient', 'agungwy@gmail.com57dac62e53ad22.28354613', '2016-12-07 14:36:05', 'bo'),
('4a5f3317cd0cc02717e58d8ce0fe706cc722a4ea', 'testclient', 'stereo@social.com57da03f7b1f684.64831477', '2016-12-15 23:15:18', 'bo'),
('4a9449c6031c5c635b5dec15db64048cb7d71e91', 'testclient', 'kodok@gmail.com57da2f2e7c0a03.09778199', '2016-12-08 23:16:56', 'crowdies'),
('4ad4db1780996da17240564683df65977b14b125', 'testclient', 'agungwy@gmail.com57dac62e53ad22.28354613', '2016-12-23 02:51:40', 'bo'),
('4b147c07a5ed9b49bae03c0e8385647ca4f7625b', 'testclient', 'william.hidayat@gmail.com57ff7e860c6392.02130567', '2016-12-18 17:07:31', 'crowdies'),
('4b2e791ef7d54c60ffc6cdc09b592bd9aefac602', 'testclient', 'one@d.com580aa297548c16.31588117', '2016-12-23 01:23:23', 'bo'),
('4bda65d695846d74b42ea4063940fb3c119a4713', 'testclient', 'ian@short.com57d57ad501a3e0.37786986', '2016-09-25 15:40:05', NULL),
('4cd896c7e5c7ca5b4304c43d0bd4273a1c4211fb', 'testclient', 'kodok@gmail.com57da2f2e7c0a03.09778199', '2016-12-08 20:11:47', 'crowdies'),
('4cde1bdb1af783aca6122f4c96db195f78e5e6ba', 'testclient', 'kodok@gmail.com57da2f2e7c0a03.09778199', '2016-12-09 14:20:49', 'crowdies'),
('4d230fd15c18a3f79fdc2327ebda299954207521', 'testclient', 'steve@jobs.co57d8a4c0cc1ae1.01485974', '2016-12-11 20:37:55', 'bo'),
('4d5bd2451629a5b7e9961ef0e4394aba3d5209f1', 'testclient', 'stanleyyau95@hotmail.com57f78abd594894.00746573', '2016-12-07 14:28:14', 'crowdies'),
('4d9a20514172e3eacca49ee31acbb380f5dbeae1', 'testclient', 'agungwy@gmail.com57dac62e53ad22.28354613', '2016-12-23 03:14:05', 'bo'),
('4dd4cf2968208fac412ced35eec77ad542750591', 'testclient', 'agungwy@gmail.com57d93a52f18b61.99176828', '2016-09-28 14:59:22', 'bo'),
('4e1015d33a549fcfa7a9c1ed58433e91ac365245', 'testclient', 'agungwy@gmail.com57dac62e53ad22.28354613', '2016-12-07 19:25:49', 'bo'),
('4e96e1d290124208f9a05b95ab44575a9245edba', 'testclient', 'william.hidayat@gmail.com57ff7e860c6392.02130567', '2016-12-17 14:01:19', 'crowdies'),
('4e9cc779976bf0cffaeaf6e578909a51c98cc974', 'testclient', 'kodok@gmail.com57da2f2e7c0a03.09778199', '2016-12-12 22:52:26', 'crowdies'),
('4ed19849ffa6756f31388c9d7476cd73cc5cb46d', 'testclient', 'steve@jobs.co57d8a4c0cc1ae1.01485974', '2016-09-28 01:37:23', 'bo'),
('4f0928a9edaa4d53961f924283c8651eb1ca35f8', 'testclient', 'agungwy@gmail.com57dac62e53ad22.28354613', '2016-12-06 01:30:06', 'bo'),
('4f301d6142bd8faecbfec3b5867166f3970be49d', 'testclient', 'agungwy@gmail.com57dac62e53ad22.28354613', '2016-12-25 12:11:02', 'bo'),
('4fc6f469f318a87402e5d297cd17423baa757554', 'testclient', 'william.hidayat@gmail.com57ff7e860c6392.02130567', '2016-12-16 23:23:23', 'crowdies'),
('4fcac279a034a6491741d8291ab6c50c5b2db99f', 'testclient', 'agungwy@gmail.com57dac62e53ad22.28354613', '2016-12-06 01:49:41', 'bo'),
('4fe0bad93e20cef7cd8e39190b6cbd9748b9f53e', 'testclient', 'agungwy@gmail.com57d93a52f18b61.99176828', '2016-09-28 11:59:48', 'bo'),
('4fff8bf05d4129b0b6f4bf54b27a572298f70c2b', 'testclient', 'kodok@gmail.com57d63a568c5567.51738472', '2016-09-26 05:17:10', NULL),
('5004b658305bf4f4e5ff1b4d391dd1d6533bcfaa', 'testclient', 'kodok@gmail.com57da2f2e7c0a03.09778199', '2016-12-02 23:21:11', 'crowdies'),
('50991291e45acb89352ab31b307aa44281f36069', 'testclient', 'steve@jobs.co57d8a4c0cc1ae1.01485974', '2016-09-28 13:03:13', 'bo'),
('5123a404f6b6c4a3489069814eb7e81db3645b3a', 'testclient', 'agungwy@gmail.com57dac62e53ad22.28354613', '2016-12-10 01:11:46', 'bo'),
('5185d34b82a8ebcfa011392229e6ce48af3d970d', 'testclient', 'kodok@gmail.com57da2f2e7c0a03.09778199', '2016-12-03 13:01:43', 'crowdies'),
('5187708731273777863c08d9612db0c1bfd30a47', 'testclient', 'kodok@gmail.com57da2f2e7c0a03.09778199', '2016-12-07 16:00:58', 'crowdies'),
('527470ded126f8438b89ddb8d37068523ededd87', 'testclient', 'stereo@social.com57da03f7b1f684.64831477', '2016-12-15 23:09:36', 'bo'),
('5294184104d39b5f915fc8e19fb6d0d2b20ece9a', 'testclient', 'agungwy@gmail.com57dac62e53ad22.28354613', '2016-12-11 16:09:03', 'bo'),
('5294dd19bdcad00750733452f7856dd8d82f1128', 'testclient', 'stereo@social.com57da03f7b1f684.64831477', '2016-12-23 03:34:03', 'bo'),
('52edb19ab93a2aba0205ce7d64464b558ade3c81', 'testclient', 'kodok@gmail.com57da2f2e7c0a03.09778199', '2016-12-09 16:22:27', 'crowdies'),
('53219a4fe1c694d29aa9778dc86cfb34f3877a20', 'testclient', 'io@io.com57d802aa074a83.06084282', '2016-09-27 13:44:10', NULL),
('53949fa31905beeda1df5199682da9b719e46d44', 'testclient', 'agungwy@gmail.com57dac62e53ad22.28354613', '2016-12-10 02:23:27', 'bo'),
('53f9cde101ee2118247782099cc03a3ac13eea6c', 'testclient', 'ian@short.com57d57960d62be2.40868661', '2016-09-25 15:33:53', NULL),
('53fbeacc7bf52fb8e51261c784d1b9da6c7868f1', 'testclient', 'mother@fucker.com57d7d7ae9411b2.48166284', '2016-09-27 10:40:46', NULL),
('544ba3ed387a951911cc41b66c39ed5b55aa5e43', 'testclient', 'agungwy@gmail.com57dac62e53ad22.28354613', '2016-12-23 01:19:42', 'bo'),
('549e82c8883aa8e84931af08b536a64daabef099', 'testclient', 'william.hidayat@gmail.com57d2b3bb031944.08580997', '2016-09-23 03:26:51', NULL),
('54cc6a046001cb8c7ff0b3b0e8a64f4337b881d1', 'testclient', 'kodok@gmail.com57da2f2e7c0a03.09778199', '2016-12-02 23:04:52', 'crowdies'),
('54dc575ff047657571e6bec78855c91be159134e', 'testclient', 'agungwy@gmail.com57dac62e53ad22.28354613', '2016-12-07 19:26:16', 'bo'),
('553dbbc7c8398a1486a984197f2b43c214ec0417', 'testclient', 'kodok@gmail.com57da2f2e7c0a03.09778199', '2016-09-29 15:58:45', 'crowdies'),
('55f810cbec355bbeab212ceaf493a914c1c83a5d', 'testclient', 'steve@jobs.co57d8a4c0cc1ae1.01485974', '2016-09-28 14:48:58', 'bo'),
('56ad579c50dc2e7967f8831bb3567d592ba38781', 'testclient', 'william.hidayat@gmail.com57ff7e860c6392.02130567', '2016-12-16 23:02:15', 'crowdies'),
('5759adc983e8a6f5b55507f6cb6efd187bf8232d', 'testclient', 'kodok@gmail.com57da2f2e7c0a03.09778199', '2016-12-22 00:07:34', 'crowdies'),
('5768b691e1f7fd2f46301b3964e6d816e178ba23', 'testclient', 'kodok@gmail.com57da2f2e7c0a03.09778199', '2016-12-21 11:58:50', 'crowdies'),
('57a1822dd50622db90586fd5315e93049637cc03', 'testclient', 'agungwy@gmail.com57dac62e53ad22.28354613', '2016-12-12 23:20:50', 'bo'),
('57ba950308a25975df48769556eaa627e1e646f7', 'testclient', 'kodok@gmail.com57da2f2e7c0a03.09778199', '2016-12-10 21:02:50', 'crowdies'),
('57ccdb53a7f9a88fe8fc6e766a89a98432bfebde', 'testclient', 'agungwy@gmail.com57d93a52f18b61.99176828', '2016-09-28 14:13:09', 'bo'),
('57cd2205d8db118e20eb5974400cd930e6f68127', 'testclient', 'william.hidayat@gmail.com57ff7e860c6392.02130567', '2016-12-17 12:50:20', 'crowdies'),
('57d6156339215ea456a916df918f64687448c2fe', 'testclient', 'william.hidayat@gmail.com57d2b3bb031944.08580997', '2016-09-23 16:20:54', 'crowdies'),
('57ec88cafafdf4697e5631297afaf3d0a6da1918', 'testclient', 'agungwy@gmail.com57d93a52f18b61.99176828', '2016-09-28 13:13:18', 'bo'),
('57fa8b9db55c96fd9ace668a42cbcfe2b424d985', 'testclient', 'kodok@gmail.com57da2f2e7c0a03.09778199', '2016-11-15 04:29:15', 'crowdies'),
('5875471dfd6b83d198327f0782750f4d45a39fbe', 'testclient', 'kodok@gmail.com57da2f2e7c0a03.09778199', '2016-12-23 19:46:50', 'crowdies'),
('5955830b489c53b0b0ba1b9124a4bf1492f2d832', 'testclient', 'william.hidayat@gmail.com57ff7e860c6392.02130567', '2016-12-17 15:28:55', 'crowdies'),
('59f4eae15f173d24e3df99fadfb5ba693170187b', 'testclient', 'kodok@gmail.com57da2f2e7c0a03.09778199', '2016-12-07 15:36:00', 'crowdies'),
('5a2c680ea1bac1e99ae53819da5bb487563a316d', 'testclient', 'agungwy@gmail.com57dac62e53ad22.28354613', '2016-12-24 14:27:22', 'bo'),
('5a3e0432abba303621b74a6ae1f52e439d8faab0', 'testclient', 'kodok@gmail.com57da2f2e7c0a03.09778199', '2016-12-05 21:14:20', 'crowdies'),
('5a5412500bdc387617a0300b17ed766bf7127847', 'testclient', 'hakeemrdaud@gmail.com57e09631d524f9.20511441', '2016-12-23 17:26:36', 'crowdies'),
('5a6054d6b34a10dff4faf201d381cc4979cc1d2b', 'testclient', '3g@3g.com57db7240d3f6b4.87275611', '2016-11-15 04:17:05', NULL),
('5b274bf22f8ce28dee9c86e03983aa0dad4021c0', 'testclient', 'steve@jobs.co57d8a4c0cc1ae1.01485974', '2016-09-28 14:43:30', 'bo'),
('5b61581167463a62e6a710de8c185523d9b5b551', 'testclient', 'agungwy@gmail.com57d93a52f18b61.99176828', '2016-09-28 13:16:10', 'bo'),
('5b97a9af6c31b20620cf913b24959cd9796ed7f7', 'testclient', 'william.hidayat@gmail.com57ff7e860c6392.02130567', '2016-12-18 22:48:49', 'crowdies'),
('5be4e7cc5ce64fb14507c52c1180a85d5ddd585b', 'testclient', 'www@html.com58085dd28595b2.43935638', '2016-12-19 16:27:57', 'crowdies'),
('5bef2c46bb353c78184a1567f95d202b37fdb059', 'testclient', 'william.hidayat@gmail.com57ff7e860c6392.02130567', '2016-12-17 14:02:33', 'crowdies'),
('5c25d45a9c1391da95234d353adfa25e2c8bc9ef', 'testclient', 'william.hidayat@gmail.com57d2b3bb031944.08580997', '2016-09-26 15:16:40', 'bo'),
('5c2aa10c62fb0f71851da6719947c3bc7ec48e34', 'testclient', 'kodok@gmail.com57da2f2e7c0a03.09778199', '2016-12-07 16:08:43', 'crowdies'),
('5c5614485530c01fd6781e78985599f8af659c22', 'testclient', 'asd@123.com57d79acdbf5044.18211455', '2016-09-27 06:21:02', NULL),
('5c934145d276bc0fdc502801ff44612c5bb113f3', 'testclient', 'stereo@social.com57da03f7b1f684.64831477', '2016-12-15 18:37:44', 'bo'),
('5cf25328a93c22af6c7aebb7c150a23c45419572', 'testclient', 'stereo@social.com57da03f7b1f684.64831477', '2016-12-15 23:16:13', 'bo'),
('5d176f037024f524a1727500512d3347af88bd08', 'testclient', 'kodok@gmail.com57da2f2e7c0a03.09778199', '2016-12-10 12:10:28', 'crowdies'),
('5d3a16f9b487a0fce07ddf8fa6c87fb7e0d2a87c', 'testclient', 'doe@done.com57db7df30bb580.31962966', '2016-12-24 12:03:12', 'bo'),
('5d7453fcf4c8145b05c37ec39466da23d0a30361', 'testclient', 'stereo@social.com57da03f7b1f684.64831477', '2016-12-07 16:19:55', 'bo'),
('5dbdf2d6b3a46fce1ae35d3b2beb238a679ef0b0', 'testclient', 'william.hidayat@gmail.com57ff7e860c6392.02130567', '2016-12-18 13:19:58', 'crowdies'),
('5e3000c70e23bb8357125e6418e398f7281c307b', 'testclient', 'william.hidayat@gmail.com57ff4b00817347.72070522', '2016-12-12 18:59:22', 'crowdies'),
('5e8d459c64c7320cba1904544ec1bc4d88825e23', 'testclient', 'agungwy@gmail.com57dac62e53ad22.28354613', '2016-12-07 16:31:07', 'bo'),
('5e97c5f08f4d6641e392df8fb6cc99545754e722', 'testclient', 'agungwy@gmail.com57d93a52f18b61.99176828', '2016-09-28 12:51:42', 'bo'),
('5ea805b94f22e543dc7072098a2d1e889d0e9342', 'testclient', 'agungwy@gmail.com57d93a52f18b61.99176828', '2016-09-28 14:53:01', 'bo'),
('5f39fb0e5890c5bef5d7107700185e043ed220a2', 'testclient', 'stereo@social.com57da03f7b1f684.64831477', '2016-12-15 23:20:40', 'bo'),
('5fb003d45e442fcaa567b9caa54550cdb3cc50d6', 'testclient', 'stereo@social.com57da03f7b1f684.64831477', '2016-12-18 14:45:16', 'bo'),
('60167aa8bd64271d333be8d1a4d65691e6cc7e68', 'testclient', 'william.hidayat@gmail.com57d2b3bb031944.08580997', '2016-09-23 16:52:30', 'crowdies'),
('60309a1fbb6f02f61e5a38ba730b4abda6f3e4c3', 'testclient', 'agungwy@gmail.com57d93a52f18b61.99176828', '2016-09-28 13:15:53', 'bo'),
('60679214efee1b66d0c730f6abba27e1fb5ffe2f', 'testclient', 'stereo@social.com57da03f7b1f684.64831477', '2016-12-15 18:32:27', 'bo'),
('6097cee30a39f09aa47f385cfe966ba58e1c4d69', 'testclient', 'agungwy@gmail.com57d93a52f18b61.99176828', '2016-09-28 12:31:54', 'bo'),
('60ca0649fac2dc62579215c72db5f859ddc58e53', 'testclient', 'kodok@gmail.com57da2f2e7c0a03.09778199', '2016-12-02 23:19:11', 'crowdies'),
('613db32215a6825091b056963212eac6aa0c46a8', 'testclient', 'stereo@social.com57da03f7b1f684.64831477', '2016-12-24 14:31:48', 'bo'),
('618b9a117e7ee9bd360ed1a79fb2bee23ffd4767', 'testclient', 'kodok@gmail.com57da2f2e7c0a03.09778199', '2016-12-10 12:20:21', 'crowdies'),
('624a66e6c92e4fc01e2fef27223a6d1056dcef28', 'testclient', 'kodok@gmail.com57da2f2e7c0a03.09778199', '2016-12-03 00:18:34', 'crowdies'),
('6268684a94a4109ed800d174859e36591dcd1ceb', 'testclient', 'kodok@gmail.com57da2f2e7c0a03.09778199', '2016-12-10 02:50:02', 'crowdies'),
('62e15cb51e49a7033b9cba2e75c07c665e75a89b', 'testclient', 'william.hidayat@gmail.com57ff7e860c6392.02130567', '2016-12-21 00:53:21', 'crowdies'),
('63f042cd40d762929cbbba9080df4fe83522bfad', 'testclient', 'agungwy@gmail.com57d576eda752e6.94670453', '2016-09-25 15:23:26', NULL),
('64163fba6a48a9845c8d778517cd78e842290c81', 'testclient', 'kodok@gmail.com57da2f2e7c0a03.09778199', '2016-12-03 13:20:11', 'crowdies'),
('647f7d5b4d137e73fe2e2f19944d0ba8952da8b4', 'testclient', 'william.hidayat@gmail.com57d2b3bb031944.08580997', '2016-09-23 16:51:43', 'crowdies'),
('64e95e2ed611664146af2cc1ad0fc8f842860f7f', 'testclient', 'agungwy@gmail.com57d93a52f18b61.99176828', '2016-09-28 12:55:36', 'bo'),
('655a52a4b809269774614f1e26ed57ea7a2250cf', 'testclient', 'junkie@mail.com57db75c33331c9.14324008', '2016-11-15 04:32:03', NULL),
('655ed49f68e3de61feda0fb90912f868bbbda805', 'testclient', 'william.hidayat@gmail.com57ff7e860c6392.02130567', '2016-12-21 09:10:13', 'crowdies'),
('6564f3d998977393abd6dfa20e8d726a7747b598', 'testclient', 'william.hidayat16@gmail.com57d69fbea6fe62.05858720', '2016-09-26 12:29:51', NULL),
('65ba9b7e34990b7e083d42cf0cc7ad81717ff1cd', 'testclient', 'agungwy@gmail.com57d57c64ac1895.24310076', '2016-09-25 15:46:45', NULL),
('65d2f269e6865736d4912f0f2b7bbae87482efdd', 'testclient', 'william.hidayat16@gmail.com57d69fbea6fe62.05858720', '2016-09-26 13:10:40', 'bo'),
('6632eac1c5dce26855d7ca1b7ac3849994fb1b77', 'testclient', 'agungwy@gmail.com57dac62e53ad22.28354613', '2016-12-06 01:33:20', 'bo'),
('6669461ebbf480b0515b04267478ada5fd7b1908', 'testclient', 'stereo@social.com57da03f7b1f684.64831477', '2016-12-08 21:06:20', 'bo'),
('666e1a665ee5cd59865c0036f84b5d63b00f4b74', 'testclient', 'kodok@gmail.com57da2f2e7c0a03.09778199', '2016-12-24 16:05:01', 'crowdies'),
('67b3f750d31d769f73c9189aba5f7f44704c4940', 'testclient', 'bshaffer@gmail.com57d378aa784614.03958496', '2016-09-23 17:11:53', NULL),
('67df535426cba2bc78242fa1cc0fb5e026c9702f', 'testclient', 'william.hidayat@gmail.com57ff7e860c6392.02130567', '2016-12-19 13:46:06', 'crowdies');
INSERT INTO `oauth_refresh_tokens` (`refresh_token`, `client_id`, `user_id`, `expires`, `scope`) VALUES
('6861020083dc756c0d105b46f7a9a12828434a3b', 'testclient', 'kodok@gmail.com57da2f2e7c0a03.09778199', '2016-12-03 00:07:34', 'crowdies'),
('68768a45ec2bbc411ba370904c2f6ee3d720a2f7', 'testclient', 'mother@cuk.com57d7e9669870f9.71156238', '2016-09-27 11:56:22', NULL),
('68a329bdc14a42c9a953465beccf2e2b3e3ea712', 'testclient', 'stereo@social.com57da03f7b1f684.64831477', '2016-12-16 00:30:32', 'bo'),
('68aa15feba2a96d52d04e1cdfa28ad6b4b09fd79', 'testclient', 'kodok@gmail.com57da2f2e7c0a03.09778199', '2016-11-15 04:22:08', 'crowdies'),
('68b0e62cfd0a5be890e3aeb4620bc5c23ba73be2', 'testclient', 'steve@jobs.co57d8a4c0cc1ae1.01485974', '2016-12-23 03:18:27', 'bo'),
('68c6b057809c7ff3405516c079f490610f511467', 'testclient', 'william.hidayat@gmail.com57ff7e860c6392.02130567', '2016-12-18 21:15:16', 'crowdies'),
('68d0d25d2a986fae2a2fa6a74e3466e38f5ec40f', 'testclient', 'agungwy@gmail.com57d6370b977116.22328267', '2016-09-26 05:31:08', 'crowdies'),
('68e8a1fdd8e03d3295718b1c1f25959246553f75', 'testclient', 'steve@jobs.co57d8a4c0cc1ae1.01485974', '2016-09-29 10:04:30', 'bo'),
('69025741465253c387acb26ef3edc78f0db4f041', 'testclient', 'cantyaps@gmail.com57d7cb5adc96e7.19310217', '2016-09-27 09:48:11', NULL),
('69074a1234ad1a5cdec478e7ea9a4c876d072130', 'testclient', 'agungwy@gmail.com57dac62e53ad22.28354613', '2016-12-07 15:54:06', 'bo'),
('698bf7b35186cdb3082a61a3f416e25e2c568ba4', 'testclient', 'william.hidayat@gmail.com57ff7e860c6392.02130567', '2016-12-23 03:30:57', 'crowdies'),
('69dd81fe48da74cde596d20f8db845ee3f81a1a3', 'testclient', 'william.hidayat@gmail.com57ff7e860c6392.02130567', '2016-12-21 00:54:34', 'crowdies'),
('6a40fc8b1029ea1c7bfdc61da19073259bdc708f', 'testclient', 'agungwy@gmail.com57dac62e53ad22.28354613', '2016-12-10 02:06:56', 'bo'),
('6ab306b571361889758289926680069fc2976937', 'testclient', 'stereo@social.com57da03f7b1f684.64831477', '2016-12-08 18:40:52', 'bo'),
('6aca3202a3cae01ad05b31df8f81f5f152c0918e', 'testclient', 'agungwy@gmail.com57dac62e53ad22.28354613', '2016-12-10 02:38:07', 'bo'),
('6aca87f060d8cc870aed46d3a19e60084e64bfdc', 'testclient', 'kodok@gmail.com57da2f2e7c0a03.09778199', '2016-11-15 05:05:11', 'crowdies'),
('6b114342d832a23dd016df31c402d92cf1067a26', 'testclient', 'stereo@social.com57da03f7b1f684.64831477', '2016-12-09 22:04:53', 'bo'),
('6b4392a0b3a13bc74127aaab7a43926fbf4fa181', 'testclient', 'kodok@gmail.com57da2f2e7c0a03.09778199', '2016-12-04 22:39:07', 'crowdies'),
('6b45baa9e6bfe88b679536b19804a8affd3b8fbc', 'testclient', 'stereo@social.com57da03f7b1f684.64831477', '2016-12-24 15:11:09', 'bo'),
('6b480ce32001d30684049513f0eda6d6f68c770e', 'testclient', 'kodok@gmail.com57da2f2e7c0a03.09778199', '2016-12-16 15:08:25', 'crowdies'),
('6b6a2941764a454e328f0c230c5ae9e028856067', 'testclient', 'steve@jobs.co57d8a4c0cc1ae1.01485974', '2016-12-24 11:50:47', 'bo'),
('6b724036d5b3c0b39b6ff9be04fad947e84b0a5b', 'testclient', 'stereo@social.com57da03f7b1f684.64831477', '2016-12-09 22:09:16', 'bo'),
('6c07ea8eebdb2883bd2b04ce05e67b1cfd206c73', 'testclient', 'agungwy@gmail.com57dac62e53ad22.28354613', '2016-12-06 00:24:52', 'bo'),
('6c0db49cdeb93ffe958e53e71aa91da2237b2c27', 'testclient', 'william.hidayat@gmail.com57ff7e860c6392.02130567', '2016-12-23 15:51:52', 'crowdies'),
('6c2a6d9fbf3cfacbc3be079b41a25a6d4b211cd2', 'testclient', 'stereo@social.com57da03f7b1f684.64831477', '2016-12-15 18:09:42', 'bo'),
('6cc5b8fe06510ab187f246fb8fb65a30288a1ccb', 'testclient', 'steve@jobs.co57d8a4c0cc1ae1.01485974', '2016-09-28 14:29:31', 'bo'),
('6ce5ebf5d264d6b698b2b49a2b0980f614ed3f28', 'testclient', 'cantyaps@gmail.com57d7d23127c431.00638134', '2016-09-27 10:17:21', NULL),
('6d7e6a2ba9eef4adbb1f584abf870eeec8a1f214', 'testclient', 'kodok@gmail.com57da2f2e7c0a03.09778199', '2016-12-07 15:09:33', 'crowdies'),
('6dba8d0b30c85c51d53f9f8217108ae534e2664f', 'testclient', 'cantyaps@gmail.com57d7cc95c9b0b5.43729868', '2016-09-27 09:53:26', NULL),
('6dbf679b84305996778a3a2d506961c187b67805', 'testclient', 'william.hidayat@gmail.com57ff7e860c6392.02130567', '2016-12-19 13:44:12', 'crowdies'),
('6dd3fdb505f74cab157b625e6891d932f0759589', 'testclient', 'william.hidayat@gmail.com57d2b3bb031944.08580997', '2016-09-23 16:28:38', 'crowdies'),
('6dfc545fe8b1022e64720059e37e025c9f608fff', 'testclient', 'kodok@gmail.com57da2f2e7c0a03.09778199', '2016-12-03 01:32:16', 'crowdies'),
('6e0c2e5cdd3adb05da5c3269c817201508961e2b', 'testclient', 'agungwy@gmail.com57dac62e53ad22.28354613', '2016-12-07 14:48:35', 'bo'),
('6e31d011c37104a29b8d9491798c41dbae06a42b', 'testclient', 'eprabowo@msn.com580c89ee998138.17201618', '2016-12-22 20:19:53', 'crowdies'),
('6ea91c6cc48df4af54af5f9ecc4a05480cbe71e3', 'testclient', 'kodok@gmail.com57da2f2e7c0a03.09778199', '2016-12-09 11:58:55', 'crowdies'),
('6ed574a20975fa063c71a5c55a8c64a5b101ac13', 'testclient', 'steve@jobs.co57d8a4c0cc1ae1.01485974', '2016-09-28 14:22:43', 'bo'),
('6f2e5fcad63049581e16658eba014691d2c6e045', 'testclient', 'kodok@gmail.com57da2f2e7c0a03.09778199', '2016-12-10 03:04:36', 'crowdies'),
('6f8fed60f9b0eb3ceda8bfe3e60ce5ef3564b94a', 'testclient', 'william.hidayat@gmail.com57d75af99cad40.31995365', '2016-09-27 01:48:42', NULL),
('6f9390ad050e79c2685e77cd7618ff26d099d634', 'testclient', 'agungwy@gmail.com57d93a52f18b61.99176828', '2016-09-29 11:51:09', 'bo'),
('6f9855aebec946a06b372ae102f4012654f9281e', 'testclient', 'agungwy@gmail.com57dac62e53ad22.28354613', '2016-12-05 21:08:31', 'bo'),
('6fd78d10e4769e0f9f592eac4aa49af7b4ce4a02', 'testclient', 'william.hidayat@gmail.com57ff7e860c6392.02130567', '2016-12-17 23:39:13', 'crowdies'),
('6ffa529d177ac9de34a0639bceda7b10a4fade59', 'testclient', 'buaya@gmail.com57fdd81e2988c7.54438861', '2016-12-11 16:28:46', NULL),
('700f2a8378c6fef25aa85ec814b3bd6b1e4c1945', 'testclient', 'william.hidayat@gmail.com57ff7e860c6392.02130567', '2016-12-17 11:56:05', 'crowdies'),
('702cf413cff770bb159e6b005d72bdaf3630e9ad', 'testclient', 'kodok@gmail.com57da2f2e7c0a03.09778199', '2016-12-11 18:30:16', 'crowdies'),
('7064a5a8269d54d99ca1a05141f7c67b09cf7549', 'testclient', 'kodok@gmail.com57da2f2e7c0a03.09778199', '2016-12-16 12:28:45', 'crowdies'),
('706d801abc8366a3a480abbadb25c8f447a1019a', 'testclient', 'stereo@social.com57da03f7b1f684.64831477', '2016-12-08 21:10:34', 'bo'),
('7077779f778262419dec23819bd007ec06a54401', 'testclient', 'kodok@gmail.com57da2f2e7c0a03.09778199', '2016-12-02 23:23:07', 'crowdies'),
('707de6b500fd9b2582d869134693cdbb57cdf560', 'testclient', 'william.hidayat@gmail.com57ff7e860c6392.02130567', '2016-12-17 15:03:08', 'crowdies'),
('7161b1a9c91a930f1ad86388074b739ae638db34', 'testclient', 'kodok@gmail.com57da2f2e7c0a03.09778199', '2016-12-07 16:16:28', 'crowdies'),
('71e173259902442bdcb12bb58d0e6a747fdcd4d1', 'testclient', 'steve@jobs.co57d8a4c0cc1ae1.01485974', '2016-09-28 01:32:05', 'bo'),
('729c77f15405efc8b3f73a273021b66ecd7d17cb', 'testclient', 'mr.rage@ui.com57d804bbd28697.73764528', '2016-09-27 13:53:00', NULL),
('72a0e469556da1696fa6230474bfff828277460e', 'testclient', 'kodok@gmail.com57da2f2e7c0a03.09778199', '2016-12-10 02:59:21', 'crowdies'),
('72fd67c79f11896c536032ea4309223819349e9f', 'testclient', 'stereo@social.com57da03f7b1f684.64831477', '2016-12-15 22:21:43', 'bo'),
('738a572054eae5dbd0f23b47defc6672529cbb65', 'testclient', 'agungwy@gmail.com57dac62e53ad22.28354613', '2016-12-11 20:30:59', 'bo'),
('73dd2a3d8e950d48dfaf3ad31083e6dc780ffe0f', 'testclient', 'www@html.com58085dd28595b2.43935638', '2016-12-23 03:27:30', 'crowdies'),
('73f46c7f289e10438a1ab52d33043d1446921014', 'testclient', 'stereo@social.com57da03f7b1f684.64831477', '2016-12-23 03:23:32', 'bo'),
('740788a8f567059849dacad6632978522a62d96f', 'testclient', 'kodok@gmail.com57da2f2e7c0a03.09778199', '2016-12-10 02:36:52', 'crowdies'),
('74a2429d469fb218178d9233e7fa8fd931317792', 'testclient', 'buaya@gmail.com57fddd0c9b4028.98522694', '2016-12-11 17:19:35', 'crowdies'),
('74cec5eaf0263ed92b712ed66412404a48878f3e', 'testclient', 'william.hidayat@gmail.com57d2b3bb031944.08580997', '2016-09-27 00:44:20', 'bo'),
('74e7396bdb03074cea910adb6723c98a350b3f1f', 'testclient', 'kanye@west.com57d7f80882c564.67817602', '2016-09-27 12:58:48', NULL),
('751ec2903ba90bb570c65f2b642683f1b7f7b0d9', 'testclient', 'one@d.com580aa297548c16.31588117', '2016-12-23 03:19:47', 'bo'),
('759f129b3c132b410db80c7980b02f62a09f1064', 'testclient', 'kodok@gmail.com57da2f2e7c0a03.09778199', '2016-12-21 21:49:20', 'crowdies'),
('75c3a1f8e01817a47df19149dc3ffff8806a6d01', 'testclient', 'agungwy@gmail.com57dac62e53ad22.28354613', '2016-12-23 01:24:43', 'bo'),
('75fe83d2979dc1af3adb8ec2c622854e16cde51f', 'testclient', 'william.hidayat@gmail.com57ff7e860c6392.02130567', '2016-12-16 22:24:37', 'crowdies'),
('75ff03dbd382d6b3bb539c040c30826af974dc44', 'testclient', 'william.hidayat@gmail.com57ff7e860c6392.02130567', '2016-12-19 13:50:55', 'crowdies'),
('774a8a4df3fe590932c505f339e41956331df885', 'testclient', 'cantyaps@gmail.com57d7cfd1030383.62507160', '2016-09-27 10:07:13', NULL),
('776fcf9097e440e2ead4c2f629d359630d40087b', 'testclient', 'william.hidayat@gmail.com57d2b3bb031944.08580997', '2016-09-23 16:28:27', 'crowdies'),
('77965f8ca8c2e670e43d6696fcd94f10ee0c53a7', 'testclient', 'william.hidayat@gmail.com57ff7e860c6392.02130567', '2016-12-17 17:08:59', 'crowdies'),
('77a470df2abd577cdc6051091a79ffdf348492e0', 'testclient', 'agungwy@gmail.com57d93a52f18b61.99176828', '2016-09-28 14:13:00', 'bo'),
('77acf1c82e66d7627ba570a48225cbaec4023ca8', 'testclient', 'steve@jobs.co57d8a4c0cc1ae1.01485974', '2016-12-15 20:25:48', 'bo'),
('77da55884b17ad17bdac9f04945000b2f0a8bea4', 'testclient', 'kodok@gmail.com57da2f2e7c0a03.09778199', '2016-12-16 13:07:49', 'crowdies'),
('78263cb93c43eb4e7ec35fb0deb1d2fa920ebfb9', 'testclient', 'william.hidayat@gmail.com57d2b3bb031944.08580997', '2016-09-24 05:02:59', 'crowdies'),
('783d606f4c5bbe0be2d373f0f195b9dbace98276', 'testclient', 'apala@h.com57d7eb524ac211.16939309', '2016-09-27 12:04:34', NULL),
('785a6fe9da4053bc239e853e57fbac27fdf06caa', 'testclient', 'stereo@social.com57da03f7b1f684.64831477', '2016-12-21 09:09:14', 'bo'),
('786f2c5bfa6fbfca4dff301c6583387593f85ab6', 'testclient', 'stereo@social.com57da03f7b1f684.64831477', '2016-12-07 16:35:44', 'bo'),
('78a9cda8585e3a875af7fd81a9fe51f795053a0c', 'testclient', 'kodok@gmail.com57da2f2e7c0a03.09778199', '2016-12-07 21:43:47', 'crowdies'),
('78d0fed79344cc067f713c8a2072849d7bb523f9', 'testclient', 'hakeem@daud.com57db73853917c0.61923374', '2016-11-15 04:22:31', NULL),
('7917e8ccb11f96fa8f5d605f195d102c7214e339', 'testclient', 'steve@jobs.co57d8a4c0cc1ae1.01485974', '2016-09-28 14:43:33', 'bo'),
('7944aef973718ace377792fb5332900291ce6a71', 'testclient', 'jerapah@gmail.com580de5dbeb77f3.14106615', '2016-12-24 07:03:38', 'crowdies'),
('79a40b693daf54eda6a6cac1a9b3d54b065b817b', 'testclient', 'stereo@social.com57da03f7b1f684.64831477', '2016-12-23 01:44:38', 'bo'),
('7a448acb67a9954f63237bb0cbc0fa4222b155af', 'testclient', 'william.hidayat@gmail.com57ff7e860c6392.02130567', '2016-12-18 12:55:15', 'crowdies'),
('7a8737fc57ad96d1bc8c36e1ef550dd510b744d5', 'testclient', 'kodok@gmail.com57da2f2e7c0a03.09778199', '2016-12-07 15:59:51', 'crowdies'),
('7aad88fc5244c6fb001f72e36040c61da407b251', 'testclient', 'kodok@gmail.com57da2f2e7c0a03.09778199', '2016-12-24 15:52:20', 'crowdies'),
('7ae8908fac0cd32ffec838c8e992b76d9840ec49', 'testclient', 'william.hidayat@gmail.com57ff7e860c6392.02130567', '2016-12-18 14:45:39', 'crowdies'),
('7b1d5389affc9bbbe5a16d0058754f2d7a1072c4', 'testclient', 'one@d.com5804e0ce72ee76.34465142', '2016-12-19 16:45:16', 'bo'),
('7b8d98371d664677c526e71869253e5478ee0a43', 'testclient', 'william.hidayat@gmail.com57ff7e860c6392.02130567', '2016-12-20 12:31:28', 'crowdies'),
('7b9c6da6394f54355d3721c0b0fe260371476761', 'testclient', 'stereo@social.com57da03f7b1f684.64831477', '2016-12-23 02:06:36', 'bo'),
('7c4b0ff9d66e58da60b4e195451b9af1044712d1', 'testclient', '123@qwe.com57d8113605d327.39248437', '2016-09-27 14:46:14', NULL),
('7c96669a155fce8e23ffb36812afa5d61d795617', 'testclient', 'agungwy@gmail.com57d57c64ac1895.24310076', '2016-09-25 16:17:46', 'crowdies'),
('7cb665375e59d19a23b3e65b1ae6bd216f705bc6', 'testclient', 'agungwy@gmail.com57dac62e53ad22.28354613', '2016-12-10 01:50:56', 'bo'),
('7cc0090916bc4f278a00d42b87cf3a6d076acb79', 'testclient', 'agungwy@gmail.com57d93a52f18b61.99176828', '2016-09-28 13:58:22', 'bo'),
('7cd57e96d89de64af0f1e6e9bfbcdbbeccdf5eb5', 'testclient', 'kakao@talk.com57d7d5dfd399b5.30870661', '2016-09-27 10:33:04', NULL),
('7d016e0eda1e68a97179c13a10a4175921f06cb4', 'testclient', 'kodok@gmail.com57da2f2e7c0a03.09778199', '2016-12-07 15:12:41', 'crowdies'),
('7d54e6f174c370ba3d920f100d51b204e091beb3', 'testclient', 'agungwy@gmail.com57d93a52f18b61.99176828', '2016-09-28 14:24:26', 'bo'),
('7d6d0e18117ab940e51c94c3dc079f9680e16a7e', 'testclient', 'kodok@gmail.com57da2f2e7c0a03.09778199', '2016-12-16 12:16:19', 'crowdies'),
('7d88cdf6f3ae29296d64afba1eeaf2a296cc3884', 'testclient', 'agungwy@gmail.com57d6370b977116.22328267', '2016-09-26 11:41:19', 'crowdies'),
('7d95f50ead780adb99ba5c9401525d0082071c80', 'testclient', 'william.hidayat@gmail.com57ff7e860c6392.02130567', '2016-12-16 15:25:46', 'crowdies'),
('7dc27b87178a2ac0b11cebd53a95e42d7f927d47', 'testclient', 'ian@short.com57d57b6319f331.59103552', '2016-09-25 15:42:27', NULL),
('7dfe8c4ec522e57735b032f8607c3291b6234939', 'testclient', 'agungwy@gmail.com57dac62e53ad22.28354613', '2016-12-06 00:59:24', 'bo'),
('7ee2823d0929468cc23e1d0efd4d819ab22b2549', 'testclient', 'doe@done.com57db7df30bb580.31962966', '2016-11-15 05:06:59', NULL),
('7f0cb0b3def2ac2615bbc3e158f636e0831d1b09', 'testclient', 'steve@jobs.co57d8a4c0cc1ae1.01485974', '2016-09-29 16:04:07', 'bo'),
('7f26c5a04091efb63f311c315fd2c53fbcd3ce19', 'testclient', 'stanley@ipkiss.com57d81239201060.33044430', '2016-09-27 14:50:33', NULL),
('7f432c2b79f38d0ab9faa1cded5bbbb75117b350', 'testclient', 'cantyaps@gmail.com57d7cf034a4620.56121320', '2016-09-27 10:03:47', NULL),
('7f631ba1c89d3a01bedcbe41063581e6ab1b5fd4', 'testclient', 'william.hidayat@gmail.com57ff7e860c6392.02130567', '2016-12-15 20:22:37', 'crowdies'),
('7f6f8a49803d51dbfea9769de555bcc283c3681e', 'testclient', 'agungwy@gmail.com57d93a52f18b61.99176828', '2016-09-28 13:02:05', 'bo'),
('7fcb9529cab6296bded977a7905934a25e88cd3c', 'testclient', 'rage@s.com57d804e2705a34.48665830', '2016-09-27 13:53:39', NULL),
('806ef0251e6ec9b7c4078d131c3c57dcc5276fc4', 'testclient', 'agungwy@gmail.com57dac62e53ad22.28354613', '2016-12-11 16:09:56', 'bo'),
('807a4d770146e41f32329b7d52d12cfd71cfad5a', 'testclient', 'buaya@gmail.com57fddd0c9b4028.98522694', '2016-12-11 17:03:52', 'crowdies'),
('80ba3732ca9a09112d2bcb40df837eabb3ba6652', 'testclient', 'steve@jobs.co57d8a4c0cc1ae1.01485974', '2016-11-19 12:17:34', 'bo'),
('80c6487e0d34b352d7be3faa6d09f9a7d27531d1', 'testclient', 'stereo@social.com57da03f7b1f684.64831477', '2016-12-21 00:55:59', 'bo'),
('80db302ac11cb1ece2c8ba944b1e257d51437a8c', 'testclient', 'stereo@social.com57da03f7b1f684.64831477', '2016-12-18 13:18:21', 'bo'),
('8112362f0d16c4701e4251c06b65d81acb9aca7d', 'testclient', 'son@bitch.com57d7d7dd26feb5.71227255', '2016-09-27 10:41:33', NULL),
('819048fd27370838ed15294796f0e6c4beeedbc0', 'testclient', 'william.hidayat@gmail.com57d2b3bb031944.08580997', '2016-09-26 15:20:49', 'bo'),
('81ae641c47fb9f0d860a098d0c842c3e2cc683d5', 'testclient', 'kodok@mail.com57da245638c671.97178896', '2016-09-29 04:32:22', NULL),
('81ed17944f668a09383836e166d42bbc2f0498d9', 'testclient', 'stereo@social.com57da03f7b1f684.64831477', '2016-12-24 12:55:16', 'bo'),
('82746c0153dcc6ce4d350eedfcea4fbe54857b1e', 'testclient', 'steve@jobs.co57d8a4c0cc1ae1.01485974', '2016-09-28 14:26:43', 'bo'),
('82f6c08a987bc53929574130492a80070be8c38c', 'testclient', 'kodok@gmail.com57da2f2e7c0a03.09778199', '2016-12-07 17:15:00', 'crowdies'),
('830a0b522c8646697a4a2a964c8a1ba9dee3b43f', 'testclient', 'h.daud@uqconnect.edu.au580d9f66b96d29.28615889', '2016-12-24 13:46:52', 'bo'),
('8364468bc6c6c6664596ab8ebff4c73ce4db14ab', 'testclient', 'kodok@gmail.com57da2f2e7c0a03.09778199', '2016-12-10 21:20:04', 'crowdies'),
('83b764135c775bf312f963772169ebc38bb8939e', 'testclient', 'kodok@gmail.com57da2f2e7c0a03.09778199', '2016-12-24 14:42:32', 'crowdies'),
('83e3d0ca868a2ab3b62c189bd0a80473d543a6ab', 'testclient', 'william.hidayat@gmail.com57ff4d7cbaf8c8.09002507', '2016-12-12 19:14:55', 'crowdies'),
('844189881e8e963f25ca62ed4966243d8419e1b8', 'testclient', 'stereo@social.com57da03f7b1f684.64831477', '2016-12-15 18:41:41', 'bo'),
('846e2fa88540e920b7e202e7519789a0250eb0ee', 'testclient', 'william.henry@ui.ac.id57d6905c82dc94.48093726', '2016-09-26 11:24:12', NULL),
('84d104a61f3cabcbaf3ee9b2086080dd5f223c09', 'testclient', 'william.hidayat@gmail.com57ff7e860c6392.02130567', '2016-12-16 23:13:33', 'crowdies'),
('85574b438e151d49e53eb62b5d6ab961768b333f', 'testclient', 'kodok@gmail.com57da2f2e7c0a03.09778199', '2016-12-12 23:23:34', 'crowdies'),
('8593a163b771a34d0f62df4a6950ea0bef64f8d5', 'testclient', 'stereo@social.com57da03f7b1f684.64831477', '2016-12-15 21:53:44', 'bo'),
('85a92371c722bdcef4b573369ce0048d5900041e', 'testclient', 'steve@jobs.co57d8a4c0cc1ae1.01485974', '2016-12-07 16:19:06', 'bo'),
('85ff5fcefbc2d0ff37973f79c22d422190b437f2', 'testclient', 'agungwy@gmail.com57dac62e53ad22.28354613', '2016-12-23 01:54:26', 'bo'),
('865b232d0b58cf280cbb502e9ee6d313804dd6bf', 'testclient', 'kodok@gmail.com57da2f2e7c0a03.09778199', '2016-12-10 01:20:54', 'crowdies'),
('869e4fdb1a74a66c6d7bc8a640975e9cf467cea2', 'testclient', 'stereo@social.com57da03f7b1f684.64831477', '2016-12-10 00:26:43', 'bo'),
('86be1330e1b54c0dcd162ab88ba939fea3a05359', 'testclient', 'kodok@gmail.com57da2f2e7c0a03.09778199', '2016-12-09 16:25:45', 'crowdies'),
('871792edd9cc56a246092c4493d0d79b9dd8bb1c', 'testclient', 'william.hidayat@gmail.com57ff7e860c6392.02130567', '2016-12-17 14:04:03', 'crowdies'),
('871bd562d7639253e21cecf59f45db2873716228', 'testclient', 'agungwy@gmail.com57d93a52f18b61.99176828', '2016-09-28 14:08:14', 'bo'),
('877e23abc1271480a02d64129e9a1248dad836a3', 'testclient', 'agungwy@gmail.com57d93a52f18b61.99176828', '2016-09-28 13:18:47', 'bo'),
('87e0910b431ce8a455ff143de00c7758d73bd3cb', 'testclient', 'william.hidayat@gmail.com57ff7e860c6392.02130567', '2016-12-20 13:49:58', 'crowdies'),
('88067f19eec01dad10991ec246f6622901615586', 'testclient', 'kodok@gmail.com57da2f2e7c0a03.09778199', '2016-12-13 14:38:04', 'crowdies'),
('880f758f95fa87f5ff73321d8804e5bbe40ce434', 'testclient', 'kodok@gmail.com57da2f2e7c0a03.09778199', '2016-12-15 18:42:40', 'crowdies'),
('8830a8f53e543e235d637b103b7af4e6d97ad407', 'testclient', 'william.hidayat@gmail.com57ff7e860c6392.02130567', '2016-12-16 22:37:06', 'crowdies'),
('885ff699f4dfa5dbd8e5a2bc52eb10ddec8058d3', 'testclient', 'william.hidayat@gmail.com57ff7e860c6392.02130567', '2016-12-23 03:23:04', 'crowdies'),
('88d5530d40e0a5cb835e568b101610f655032acf', 'testclient', 'kodok@gmail.com57da2f2e7c0a03.09778199', '2016-12-07 16:16:11', 'crowdies'),
('893086bc6e3456191d8d9374f515bd2deb155e9f', 'testclient', 'agungwy@gmail.com57dac62e53ad22.28354613', '2016-12-07 23:16:19', 'bo'),
('894fef65f5c5527331d25c8e8c430c90513a9ec0', 'testclient', 'buaya@gmail.com57fddd0c9b4028.98522694', '2016-12-22 01:39:39', 'crowdies'),
('895ff44f122b83109c4aadaec3126b75e2395a5e', 'testclient', 'william.hidayat@gmail.com57d2b3bb031944.08580997', '2016-09-23 16:46:26', 'crowdies'),
('8a12403b935cec8176fabcea029392c270246f5d', 'testclient', 'yohanakanisia@gmail.com57ff834d96ba87.78176813', '2016-12-12 23:00:45', 'crowdies'),
('8a305b719fa5314f52c346189ec5d10d4d7de3c2', 'testclient', 'william.hidayat@gmail.com57ff7e860c6392.02130567', '2016-12-15 18:42:23', 'crowdies'),
('8a754028099712c685b1cd100ae0a4cf17293200', 'testclient', 'kodok@gmail.com57da2f2e7c0a03.09778199', '2016-12-16 23:35:41', 'crowdies'),
('8a7f4c71042793827426c6bba4f31fca1f0cff98', 'testclient', 'kodok@gmail.com57da2f2e7c0a03.09778199', '2016-12-02 23:14:47', 'crowdies'),
('8a898b1d9d4038687fda378066e0103351eacf72', 'testclient', 'bshaffer', '2016-09-23 00:12:24', NULL),
('8aba614a001f2c85d6380ab8da02190866b83002', 'testclient', 'stereo@social.com57da03f7b1f684.64831477', '2016-12-18 20:28:30', 'bo'),
('8b5eea65700a02d96d582fd322c9177d959ffaa0', 'testclient', 'agungwy@gmail.com57dac62e53ad22.28354613', '2016-12-10 02:18:54', 'bo'),
('8b651dc3be4d580e8569127352c74444053839e0', 'testclient', 'stereo@social.com57da03f7b1f684.64831477', '2016-12-18 13:16:17', 'bo'),
('8b932b4c7d2eef375d093a4026ad7fe25f1fbae8', 'testclient', 'buaya@gmail.com57fddd0c9b4028.98522694', '2016-12-23 01:47:09', 'crowdies'),
('8c20bb8f51b6327bb2c98192c3ecb3453c3541c5', 'testclient', 'salute@hall.com57d7eea8586f09.17207578', '2016-09-27 12:18:48', NULL),
('8c507c274db51bbcf0661ad85ae101691f8771c5', 'testclient', 'kodok@gmail.com57da2f2e7c0a03.09778199', '2016-12-10 12:22:57', 'crowdies'),
('8c5afe59d96c93883c2ad4a000d2b37ef2610d0e', 'testclient', 'william.hidayat@gmail.com57d78cb070bc63.25091257', '2016-09-27 05:20:48', NULL),
('8c6736df4241c7b8bd4d1479a0afb2111888213a', 'testclient', 'william.hidayat@gmail.com57ff7e860c6392.02130567', '2016-12-17 15:05:40', 'crowdies'),
('8c706f46fc7e5baa7dc9a0f16f3e5e596a38b2d5', 'testclient', 'kodok@gmail.com57da2f2e7c0a03.09778199', '2016-12-07 15:09:49', 'crowdies'),
('8c74afa3469d1dda23db1842cadeab1a22492992', 'testclient', 'kodok@gmail.com57da2f2e7c0a03.09778199', '2016-11-15 04:39:18', 'crowdies'),
('8c76e3a1c15a2b729250d4eb19bb5794ccf6c73d', 'testclient', 'william.hidayat@gmail.com57ff7e860c6392.02130567', '2016-12-17 23:37:03', 'crowdies'),
('8c80540ce7aa577a0bd9effab87fd791fb98f990', 'testclient', 'william.hidayat@gmail.com57ff7e860c6392.02130567', '2016-12-21 10:56:41', 'crowdies'),
('8c8dc57ff487f03d125e3ca25c67f5a9d37c4e80', 'testclient', 'william.hidayat@gmail.com57ff7e860c6392.02130567', '2016-12-21 09:08:45', 'crowdies'),
('8ceb3ba13be866722e2354c7c17dd5a0172f40a9', 'testclient', 'kodak@twitter.com57d80c7e2c7611.08786356', '2016-09-27 14:26:06', NULL),
('8cecc9693c09124c3dafe50d67195a04e264c920', 'testclient', 'kodok@gmail.com57da2f2e7c0a03.09778199', '2016-12-12 22:57:10', 'crowdies'),
('8cf9e8d8ae1b87b78089660d6c3f3fa0968cd263', 'testclient', 'bshaffer@gmail.com57d378aa784614.03958496', '2016-09-25 04:53:52', 'bo'),
('8d33cf0a672aaab2bfc25dfee6d23cf0b2178b7e', 'testclient', 'www@html.com58085dd28595b2.43935638', '2016-12-19 16:14:00', 'crowdies'),
('8d4edbc26dc2ff1188d30b8f162dae8516663ea1', 'testclient', 'kodok@gmail.com57da2f2e7c0a03.09778199', '2016-12-06 14:38:51', 'crowdies'),
('8dd1f42465dcca2f5b961128c717ec34463487ee', 'testclient', 'william.hidayat@gmail.com57ff7e860c6392.02130567', '2016-12-17 23:43:21', 'crowdies'),
('8de8667d5c2021426d1a49e91e2075be54c98ed8', 'testclient', 'william.hidayat@gmail.com57ff7e860c6392.02130567', '2016-12-21 08:54:46', 'crowdies'),
('8f2fa932b21ca61dbbde293a06e6c9e45f72000a', 'testclient', 'kodok@gmail.com57da2f2e7c0a03.09778199', '2016-12-07 15:11:52', 'crowdies'),
('8fb5e7d5ad9919d353957768afa7f815187b810f', 'testclient', 'steve@jobs.co57d8a4c0cc1ae1.01485974', '2016-12-23 01:51:40', 'bo'),
('8fbbc811023b0810ef99919a08333b4c1c2e8117', 'testclient', 'kodok@gmail.com57da2f2e7c0a03.09778199', '2016-12-07 16:04:45', 'crowdies'),
('90570f30a860c232151145cf844663ad621dcf75', 'testclient', '12@ajsdkj.com57d801c053df78.32650626', '2016-09-27 13:40:16', NULL),
('907cd3e51e89456b0f56694e881f9e0719238585', 'testclient', 'cantyaps@gmail.com57d7cba827a564.64320385', '2016-09-27 09:49:28', NULL),
('90fc64c0076e01ff4c35666473a171bd120b742f', 'testclient', 'agungwy@gmail.com57d93a52f18b61.99176828', '2016-09-28 14:18:50', 'bo'),
('9103381a06232994c0a1406da7a7e76aa9571bc9', 'testclient', 'william.hidayat@gmail.com57ff7e860c6392.02130567', '2016-12-17 16:52:36', 'crowdies'),
('912e120f3e2e995a49f519fd4faa943c21b0b486', 'testclient', 'kodok@gmail.com57da2f2e7c0a03.09778199', '2016-12-09 17:44:13', 'crowdies'),
('918d1d0c891513ee2bf0fa76bf9a9595f1d3a5d0', 'testclient', 'Koin@koin.com57f89fe9832e82.36489015', '2016-12-07 17:27:38', NULL),
('91c0a28f38967cb3d8c44c3e6953c2d23738f56e', 'testclient', 'william.hidayat@gmail.com57ff7e860c6392.02130567', '2016-12-18 20:30:57', 'crowdies'),
('91d651e138b899bc832029cd9c80fe9ebe709d00', 'testclient', 'john@cena.com57d8c677c90077.63239423', '2016-09-28 03:39:36', NULL),
('924a72af2a763d72bf2167a9d7a08aa2163b8913', 'testclient', 'steve@jobs.co57d8a4c0cc1ae1.01485974', '2016-09-28 01:30:24', 'bo'),
('9273c459f7940a7afd2fb46338bcb19d150d7503', 'testclient', 'cantyaps@gmail.com57d7cdc55b9393.01922279', '2016-09-27 09:58:29', NULL),
('9358d45f59ae05f4e28ba82fc9bb23cd8a353b66', 'testclient', 'agungwy@gmail.com57d93a52f18b61.99176828', '2016-09-28 14:54:20', 'bo'),
('937e675403687400a4bc0a97cc965f44132bda49', 'testclient', 'agungwy@gmail.com57dac62e53ad22.28354613', '2016-12-13 15:17:51', 'bo'),
('93b8a4ebe2e0d963f0c23fcb8bfc73556aedba01', 'testclient', 'kodok@gmail.com57da2f2e7c0a03.09778199', '2016-12-09 21:08:57', 'crowdies'),
('946e2ff93f234c750eae04b8b10e0ce89e56d249', 'testclient', 'agungwy@gmail.com57dac62e53ad22.28354613', '2016-12-10 02:47:13', 'bo'),
('94c34e5eb3dfe6eddf59bbc48c33424a2dc8dc9d', 'testclient', 'agungwy@gmail.com57d93a52f18b61.99176828', '2016-09-29 04:28:36', 'bo'),
('94ed35975549fef75ae52d51a1c09a05f11193cc', 'testclient', 'kodok@gmail.com57da2f2e7c0a03.09778199', '2016-12-16 22:24:21', 'crowdies'),
('950892749cf748ecad45646d9bce98ee492adad6', 'testclient', 'william.hidayat@gmail.com57ff7e860c6392.02130567', '2016-12-18 18:57:03', 'crowdies'),
('950c755685ca345091bbf2970dc3ee1bcb611f29', 'testclient', 'buaya@gmail.com57fddd0c9b4028.98522694', '2016-12-23 01:50:41', 'crowdies'),
('95af8b61052deb2f353c589b345f4d708c8af042', 'testclient', 'william.hidayat@gmail.com57ff7e860c6392.02130567', '2016-12-17 14:46:40', 'crowdies'),
('960e0d58f3edb5a6309a49b7fb740f6faa1ca06b', 'testclient', 'agungwy@gmail.com57dac62e53ad22.28354613', '2016-12-07 23:09:05', 'bo'),
('96865c2b823ff419376459e3d098fdae3df805ca', 'testclient', 'william.hidayat@gmail.com57d2b3bb031944.08580997', '2016-09-23 16:50:57', 'crowdies'),
('968fe16321f59bdf012cb578ba1f8b79bfa7bb74', 'testclient', 'kolor@gmail.com57d803c492a668.97551094', '2016-09-27 13:48:53', NULL),
('96a4c03b0616c40afa50f3e82d73ae6485ca106f', 'testclient', 'steve@jobs.co57d8a4c0cc1ae1.01485974', '2016-09-28 14:43:44', 'bo'),
('96e965b17e726a727310644e37c3f96b7e91ca1c', 'testclient', 'agungwy@gmail.com57dac62e53ad22.28354613', '2016-12-23 02:01:18', 'bo'),
('9780b37442d1835fe02b2a7e2cc9e47ae3af473a', 'testclient', 'william.hidayat@gmail.com57ff7e860c6392.02130567', '2016-12-18 19:33:19', 'crowdies'),
('9869b453142d96679497229872e550b41783ad28', 'testclient', 'bshaffer@gmail.com57d378aa784614.03958496', '2016-09-23 17:12:15', 'bo'),
('988b698b0ddd8e2d86c4ef26e64138af5a7a7359', 'testclient', 'william.hidayat@gmail.com57ff7e860c6392.02130567', '2016-12-18 13:03:00', 'crowdies'),
('98958a676cdd9ccf74763e78711d154c26e73321', 'testclient', 'william.hidayat@gmail.com57ff7e860c6392.02130567', '2016-12-16 23:30:12', 'crowdies'),
('98c2342d6a3658510c349b8516e8166c471c53a2', 'testclient', 'kodok@gmail.com57da2f2e7c0a03.09778199', '2016-12-09 17:34:19', 'crowdies'),
('9903153bd54378ec445c58e948800d3e17c41796', 'testclient', 'stereo@social.com57da03f7b1f684.64831477', '2016-12-10 12:02:20', 'bo'),
('9913fa53a403a4a863f496ff11ccc4649728077f', 'testclient', 'steve@jobs.co57d8a4c0cc1ae1.01485974', '2016-09-28 12:56:37', 'bo'),
('99d0eef69389c18f17d7e4e85da024f94876055f', 'testclient', 'yohanakanisia@gmail.com57ff834d96ba87.78176813', '2016-12-15 20:33:55', 'bo'),
('99e10f7042dae48afbfdc7dac5ef3e10fd2d5659', 'testclient', 'stereo@social.com57da03f7b1f684.64831477', '2016-12-21 09:11:15', 'bo'),
('9a44993a531421eef391e38323ba1bac18a1966f', 'testclient', 'william.hidayat@gmail.com57d2b3bb031944.08580997', '2016-09-23 16:48:43', 'crowdies'),
('9a5fb7fa27a817d16538cb89dce266ccb8109258', 'testclient', 'buaya@gmail.com57fddd0c9b4028.98522694', '2016-12-11 16:49:49', NULL),
('9a984bcd56c3e77cdfdffbdac0b79063b0c2e232', 'testclient', 'agungwy@gmail.com57dac62e53ad22.28354613', '2016-12-10 02:32:38', 'bo'),
('9b8e2dd6251710187babbd85babe2e660453ccff', 'testclient', 'william.hidayat@gmail.com57ff7e860c6392.02130567', '2016-12-17 15:17:44', 'crowdies'),
('9bcf7dcc02453c1b2533e9b1fa6fa41ca82de1bb', 'testclient', 'secret@sparrow.co57d8a0adb2e383.96904381', '2016-09-28 00:58:22', NULL),
('9c87acc0c1f08f72c7a40348d1b764999c3e4da5', 'testclient', 'stereo@social.com57da03f7b1f684.64831477', '2016-12-24 15:13:27', 'bo'),
('9c9bf818d9d253d5fd36721a95be6050920609fd', 'testclient', 'william.hidayat@gmail.com57ff7e860c6392.02130567', '2016-12-24 12:28:36', 'crowdies'),
('9d0a4086df8b34046ca244c15532d8fa5c9f7e37', 'testclient', 'kodok@gmail.com57da2f2e7c0a03.09778199', '2016-12-07 16:06:24', 'crowdies'),
('9d2814cf0f15904eac5b19798ebf2bb3ef411c38', 'testclient', 'william.hidayat@gmail.com57ff7e860c6392.02130567', '2016-12-18 20:26:03', 'crowdies'),
('9d613f2383e047f96e00f381063cca2800d352c2', 'testclient', 'kodok@gmail.com57da2f2e7c0a03.09778199', '2016-12-22 20:20:24', 'crowdies'),
('9d79a2f227e90dae8360ef72184d04a11f96d31d', 'testclient', 'steve@jobs.co57d8a4c0cc1ae1.01485974', '2016-12-23 19:50:17', 'bo'),
('9dff0b73dd6e4e106307b332e5b91686c4dc1438', 'testclient', 'william.hidayat@gmail.com57ff7e860c6392.02130567', '2016-12-14 10:51:26', 'crowdies'),
('9e22b95e7c0bbbd3194d8c540b1e1b8623f858c5', 'testclient', 'stanleyyau95@hotmail.com57f78abd594894.00746573', '2016-12-06 21:46:53', 'crowdies'),
('9e33a46c7e8b6c7b17545adafbe0da641c53a48a', 'testclient', 'steve@jobs.co57d8a4c0cc1ae1.01485974', '2016-09-28 14:19:40', 'bo'),
('9e4b512eb53308f06be30b516909708c5ffe21e5', 'testclient', 'william.hidayat@gmail.com57ff7e860c6392.02130567', '2016-12-16 22:17:59', 'crowdies'),
('9e6170c5c72acd71f098ac2299657ebb46e50f9c', 'testclient', 'stereo@social.com57da03f7b1f684.64831477', '2016-12-09 20:10:29', 'bo'),
('9ecd85cbb3f97b90972f33cb73404f662a021295', 'testclient', 'agungwy@gmail.com57dac4193195f4.02191731', '2016-09-29 15:54:01', NULL),
('9eddf11409f1b15f461776bc8a35ce048d8033dd', 'testclient', 'will@smiths.com5804d5db103537.58539245', '2016-12-16 23:48:21', 'crowdies'),
('9f85e596dacaf07c02b3c5b477072d393fc55289', 'testclient', 'william.hidayat@gmail.com57ff7e860c6392.02130567', '2016-12-17 14:29:59', 'crowdies'),
('9febd28bd7fd3fc2a871a268a0f11467b6484f8f', 'testclient', 'kodok@gmail.com57d57c21a78501.60529217', '2016-09-25 15:45:38', NULL),
('a0381d08aa19ab0da86ea0db031b413b644f9553', 'testclient', 'william.hidayat@gmail.com57ff7e860c6392.02130567', '2016-12-17 14:22:02', 'crowdies'),
('a0528690d420c0cec8dff6e89eb05dbf4e9ea8c8', 'testclient', 'william.henry2009@hotmail.com57f25cbf560c98.09836012', '2016-12-08 20:20:58', 'crowdies'),
('a05f86e8941286f73519c7cb545385c038452fbf', 'testclient', 'william.hidayat@gmail.com57d2b3bb031944.08580997', '2016-09-25 07:00:22', 'crowdies'),
('a09f64dbe89fdfd028417c61b8c074da5c042850', 'testclient', 'kodok@gmail.com57da2f2e7c0a03.09778199', '2016-12-09 16:57:46', 'crowdies'),
('a11a4063a15d3d6c567a816631cf8096a80b58ca', 'testclient', 'stereo@social.com57da03f7b1f684.64831477', '2016-12-07 18:53:55', 'bo'),
('a1a88b8a91a0bcae2ccc570816d45eb8831cfd38', 'testclient', 'arzelord22@gmail.com580df24e4b9a58.20350595', '2016-12-24 07:06:48', 'bo'),
('a1d632de969e8e9ad9bb76ebba75f5a55971f572', 'testclient', 'kodok@gmail.com57da2f2e7c0a03.09778199', '2016-12-10 02:40:08', 'crowdies'),
('a1da70a14151d5eef276d8bd24b401376a7c6840', 'testclient', 'william.hidayat@gmail.com57d2b3bb031944.08580997', '2016-09-25 04:54:22', 'crowdies'),
('a226972be7fb8a7f6f804c923e9624d0545e047a', 'testclient', 'agungwy@gmail.com57d93a52f18b61.99176828', '2016-09-28 14:44:52', 'bo'),
('a28fa1d1c2ef6019d42135430c1950ecf2075f34', 'testclient', 'stanley.hidayat@gmail.com57d80f8e61da86.85012500', '2016-09-27 14:39:10', NULL),
('a2cab63dd425065dcac0f098c90517414755d984', 'testclient', 'kodok@gmail.com57da2f2e7c0a03.09778199', '2016-12-21 21:53:20', 'crowdies'),
('a306c17b26caf2cd49987312a93de78a6683de70', 'testclient', 'william.hidayat@gmail.com57ff7e860c6392.02130567', '2016-12-18 20:22:37', 'crowdies'),
('a3385bab754d394d1f09af2f1426fc3b08732ea8', 'testclient', 'agungwy@gmail.com57dac62e53ad22.28354613', '2016-12-07 19:40:25', 'bo'),
('a341404019260b374cdb48c47214b05d61a0c071', 'testclient', 'stereo@social.com57da03f7b1f684.64831477', '2016-12-15 23:12:16', 'bo'),
('a364c73bff460b1bb679ab37f93d1e3c0b70303a', 'testclient', 'agungwy@gmail.com57dac62e53ad22.28354613', '2016-12-11 16:07:35', 'bo'),
('a388650b78bb82668b4bb79045bb242833cb3b33', 'testclient', 'kodok@gmail.com57da2f2e7c0a03.09778199', '2016-12-12 18:58:54', 'crowdies'),
('a415724930f943ba7449262ee3509afa5f4b5ede', 'testclient', 'one@d.com5804e0ce72ee76.34465142', '2016-12-19 16:14:46', 'bo'),
('a456db5b32aa2efabc639afacd7b2ce699b973be', 'testclient', 'will@smiths.com5804e12733fd53.18819863', '2016-12-17 12:06:35', 'crowdies'),
('a4596efb4e2cffdd5f7d9520998fcc2134bffb00', 'testclient', 'kodok@gmail.com57da2f2e7c0a03.09778199', '2016-12-06 14:30:25', 'crowdies'),
('a4bc93eddf657ced0f86a7cd33dcf51bb94a562a', 'testclient', 'kodok@gmail.com57da2f2e7c0a03.09778199', '2016-12-22 01:48:42', 'crowdies'),
('a536977faacd88aee1c1f82d4f151d2e52e90abc', 'testclient', 'agungwy@gmail.com57dac62e53ad22.28354613', '2016-12-06 02:22:19', 'bo'),
('a59aeea2c21093f24c108f5b79a79dfad79027d0', 'testclient', 'jerapah@gmail.com580de5dbeb77f3.14106615', '2016-12-24 07:07:52', 'crowdies'),
('a5dbadd5daf5df2e955ba2b394323630a28d5abe', 'testclient', 'lionel@mes.si57da70a2d2e163.47725690', '2016-09-29 09:57:55', NULL),
('a5fa69a8a0614a1ca691785ad762787684099636', 'testclient', 'kodok@gmail.com57da2f2e7c0a03.09778199', '2016-11-26 14:48:23', 'crowdies'),
('a60c0d1b4091b4d2c3d30734a808ef6edce5bb17', 'testclient', 'william.hidayat@gmail.com57ff7e860c6392.02130567', '2016-12-17 14:13:07', 'crowdies'),
('a61e4df22e94d3e77931d075bb7d340b97b739bc', 'testclient', 'steve@jobs.co57d8a4c0cc1ae1.01485974', '2016-11-17 09:51:09', 'bo'),
('a663f7416a5eddb8e34dbb99560c1e382bc498f0', 'testclient', 'kodok@gmail.com57da2f2e7c0a03.09778199', '2016-12-10 01:29:26', 'crowdies'),
('a67ebe7b3dcd9476bb231a3ba4c9d06361002926', 'testclient', 'stereo@social.com57da03f7b1f684.64831477', '2016-12-23 14:49:32', 'bo'),
('a6af81c77d467ec0166e1c171011820c2e024ad5', 'testclient', 'william.hidayat@gmail.com57ff7e860c6392.02130567', '2016-12-17 14:00:15', 'crowdies'),
('a6ecbbba023f576f18218502375d6fb632e86344', 'testclient', 'kodok@gmail.com57da2f2e7c0a03.09778199', '2016-12-07 19:22:47', 'crowdies'),
('a723d4909c896e04a4d0ab1515afebedbfc75c3b', 'testclient', 'kodok@gmail.com57d63947021057.39205738', '2016-09-26 05:12:39', NULL),
('a728674a204b6442f63292450c98e39e9bfa8a62', 'testclient', 'william.henry2009@hotmail.com57f25cbf560c98.09836012', '2016-12-03 00:20:11', 'crowdies'),
('a75b594e1b8b47f80d02e1ac3a4a8f36bab825b9', 'testclient', 'william.hidayat@gmail.com57ff7e860c6392.02130567', '2016-12-15 20:28:12', 'crowdies'),
('a7da831cdcd160a3a19cb60bf02c0bb52765ba53', 'testclient', 'william.hidayat@gmail.com57ff7e860c6392.02130567', '2016-12-16 23:31:46', 'crowdies'),
('a805c1b611c436a767141d527857d64e17ed65f8', 'testclient', 'kodok@gmail.com57da2f2e7c0a03.09778199', '2016-12-10 03:08:06', 'crowdies'),
('a8d59190afffd232fc42341d76e1a246c30a552b', 'testclient', 'bshaffer', '2016-09-23 00:12:57', NULL),
('a92b9a343ad9ab22e05ee2f10f42f65773347615', 'testclient', 'stereo@social.com57da03f7b1f684.64831477', '2016-12-24 15:35:04', 'bo'),
('a9adb0b9da6953be23d7b0fa0c9bb09a02099dc0', 'testclient', 'william.hidayat@gmail.com57ff7e860c6392.02130567', '2016-12-21 01:17:35', 'crowdies'),
('a9d2f88fcac8feb77e2ff3556714e1406ec3aa21', 'testclient', 'kodok@gmail.com57da2f2e7c0a03.09778199', '2016-12-11 19:43:23', 'crowdies'),
('a9dddd9cf4e28c3d2f86a45906bdec5b03d1f276', 'testclient', 'steve@jobs.co57d8a4c0cc1ae1.01485974', '2016-09-29 05:30:31', 'bo'),
('a9eec75b939328d5a40bfa44d106c0d7c736e6dc', 'testclient', 'kodok@gmail.com57da2f2e7c0a03.09778199', '2016-12-22 23:11:05', 'crowdies'),
('a9ef53d225474f061b03a7f5e27e2449fd1d8b23', 'testclient', 'william.hidayat@gmail.com57d2b3bb031944.08580997', '2016-09-27 00:41:02', 'bo'),
('aa06a14dc5cf88dbb42a850bf5e1006c3bef2034', 'testclient', 'kodok@gmail.com57d576933a2996.91551654', '2016-09-25 15:21:55', NULL),
('aafab5c017102b3b5d32ed0461efb84b0924776d', 'testclient', 'stereo@social.com57da03f7b1f684.64831477', '2016-12-23 14:11:22', 'bo'),
('ab34fda485490e3427d94316777336ec991500d5', 'testclient', 'kodok@gmail.com57da2f2e7c0a03.09778199', '2016-12-24 13:36:05', 'crowdies'),
('ab495668864c3ffffb996443d0b81ab769fdd6d8', 'testclient', 'steve@jobs.co57d8a4c0cc1ae1.01485974', '2016-09-28 14:55:09', 'bo'),
('ab95370df0cb1fbc03429880f4c35a40e43b753c', 'testclient', 'stereo@social.com57da03f7b1f684.64831477', '2016-12-15 18:35:10', 'bo'),
('aba8a08c4d32e32f8ad781ee1eb858d6eba88214', 'testclient', 'kodok@gmail.com57da2f2e7c0a03.09778199', '2016-12-16 00:32:15', 'crowdies'),
('abe0aee7734408651447303349a4aea9a80e0e78', 'testclient', 'william.hidayat@gmail.com57ff7e860c6392.02130567', '2016-12-23 02:32:17', 'crowdies'),
('abf660cd3963f62edea13cc3ec8e55939b59c9b2', 'testclient', 'stereo@social.com57da03f7b1f684.64831477', '2016-12-21 10:57:05', 'bo'),
('ac45fcefbb7f2f25be58c48525e7f63d2676851d', 'testclient', 'kodok@gmail.com57da2f2e7c0a03.09778199', '2016-12-24 12:31:10', 'crowdies'),
('ac4b43a100ecafbce674af900f6a44fd714eb13e', 'testclient', 'uiuo@gmail.com57d802f4582072.81902072', '2016-09-27 13:45:24', NULL),
('ac88ce5772679d20c04017d8802abaa28ac3afb1', 'testclient', 'kodok@gmail.com57da2f2e7c0a03.09778199', '2016-12-03 13:06:58', 'crowdies'),
('aca97b44cc63e1fd54971adb052528e73e179fb7', 'testclient', 'agungwy@gmail.com57dac62e53ad22.28354613', '2016-12-10 01:52:17', 'bo'),
('ace5248b9d334cc1fa222288afc4d16cfb5a203e', 'testclient', 'kodok@gmail.com57da2f2e7c0a03.09778199', '2016-12-15 16:49:43', 'crowdies'),
('ad0ee4c45346b2a5c419abac083290fa72ae70e7', 'testclient', 'kodok@gmail.com57da2f2e7c0a03.09778199', '2016-12-03 01:54:59', 'crowdies'),
('ad124a5590705b0dde18dd782ac8be76895fda57', 'testclient', 'aas@gh.com57d7fe21da6cd6.04185521', '2016-09-27 13:24:50', NULL),
('ad2a5f3a2cc7962ee616b674744f564667eaf892', 'testclient', 'stereo@social.com57da03f7b1f684.64831477', '2016-12-15 22:23:31', 'bo'),
('ad3aa33fbb8a4c855e9fa70eb1d924998eaa18d2', 'testclient', 'stereo@social.com57da03f7b1f684.64831477', '2016-12-23 15:56:21', 'bo'),
('adbe5a2d23038c14fbe06d8ddfe207fe85210bef', 'testclient', 'suncorp@bank.com57d7e9d151c6f7.89240306', '2016-09-27 11:58:09', NULL),
('ae35be166e375c8dd342376efbc6d3b30ca761b3', 'testclient', 'agungwy@gmail.com57dac62e53ad22.28354613', '2016-12-10 01:59:01', 'bo'),
('aeb0cf9c48fbf6ea4b02dd963cb970fdfbafad74', 'testclient', 'stereo@social.com57da03f7b1f684.64831477', '2016-12-15 22:44:15', 'bo'),
('af39099f373d6eb28d861c590477f97685642ae4', 'testclient', 'wesy@kanye.com57d7fa63087113.20767968', '2016-09-27 13:08:51', NULL),
('af57b9090c5e9c891ff7ee40d3bbbe4f74ea41e4', 'testclient', 'gajah@gmail.com580cdd0822a490.96306900', '2016-12-23 01:57:20', 'crowdies'),
('af59ce13628ae0f871f929ca49e3852224a52bf8', 'testclient', 'hakeemrdaud@gmail.com57e09631d524f9.20511441', '2016-12-24 11:48:25', 'crowdies'),
('afbd294273a29a8e640185bed1e1299383ea7c29', 'testclient', 'stereo@social.com57da03f7b1f684.64831477', '2016-12-15 18:11:22', 'bo'),
('afe742fe462f36c7e9e98ff0419ecaae3a38972a', 'testclient', 'william.hidayat@gmail.com57d2b3bb031944.08580997', '2016-09-23 16:56:26', 'crowdies'),
('b046d4be38f85d88a9e03ccaf460a788d391bd76', 'testclient', 'stereo@social.com57da03f7b1f684.64831477', '2016-12-07 18:36:51', 'bo'),
('b06ca7af03e50dbfac8be853f1f70a74c1599ac5', 'testclient', 'yohanakanisia@gmail.com57ff834d96ba87.78176813', '2016-12-16 12:09:26', 'bo'),
('b14b749d3bf77c35a4dcb254e95f8484081a6c6b', 'testclient', 'kodok@gmail.com57da2f2e7c0a03.09778199', '2016-12-24 13:48:51', 'crowdies'),
('b154a867e78f2a45913585ecb4b595292042ea66', 'testclient', 'agungwy@gmail.com57dac62e53ad22.28354613', '2016-12-07 16:15:13', 'bo'),
('b15f8b1743a4c86342c3425525b8a7cabdd14f84', 'testclient', 'william.hidayat@gmail.com57ff7e860c6392.02130567', '2016-12-15 17:51:56', 'crowdies'),
('b18693d0bca4a3b7cfeb37a8678d1adfafdf7332', 'testclient', 'kodok@gmail.com57da2f2e7c0a03.09778199', '2016-12-07 17:22:54', 'crowdies'),
('b1e691a5c3cdaa51b834cda4a83abdd045804289', 'testclient', 'william.hidayat@gmail.com57ff7e860c6392.02130567', '2016-12-21 01:34:58', 'crowdies'),
('b2ec94f525d23c7fb3572505bad626e5bae58fef', 'testclient', 'william.hidayat@gmail.com57d2b3bb031944.08580997', '2016-09-23 16:53:10', 'crowdies'),
('b330b75f309a9b2b5ca33f6a9039cf7886e5ba2e', 'testclient', 'agungwy@gmail.com57dac62e53ad22.28354613', '2016-12-07 16:13:57', 'bo'),
('b3464a9461e03af46a3fb50b8b697ba10e831fd9', 'testclient', 'william.hidayat@gmail.com57d2b3bb031944.08580997', '2016-09-23 16:29:23', 'crowdies'),
('b348de0120ec6d189e5ac777b2b1a9a88bc847e9', 'testclient', 'hakeemrdaud@gmail.com57e09631d524f9.20511441', '2016-12-24 12:54:58', 'crowdies'),
('b3c50a295e1678085913670fc9e25eaeaed2f723', 'testclient', 'agungwy@gmail.com57d93a52f18b61.99176828', '2016-09-28 12:27:30', 'bo'),
('b3c52b95511d01e9d16c2eb915c7179dfe9b293d', 'testclient', 'stereo@social.com57da03f7b1f684.64831477', '2016-12-16 23:17:32', 'bo'),
('b3d4c7fae5072126f3bceebdac4b3d57cb2ea11e', 'testclient', 'stanley@emi.com57d810b382ec50.90207824', '2016-09-27 14:44:03', NULL),
('b3ef6bd9618e774e82a35f39dc8e204b43d92d0b', 'testclient', 'stanley.hidayat@gmail.com57d80d114765c6.88422369', '2016-09-27 14:28:33', NULL),
('b42b39c19c98d7337833626924afa22fc1b00dc7', 'testclient', 'agungwy@gmail.com57dac62e53ad22.28354613', '2016-12-10 02:43:21', 'bo'),
('b4e585261303de59b5834f5554dce5e40d1cedcc', 'testclient', 'kodok@gmail.com57da2f2e7c0a03.09778199', '2016-12-07 16:00:39', 'crowdies'),
('b5143e4de06fa1e55206af6c03be45291bd3031f', 'testclient', 'stereo@social.com57da03f7b1f684.64831477', '2016-12-23 14:14:45', 'bo'),
('b5547379b9f7ef35f9bb79867e133e24222050e8', 'testclient', 'stereo@social.com57da03f7b1f684.64831477', '2016-12-23 02:23:40', 'bo'),
('b57dcdd2867d956b0e016fd3c4d3d943a533c509', 'testclient', 'justin@bieber.com57d8a53fc32477.91350084', '2016-09-28 01:17:52', NULL),
('b5f2eca79a74330c25e8f51291408bbcf50b7556', 'testclient', 'william.hidayat@gmail.com57ff7e860c6392.02130567', '2016-12-20 13:59:10', 'crowdies'),
('b5ff4f69b77471825f915793b6df7b340ca2d0aa', 'testclient', 'agungwy@gmail.com57d57c64ac1895.24310076', '2016-09-26 04:05:37', 'crowdies'),
('b608eda43eab0066caaa2c77b66a8b434556dd4f', 'testclient', 'stereo@social.com57da03f7b1f684.64831477', '2016-12-20 13:52:39', 'bo'),
('b6654b0f118e08ec4c417b397f1ebf8e1cd49753', 'testclient', 'kodok@gmail.com57da2f2e7c0a03.09778199', '2016-12-08 23:41:11', 'crowdies'),
('b753ae8483ce389f9fbd9dacb26a41e07c0622e2', 'testclient', 'kodok@gmail.com57da2f2e7c0a03.09778199', '2016-12-09 11:53:43', 'crowdies'),
('b776ecdf4fd150a814b28de5f0fd776a8c7a642b', 'testclient', 'agungwy@gmail.com57dac62e53ad22.28354613', '2016-12-11 20:30:12', 'bo'),
('b7797f83e7f567be6ae2721120e33a19b3bc1447', 'testclient', 'kodok@gmail.com57da2f2e7c0a03.09778199', '2016-12-07 21:35:42', 'crowdies'),
('b7b427d5a50c580977ffb694b6c8cb3b6f529bff', 'testclient', 'stereo@social.com57da03f7b1f684.64831477', '2016-12-15 18:36:20', 'bo'),
('b7dbe6b2d8ba9ec87d90670f311c79acc5e98493', 'testclient', 'kodok@gmail.com57da2f2e7c0a03.09778199', '2016-12-24 13:34:26', 'crowdies'),
('b8257b0ecd1dabdf36ff18d038984a623d072c28', 'testclient', 'kodok@gmail.com57da2f2e7c0a03.09778199', '2016-12-24 12:26:08', 'crowdies'),
('b888685f78a817a94e4513cc06651fef149b4eb6', 'testclient', 'hja@jsnb.com57f311a171a288.39690398', '2016-12-03 12:19:14', NULL),
('b8cc68c0e7fe1e7079763777ba040a0ea2ac40dd', 'testclient', 'steve@jobs.co57d8a4c0cc1ae1.01485974', '2016-12-19 16:19:35', 'bo'),
('b8f77914f77e22b8caedf9e181c3185985b17152', 'testclient', 'william.hidayat@gmail.com57ff7e860c6392.02130567', '2016-12-17 11:52:38', 'crowdies'),
('b964a1a2e2ae355b16684a62fca6d71202a1d411', 'testclient', 'kodok@gmail.com57da2f2e7c0a03.09778199', '2016-12-03 01:19:05', 'crowdies'),
('b9e5ee3c6d4d75b3b5b2546b8159f52ad83c14b1', 'testclient', 'william.hidayat@gmail.com57d2b3bb031944.08580997', '2016-09-23 16:31:03', 'crowdies'),
('ba7c6222bd25dda36610136d79620d6b95b768a0', 'testclient', 'william.hidayat@gmail.com57d2b3bb031944.08580997', '2016-09-26 15:26:40', 'bo'),
('baaf6ddca14d74739e34ad45c3a99514f1d0a53d', 'testclient', 'kodok@gmail.com57da2f2e7c0a03.09778199', '2016-09-29 12:58:25', 'crowdies'),
('bab6ed4a4e454d511d45c9c504fa5d9d6cd23786', 'testclient', 'stereo@social.com57da03f7b1f684.64831477', '2016-12-23 15:32:31', 'bo'),
('bab8bfb63f7477fff86827a746a78132e6f627f8', 'testclient', 'kodok@gmail.com57da2f2e7c0a03.09778199', '2016-12-21 18:25:16', 'crowdies'),
('babb8ba1ef08cf13359d7bd7704e48353486980d', 'testclient', 'doen@done.com57d8a30810ad27.71422852', '2016-09-28 01:08:24', NULL),
('bac58e0234ac94ac598903da60987cb7ee157104', 'testclient', 'kodok@gmail.com57da2f2e7c0a03.09778199', '2016-12-07 15:09:44', 'crowdies'),
('bb11fd9cf9d521b3c95f9de9cb79b92f2b912230', 'testclient', 'kodok@gmail.com57da2f2e7c0a03.09778199', '2016-12-16 13:10:15', 'crowdies'),
('bb27ca5c82f388889a9b39ea9a314a6aecfad4d1', 'testclient', 'arzelord@gmail.com57d57548953001.35135251', '2016-09-25 15:16:25', NULL),
('bb305dcc60fe9e19218dc46bed3955141768b7f6', 'testclient', 'william.hidayat@gmail.com57ff7e860c6392.02130567', '2016-12-21 00:57:22', 'crowdies'),
('bbb8d5f3cc63f215853285444f664f022dcadff4', 'testclient', 'kodok@gmail.com57d63a568c5567.51738472', '2016-09-26 05:26:29', 'bo'),
('bc3b363b83b8154717bd7096fe27d293c15e89b1', 'testclient', 'steve@jobs.co57d8a4c0cc1ae1.01485974', '2016-09-28 13:24:47', 'bo'),
('bc45916c4f8eb591a053a9dae6ca20770f8c3904', 'testclient', 'ty@otwel.com57d7fdbf1e1319.12094994', '2016-09-27 13:23:11', NULL),
('bc92f1021bb9d5e9c40ef54338463235adfb6287', 'testclient', 'kodok@gmail.com57da2f2e7c0a03.09778199', '2016-12-03 12:27:37', 'crowdies'),
('bcab5f38d3be9ab758b5d42ff8332da58d265f91', 'testclient', 'agungwy@gmail.com57d57c64ac1895.24310076', '2016-09-26 04:02:43', 'crowdies'),
('bcfa29aaac94f48529b138e997c03022bbe790f1', 'testclient', 'william.hidayat@gmail.com57ff7e860c6392.02130567', '2016-12-17 20:30:38', 'crowdies'),
('bd140c2f471c260da3dcac38fdcd8f7e1d647955', 'testclient', 'agungwy@gmail.com57dac62e53ad22.28354613', '2016-12-10 03:01:28', 'bo'),
('bd50c2d4c74879851fff283484e46a54a08cb781', 'testclient', 'lollipop@gmail.com57fdd6c0474718.21671757', '2016-12-11 16:22:56', NULL),
('bdb41e9800221f0a328a55ae833afadb221427fb', 'testclient', 'one@d.com5804da590fa678.85900861', '2016-12-17 00:05:22', 'bo'),
('bdc529734bc9f26d58118c24746586127c8cd1b4', 'testclient', 'stereo@social.com57da03f7b1f684.64831477', '2016-12-15 20:00:38', 'bo'),
('bdd7bb8443350c2b21e97ec1a9a53c19ada025b2', 'testclient', 'william.hidayat@gmail.com57d2b3bb031944.08580997', '2016-09-23 16:52:08', 'crowdies'),
('bdf6f54341d9c46c62cadae7d277fdbffe08b377', 'testclient', 'yohanakanisia@gmail.com57ff8058312623.84605648', '2016-12-12 22:38:49', NULL),
('be16b56b9a957d101af3bb626b4ac7f4534a2c61', 'testclient', 'kodok@gmail.com57da2f2e7c0a03.09778199', '2016-12-10 01:24:42', 'crowdies'),
('be427fc1ab3696a6b523c1bc15092105653049d2', 'testclient', 'william.hidayat@gmail.com57d2b3bb031944.08580997', '2016-09-26 15:20:49', 'bo'),
('be73fc332dacfb497dec648181e05fc78cef098d', 'testclient', 'agungwy@gmail.com57d9388fee7a05.84902393', '2016-09-28 11:46:25', NULL),
('bf6f342ae0b307fc703ae5002bd4fdefa2c23107', 'testclient', 'kodok@gmail.com57da2f2e7c0a03.09778199', '2016-12-10 00:08:35', 'crowdies'),
('c046b02a29a9c61674368d34b67d2c2b8943cdbd', 'testclient', 'agungwy@gmail.com57dac62e53ad22.28354613', '2016-12-07 19:26:46', 'bo'),
('c0887f60bdac811a2eda1c44ef57236183a7e285', 'testclient', 'william.henry2009@hotmail.com57f25cbf560c98.09836012', '2016-12-03 13:25:36', 'crowdies'),
('c112897a8df2ef929b5969397eabf2d6fa24cfe6', 'testclient', 'stanleyyau95@hotmail.com57f78abd594894.00746573', '2016-12-06 21:45:05', NULL),
('c113e49c1aa53f3b78c16d4ed027f432eee9a158', 'testclient', 'stereo@social.com57da03f7b1f684.64831477', '2016-12-15 21:28:21', 'bo'),
('c17c148d98dc8b52f360966e9121dbe9f38f42e9', 'testclient', 'stanleyyau95@hotmail.com57f78abd594894.00746573', '2016-12-07 14:28:52', 'crowdies'),
('c1cc436410f85d97213aff9028a7ac87c3468b98', 'testclient', 'william.hidayat@gmail.com57ff4b00817347.72070522', '2016-12-12 18:51:13', NULL),
('c245788ea12a1c986a93d95f3bc93f6149ec38b7', 'testclient', 'william.hidayat@gmail.com57d2b3bb031944.08580997', '2016-09-25 07:03:42', 'crowdies'),
('c31b2261c224858589d4bc61ba05c4875923f740', 'testclient', 'kodok@gmail.com57da2f2e7c0a03.09778199', '2016-12-03 11:59:16', 'crowdies'),
('c32650d0f1ff64811eaff457d866ba2fecdcf1a3', 'testclient', 'william.hidayat@gmail.com57ff7e860c6392.02130567', '2016-12-17 14:39:45', 'crowdies'),
('c32a5c1d2fec7cbc2000120d60869c5caf47ffc1', 'testclient', 'w.smith@gmail.com57d7989488e8d2.50896198', '2016-09-27 06:11:32', NULL),
('c34358274d08725809e66b35f15332d34d704636', 'testclient', 'stereo@social.com57da03f7b1f684.64831477', '2016-12-16 21:24:10', 'bo'),
('c38140a4b6ed732c0b2eb7997550ca8259dbcba9', 'testclient', 'stereo@social.com57da03f7b1f684.64831477', '2016-12-10 01:10:36', 'bo'),
('c3dc7edf88eaff519b036fef19825f661053c301', 'testclient', 'katak@gmail.com57f33e1411d5b4.11973478', '2016-12-10 01:08:42', 'crowdies'),
('c3fb6af921c69bca47b607e88485328761db3f5a', 'testclient', 'stanley.hendra@gmail.com57d80e46cc2e28.40580274', '2016-09-27 14:33:43', NULL),
('c4f6b8e66fd40f64ab23e989316885d4fcdddd18', 'testclient', 'stereo@social.com57da03f7b1f684.64831477', '2016-12-10 12:05:39', 'bo'),
('c52d46e387ba385e76927f0594279fc3130ff8a3', 'testclient', 'william.hidayat@gmail.com57ff7e860c6392.02130567', '2016-12-18 19:32:10', 'crowdies'),
('c575d6f10910114e07a3e8d44358bbc16b2aa9fb', 'testclient', 'william.hidayat@gmail.com57ff7e860c6392.02130567', '2016-12-16 18:23:33', 'crowdies'),
('c5c6d3db5d2839e6cc53e7a06156d60cb38d6ed4', 'testclient', 'catyaps@gmail.com57d7d26df356c3.12740018', '2016-09-27 10:18:22', NULL),
('c5e0a15f9d49ffc3faea75e4e4d4aed11e174a1d', 'testclient', 'stereo@social.com57da03f7b1f684.64831477', '2016-12-15 23:08:49', 'bo');
INSERT INTO `oauth_refresh_tokens` (`refresh_token`, `client_id`, `user_id`, `expires`, `scope`) VALUES
('c665013c4861798f51da34c69583fc6dbcb2079f', 'testclient', 'william.hidayat@gmail.com57ff7e860c6392.02130567', '2016-12-16 20:49:30', 'crowdies'),
('c676ef805f57f346cb1b1b46bd1d272479ee6d87', 'testclient', 'william.henry2009@hotmail.com57f25cbf560c98.09836012', '2016-12-02 23:29:03', NULL),
('c68dd7d21854728847893e49a3b94557fe48c95a', 'testclient', 'kodok@gmail.com57da2f2e7c0a03.09778199', '2016-12-10 02:52:29', 'crowdies'),
('c6da2906b0c3254e362e9c486b91da70fb79df6e', 'testclient', 'william.hidayat@gmail.com57ff7e860c6392.02130567', '2016-12-16 23:06:15', 'crowdies'),
('c756fa396a5145560691b07784d9d9ff8ab1723b', 'testclient', 'hakeemrdaud@gmail.com57e09631d524f9.20511441', '2016-12-24 13:57:00', 'crowdies'),
('c7fb8fe053360f3c87b9f09803761bf2009804a2', 'testclient', 'stereo@social.com57da03f7b1f684.64831477', '2016-12-16 00:28:24', 'bo'),
('c83834ee288ac9693b7e0270e8d1c5b2db0259f1', 'testclient', 'kodok@gmail.com57da2f2e7c0a03.09778199', '2016-12-16 12:48:46', 'crowdies'),
('c931adc0930876e75ee15a4f39b5cd569d648cfb', 'testclient', 'stanleyyau95@hotmail.com57f78abd594894.00746573', '2016-12-07 14:28:39', 'crowdies'),
('c96c910f064158033838d6fddc54bfd6f15e2cea', 'testclient', 'agungwy@gmail.com57dac62e53ad22.28354613', '2016-12-22 19:46:48', 'bo'),
('ca045dc3710143597e459f1373083434addcd76b', 'testclient', 'agungwy@gmail.com57dac62e53ad22.28354613', '2016-12-11 19:51:13', 'bo'),
('ca6f40ffe3d80d413424c6b4f15089727ed62f2a', 'testclient', 'william.hidayat@gmail.com57d2b3bb031944.08580997', '2016-09-23 16:28:49', 'crowdies'),
('cafaa92b9de1707c0b72a51b9626f6d5a0141989', 'testclient', 'agungwy@gmail.com57d93a52f18b61.99176828', '2016-09-28 13:02:41', 'bo'),
('cb158959e1f82518c0c67ef304dab783fa85d090', 'testclient', 'agungwy@gmail.com57d93a52f18b61.99176828', '2016-09-28 13:36:50', 'bo'),
('cb460dc74fe0c09cefc0caac2060bec66a8273a8', 'testclient', 'kodok@gmail.com57da2f2e7c0a03.09778199', '2016-12-16 12:32:59', 'crowdies'),
('cbbf5448fa82f1b42f33d9ed6ee2e1f39a3f51d2', 'testclient', 'stereo@social.com57da03f7b1f684.64831477', '2016-12-10 00:11:31', 'bo'),
('cbbf612132d4fab46b8a7eac157b6f0ab224ebfe', 'testclient', 'agungwy@gmail.com57dac62e53ad22.28354613', '2016-12-10 12:31:23', 'bo'),
('cbc521119b8bdbdb72e8b0ebc59f2eba187b19d6', 'testclient', 'william.hidayat@gmail.com57d2b3bb031944.08580997', '2016-09-23 16:12:27', NULL),
('cbcbdb9363204378907c89cd1c0d1fb87ee49296', 'testclient', 'agungwy@gmail.com57dac62e53ad22.28354613', '2016-09-29 16:02:54', NULL),
('cc2268fea6ef45690b59af9f9b7223ef714e2e24', 'testclient', 'stereo@social.com57da03f7b1f684.64831477', '2016-12-16 00:13:09', 'bo'),
('cc2743099785b660244a77cf89634f3176f65bcc', 'testclient', 'william.hidayat@gmail.com57ff7e860c6392.02130567', '2016-12-17 12:51:19', 'crowdies'),
('cc3abe4c3f057671c19460cf7803e8ac46d1db09', 'testclient', 'agungwy@gmail.com57dac62e53ad22.28354613', '2016-12-07 14:29:59', 'bo'),
('cc514a6d26810aa402e2396174276a8cf9ab7674', 'testclient', 'kodok@gmail.com57da2f2e7c0a03.09778199', '2016-12-09 22:03:03', 'crowdies'),
('cc79f52237d79aba100e30bf2af15c7e18da0ef3', 'testclient', 'one@d.com5804e0ce72ee76.34465142', '2016-12-19 16:34:50', 'bo'),
('cceb0e9c238b843141fa88d93f023799f7f1b2f4', 'testclient', 'agungwy@gmail.com57d93774930c65.70549437', '2016-09-28 11:41:41', NULL),
('cdde4054e3fb2fa61b71f02a1fbe85ef49b532c2', 'testclient', 'steve@jobs.co57d8a4c0cc1ae1.01485974', '2016-12-23 01:35:38', 'bo'),
('cdfc4ba4f17ba081a35ca0eb11667b5cb640142d', 'testclient', 'cantyaps@gmail.com57d7d14780dc27.73522622', '2016-09-27 10:13:27', NULL),
('ce459513872170b4e62472d264f026b7df8f8a54', 'testclient', 'qwrty@mmm.com58005c21455ea6.24114206', '2016-12-13 14:20:37', 'crowdies'),
('cea61089fc39f41b0618eb44f9cecbe10d6d9f09', 'testclient', 'kodok@gmail.com57d638fd2924c8.04860968', '2016-09-26 05:11:25', NULL),
('ceaca9458909b8f3b18ea4769e31e0d9ae8a2c0e', 'testclient', 'katak@gmail.com57f33e1411d5b4.11973478', '2016-12-03 15:31:52', 'crowdies'),
('cee3798610b874af0f869e6923e0dd111e3fa0b5', 'testclient', 'william.henry2009@hotmail.com57f25cbf560c98.09836012', '2016-12-09 23:16:55', 'crowdies'),
('cef7e954b2fd5536b702cf43ae186be3b3652fc6', 'testclient', 'steve@jobs.co57d8a4c0cc1ae1.01485974', '2016-11-20 17:51:20', 'bo'),
('cf1a44366e93f92a6b7efc869fb856cdd792aa6e', 'testclient', 'william.hidayat@gmail.com57ff7e860c6392.02130567', '2016-12-18 00:13:57', 'crowdies'),
('cf763abc548d6ad074ffa5537604be2d02dd9987', 'testclient', 'stanley.hidayat@mmm.com57d80f176d1a03.95466005', '2016-09-27 14:37:11', NULL),
('cf86aa236561464dcd1082d54ce72359ccb520ff', 'testclient', 'www@html.com58085dd28595b2.43935638', '2016-12-19 16:03:59', 'crowdies'),
('cfb6a2ccacf4ac289ec2565ddee9ce1f805d15cc', 'testclient', 'steve@jobs.co57d8a4c0cc1ae1.01485974', '2016-09-28 14:25:29', 'bo'),
('cfec8f6de50a79fa8e812de05185401b835f7e66', 'testclient', 'yohanakanisia@gmail.com57ff834d96ba87.78176813', '2016-12-12 23:14:15', 'bo'),
('d0039e337574eeb139f23187f4d85c933def95ad', 'testclient', 'kodok@gmail.com57da2f2e7c0a03.09778199', '2016-12-24 14:23:29', 'crowdies'),
('d00589cf5a1d506fb19f3f265fb8f9be0e03fae2', 'testclient', 'kodok@gmail.com57da2f2e7c0a03.09778199', '2016-12-07 15:59:21', 'crowdies'),
('d0181e32416e96c4ba2e4ea0706c33f4af492578', 'testclient', 'stereo@social.com57da03f7b1f684.64831477', '2016-12-21 08:59:53', 'bo'),
('d0a3eb4d14f5d6d01728fcf257646be59e405b53', 'testclient', 'steve@jobs.co57d8a4c0cc1ae1.01485974', '2016-09-28 14:24:42', 'bo'),
('d1b834325a0722e3891818149a3567c790f0e438', 'testclient', 'agungwy@gmail.com57dac62e53ad22.28354613', '2016-12-21 21:57:14', 'bo'),
('d23ca307a3bfb5931edb1b447c9f9807155aad47', 'testclient', 'kodok@gmail.com57da2f2e7c0a03.09778199', '2016-12-07 15:10:12', 'crowdies'),
('d2436f12b9d1516a8e44f355d141172682b8bd6b', 'testclient', 'macan@gmail.com57ff929264aab2.41151265', '2016-12-13 00:00:07', 'crowdies'),
('d24651f28ad5cf0a0cc135cce4db5cb6d0c88468', 'testclient', 'agungwy@gmail.com57d93a52f18b61.99176828', '2016-09-28 14:15:38', 'bo'),
('d25e0e9e39d9d3683a9d18ef884a522d305fe05d', 'testclient', 'kodok@gmail.com57da2f2e7c0a03.09778199', '2016-12-10 02:32:57', 'crowdies'),
('d2e1b01503b9ba229fef4ce71b28417f6eaebc21', 'testclient', 'kodok@gmail.com57da2f2e7c0a03.09778199', '2016-12-12 18:55:08', 'crowdies'),
('d3063eca7be602b03a0653046247fb9306445fa6', 'testclient', 'agungwy@gmail.com57dac62e53ad22.28354613', '2016-12-10 02:02:14', 'bo'),
('d3ab5bad76524b928435900ce14a0ea0a87e47f4', 'testclient', 'kodok@gmail.com57da2f2e7c0a03.09778199', '2016-12-07 14:59:39', 'crowdies'),
('d44c5c2a3e3fb4520f9a31f88663a02f56b94460', 'testclient', 'kodok@gmail.com57da2f2e7c0a03.09778199', '2016-12-03 13:19:20', 'crowdies'),
('d56b5d0c12a745b95069467ee0884e175167c380', 'testclient', 'agungwy@gmail.com57d6370b977116.22328267', '2016-09-26 09:58:25', 'crowdies'),
('d5745c89a394b3de1db6e612ad9c15535acea139', 'testclient', 'agungwy@gmail.com57dac62e53ad22.28354613', '2016-12-07 19:24:32', 'bo'),
('d578224d63576f222dec398a0a8ca9887c6125d2', 'testclient', 'william.hidayat@gmail.com57d2b3bb031944.08580997', '2016-09-26 15:21:25', 'bo'),
('d580e0a1412f7cfac2106e3a185cf2d8f0375335', 'testclient', 'bshaffer@gmail.com57d378aa784614.03958496', '2016-09-24 05:01:53', 'bo'),
('d5909364cdeef8c17589d0ac5856b8b1f049c966', 'testclient', 'william.hidayat@gmail.com57ff7e860c6392.02130567', '2016-12-18 20:35:01', 'crowdies'),
('d5c7f9124bdfdc8446f73a2549fdec54db981682', 'testclient', 'stereo@social.com57da03f7b1f684.64831477', '2016-12-23 14:24:22', 'bo'),
('d60ac73d18bd739b9ad0a569304cf67c54c3dc13', 'testclient', 'william.hidayat@gmail.com57ff7e860c6392.02130567', '2016-12-21 01:06:18', 'crowdies'),
('d617c704d7dee203f6cc9d1a9b5b5acc8f97dbbd', 'testclient', 'agungwy@gmail.com57d93a52f18b61.99176828', '2016-09-28 12:54:28', 'bo'),
('d64bdb77def1f70bb10afea71bb8842f9c5a2ccf', 'testclient', 'stereo@social.com57da03f7b1f684.64831477', '2016-12-16 23:14:14', 'bo'),
('d72ca2944d8a00b59ef2d188d570a9f0f9c7d70d', 'testclient', 'stereo@social.com57da03f7b1f684.64831477', '2016-12-21 00:56:50', 'bo'),
('d73d14e9f4a351f2cce2cb7213bd461bba9eb575', 'testclient', 'stereo@social.com57da03f7b1f684.64831477', '2016-12-09 20:59:25', 'bo'),
('d85229ace851df5482a89f99b910d568aeadf5e0', 'testclient', 'stereo@social.com57da03f7b1f684.64831477', '2016-12-24 16:00:09', 'bo'),
('d869ea0315e8f5847e58a05d851795430091ff4a', 'testclient', 'kodok@gmail.com57da2f2e7c0a03.09778199', '2016-12-10 00:14:17', 'crowdies'),
('d898b8bbeedaa61e89c4249db24882b99de9c382', 'testclient', 'william.hidayat@gmail.com57ff7e860c6392.02130567', '2016-12-17 15:06:57', 'crowdies'),
('d8a9b5df3f2a32f4057e32c5f062aafe6bd23ccf', 'testclient', 'agungwy@gmail.com57dac5eb41b2e6.22245882', '2016-09-29 16:01:47', NULL),
('d8e58071e8a6e2aed9d7c5c45be6368e196bbfd6', 'testclient', 'kodok@gmail.com57da2f2e7c0a03.09778199', '2016-12-10 02:31:42', 'crowdies'),
('d8ee06467a9ec69af9aec92fd740deede37a9a11', 'testclient', 'agungwy@gmail.com57dac62e53ad22.28354613', '2016-12-07 19:53:26', 'bo'),
('d934d03890fe817927df1f349040c9852e61b049', 'testclient', 'kodok@gmail.com57da2f2e7c0a03.09778199', '2016-12-07 15:05:05', 'crowdies'),
('d94e79673542bcd832964b0e0761e56c173f3b81', 'testclient', 'william.hidayat@gmail.com57d2b3bb031944.08580997', '2016-09-23 16:32:12', 'crowdies'),
('d9f9b8263b3decd4e8c1b656c2b4ac788ce5a691', 'testclient', 'kodok@gmail.com57da2f2e7c0a03.09778199', '2016-11-15 04:33:22', 'crowdies'),
('db1f687411de45f60ce00b865d13bd03aa89985d', 'testclient', 'kodok@gmail.com57da2f2e7c0a03.09778199', '2016-12-03 10:45:24', 'crowdies'),
('db53eb53526d9d996d5d456c91e5c54cb046515e', 'testclient', 'kodok@gmail.com57da2f2e7c0a03.09778199', '2016-12-23 14:47:34', 'crowdies'),
('db5bf10edae6c2ae4d2680c61764810c15f49524', 'testclient', 'agungwy@gmail.com57dac62e53ad22.28354613', '2016-12-10 02:10:40', 'bo'),
('db6ff18c191b46854316a576d935cd68cd9125a7', 'testclient', 'kodok@gmail.com57da2f2e7c0a03.09778199', '2016-12-07 15:51:48', 'crowdies'),
('db74f302e52431335b2f031a52f6cc5db118dec7', 'testclient', 'stereo@social.com57da03f7b1f684.64831477', '2016-12-18 21:14:02', 'bo'),
('dbc13f0469d1d8cceb7e7608bcd4845a40a7c0c0', 'testclient', 'stereo@social.com57da03f7b1f684.64831477', '2016-12-16 12:20:34', 'bo'),
('dbd5e1f2d64a5430eebc9c5fce749ff092af3e69', 'testclient', 'kodok@gmail.com57da2f2e7c0a03.09778199', '2016-12-10 11:57:27', 'crowdies'),
('dc05bdb24fe42afa4ebe313614e67e90fb460767', 'testclient', 'stereo@social.com57da03f7b1f684.64831477', '2016-12-16 23:16:48', 'bo'),
('dcb336c1bc020f9e8404615202e54945b2177356', 'testclient', 'agungwy@gmail.com57d93a52f18b61.99176828', '2016-09-28 13:09:19', 'bo'),
('dce52672d60bf9f52dd1fab681df64d7e2f2f712', 'testclient', 'one@d.com580aa297548c16.31588117', '2016-12-21 09:27:29', 'bo'),
('dcffc73329be802cb4bf9b2812422675cf4fdb2a', 'testclient', 'steve@jobs.co57d8a4c0cc1ae1.01485974', '2016-09-28 14:43:40', 'bo'),
('dd14fd53057911ab5281781b9adda3f8c6f5c83a', 'testclient', 'stereo@social.com57da03f7b1f684.64831477', '2016-09-29 02:14:15', NULL),
('dd1ecb69ef0e7c863f8b39b56cbd3ddee694b1c3', 'testclient', 'agungwy@gmail.com57dac62e53ad22.28354613', '2016-12-23 15:34:07', 'bo'),
('dd5aa63e6addec9b860f3d7c138009e7456cede0', 'testclient', 'kodok@gmail.com57da2f2e7c0a03.09778199', '2016-12-08 20:20:43', 'crowdies'),
('dddb90c5c87e01a0595bc70d09e868615eacbb0a', 'testclient', 'william.hidayat@gmail.com57ff7e860c6392.02130567', '2016-12-16 22:39:44', 'crowdies'),
('de2911b25e1778b044ad176a5319655775e96632', 'testclient', 'kodok@gmail.com57da2f2e7c0a03.09778199', '2016-12-21 21:37:04', 'crowdies'),
('de3b24126d86660a39e68e1cb6b16ee93031e4b9', 'testclient', 'william.hidayat@gmail.com57ff7e860c6392.02130567', '2016-12-20 14:16:33', 'crowdies'),
('de8dbb760fb3c5493077e5569f9c19b9444fa50f', 'testclient', 'agungwy@gmail.com57d93a52f18b61.99176828', '2016-09-28 14:30:22', 'bo'),
('def6cbfc30435f843a81af6f40b6749bc0a3b0c9', 'testclient', 'test@hotmail.com580ec73ca76ed2.34905802', '2016-12-24 12:45:17', NULL),
('df3902c83eac17409fa4c8fcbf43cd089fa3024c', 'testclient', 'steve@jobs.co57d8a4c0cc1ae1.01485974', '2016-09-28 14:45:56', 'bo'),
('df516f6df7373cc563b7bfaedd0a22b2db72b916', 'testclient', 'kodok@gmail.com57da2f2e7c0a03.09778199', '2016-12-02 23:34:09', 'crowdies'),
('dfc9edc6983590a92d1857d19b637f3edbe679c2', 'testclient', 'kodok@gmail.com57da2f2e7c0a03.09778199', '2016-12-03 01:43:49', 'crowdies'),
('e0c8357cacc01af2652e5229008ffc61ec67d22a', 'testclient', 'kodok@gmail.com57da2f2e7c0a03.09778199', '2016-12-11 19:50:05', 'crowdies'),
('e0e06128708fa32357424afdf90d60aa54974d51', 'testclient', 'agungwy@gmail.com57dac62e53ad22.28354613', '2016-12-09 14:58:14', 'bo'),
('e13541c55168b67fb323f2b32bf710cb93f61d6d', 'testclient', 'stereo@social.com57da03f7b1f684.64831477', '2016-12-09 15:32:21', 'bo'),
('e13eef5922e647d1ba2571cdb83719c8fedafd47', 'testclient', 'agungwy@gmail.com57d93a52f18b61.99176828', '2016-09-28 16:27:12', 'bo'),
('e179c9dea96be0c967f4a3f834c138af06f32454', 'testclient', 'cantyaps@gamil.com57d7d1b42c5334.18993979', '2016-09-27 10:15:16', NULL),
('e17d084715f1f81c896c5c577c02a94772a2c154', 'testclient', 'william.hidayat@gmail.com57ff7e860c6392.02130567', '2016-12-17 14:35:53', 'crowdies'),
('e25b1a12ad578ac8e447c3d109c9671db0bd9f28', 'testclient', 'william.hidayat@gmail.com57ff7e860c6392.02130567', '2016-12-17 16:21:19', 'crowdies'),
('e280756bdca253be44dfbdf9f7302ac6113d7273', 'testclient', 'kodok@gmail.com57da2f2e7c0a03.09778199', '2016-12-21 15:42:04', 'crowdies'),
('e30cfa6821794651cb33193c403689868933f3b7', 'testclient', 'william.hidayat@gmail.com57ff7e860c6392.02130567', '2016-12-19 13:48:26', 'crowdies'),
('e3927279110b902a0d1f09f6f7033537db1f1014', 'testclient', 'agungwy@gmail.com57d93a52f18b61.99176828', '2016-09-28 14:21:35', 'bo'),
('e3ac584234add195be4939d2d79eb6316f37bd61', 'testclient', 'kodok@gmail.com57da2f2e7c0a03.09778199', '2016-12-24 15:56:41', 'crowdies'),
('e3e96bcf3815b9ec073b511129c8ebbed6aaa26a', 'testclient', 'www@html.com58085dd28595b2.43935638', '2016-12-19 16:04:44', 'crowdies'),
('e40df0c300d313d534401855462914f3023a9ade', 'testclient', 'agungwy@gmail.com57dac62e53ad22.28354613', '2016-09-29 16:06:50', 'bo'),
('e44888b72d686a16a8c40936fbe43cf98f470589', 'testclient', 'william.hidayat@gmail.com57d2b3bb031944.08580997', '2016-09-26 05:29:34', 'bo'),
('e44ed09f13d87abbf5036306a9d9c518dfa5e20f', 'testclient', 'agungwy@gmail.com57dac62e53ad22.28354613', '2016-12-07 15:53:28', 'bo'),
('e4feee95f3d7c199e86fb8f9517bada341db6524', 'testclient', 'william.hidayat@gmail.com57ff7e860c6392.02130567', '2016-12-15 16:01:13', 'crowdies'),
('e5bb9cba7f23526eef05dee6022d59013c3eca78', 'testclient', 'hakeemrdaud@gmail.com57e09631d524f9.20511441', '2016-12-23 15:39:58', 'crowdies'),
('e5bf3b5f7e4c52e20d3f1cebf0c4b6ecde359615', 'testclient', 'william.hidayat@gmail.com57ff7e860c6392.02130567', '2016-12-15 15:36:08', 'crowdies'),
('e60324790d1462a5f6a63e6f203b83f2a4761c02', 'testclient', 'agungwy@gmail.com57d5772bb966c8.46800166', '2016-09-25 15:24:28', NULL),
('e64ba005e708bc4aec6a93e13ea1401125392ad1', 'testclient', 'william.henry2009@hotmail.com57f25cbf560c98.09836012', '2016-12-03 11:32:42', 'crowdies'),
('e6790b2815088a544240afadf927ed2f1e294e4f', 'testclient', 'agungwy@gmail.com57dac62e53ad22.28354613', '2016-12-10 02:25:08', 'bo'),
('e681d26aabc2811ffcc253229f705aa1840f55d9', 'testclient', 'kodok@gmail.com57da2f2e7c0a03.09778199', '2016-12-07 19:08:41', 'crowdies'),
('e6b3ed06374410d808388ab25461d94d1600d85d', 'testclient', 'stereo@social.com57da03f7b1f684.64831477', '2016-12-18 13:21:39', 'bo'),
('e739b22c99a7fc818ff04e057d2f5f8b239b504d', 'testclient', 'kodok@gmail.com57da2f2e7c0a03.09778199', '2016-09-29 09:51:54', 'crowdies'),
('e7b4ea1ccb7ab7bc1750200c45fb0effbd141a76', 'testclient', 'william.hidayat@gmail.com57ff7e860c6392.02130567', '2016-12-18 21:12:12', 'crowdies'),
('e83172e796a48169ce20777678027df6a75c547a', 'testclient', 'doe@done.com57db7df30bb580.31962966', '2016-12-19 16:21:41', 'bo'),
('e86b3c4726bfd9796335983ffad231ab7caa07d9', 'testclient', 'william.hidayat@gmail.com57ff7e860c6392.02130567', '2016-12-24 16:24:42', 'crowdies'),
('e87702e10581cac80ec3d66d49fe5f662898cb50', 'testclient', 'kodok@gmail.com57da2f2e7c0a03.09778199', '2016-09-29 09:51:42', 'crowdies'),
('e89fa254deae0ca7466c6313f955f821f249dfbd', 'testclient', 'kodok@gmail.com57da2f2e7c0a03.09778199', '2016-12-22 23:01:36', 'crowdies'),
('e98d983b3f8c7518be3806696a123e527be04bc6', 'testclient', 'agungwy@gmail.com57d57c64ac1895.24310076', '2016-09-26 04:14:23', 'crowdies'),
('ea71b4440096730934da742182579688dfa91e4b', 'testclient', 'agungwy@gmail.com57dac62e53ad22.28354613', '2016-12-10 03:15:28', 'bo'),
('ea9dbd6a96993115a255d7fe545cb175b71b1326', 'testclient', 'yohanakanisia@gmail.com57ff834d96ba87.78176813', '2016-12-12 22:59:57', 'crowdies'),
('eb04a1a3218b7ea34f56bac6a94d339c479db7b7', 'testclient', 'william.hidayat@gmail.com57ff7e860c6392.02130567', '2016-12-17 23:41:12', 'crowdies'),
('eb435092ed93336b636a41d7d946713041f45476', 'testclient', 'william.hidayat@gmail.com57ff7e860c6392.02130567', '2016-12-18 17:09:40', 'crowdies'),
('ebe1538c04c5114cee952305c71ab78c35328baf', 'testclient', 'steve@jobs.co57d8a4c0cc1ae1.01485974', '2016-09-28 12:26:51', 'bo'),
('ebe1f860dfafb1b18b07caee616a42f3c1e61496', 'testclient', 'gajah@gmail.com580cdd0822a490.96306900', '2016-12-23 03:02:18', 'crowdies'),
('ebe8f338b3fdae0280b4e43d9f453513f706b17b', 'testclient', 'kodok@gmail.com57da2f2e7c0a03.09778199', '2016-12-10 01:25:57', 'crowdies'),
('ec3ca9e204d9b48aa08faf331195fbf045423cb5', 'testclient', 'agungwy@gmail.com57dac62e53ad22.28354613', '2016-12-24 14:15:15', 'bo'),
('ec56f675344c2f127c2dba77d5994ce52caf2d66', 'testclient', 'kodok@gmail.com57da2f2e7c0a03.09778199', '2016-12-09 21:01:01', 'crowdies'),
('ec61c3f6ec04007dc2643cf620b26eb1dbb47e0c', 'testclient', 'kodok@gmail.com57da2f2e7c0a03.09778199', '2016-12-10 00:48:17', 'crowdies'),
('eca95fca3019375cc096dd8b70bde9cb79525d94', 'testclient', 'agungwy@gmail.com57dac62e53ad22.28354613', '2016-12-06 14:29:10', 'bo'),
('ecbee90bfddf0ee0e2d2ab71c04f655f32c190c7', 'testclient', 'kodok@gmail.com57da2f2e7c0a03.09778199', '2016-12-16 23:52:08', 'crowdies'),
('ece25b3b18c26aa259a77493f841389f000ed719', 'testclient', 'kodok@gmail.com57da2f2e7c0a03.09778199', '2016-12-03 11:50:48', 'crowdies'),
('edbb09b605008c0ec2aeef43d48f4acef2f6d9f4', 'testclient', 'kodok@gmail.com57da2f2e7c0a03.09778199', '2016-09-29 11:55:20', 'crowdies'),
('edc72676ab346174a006c04f3490ee5b19d32880', 'testclient', 'agungwy@gmail.com57dac62e53ad22.28354613', '2016-12-10 01:57:50', 'bo'),
('ee32f4af4b978a14a8ce6f2763e5d50d1cb6afbd', 'testclient', 'steve@jobs.co57d8a4c0cc1ae1.01485974', '2016-09-28 14:17:51', 'bo'),
('ee6abf1ccc8e12600100e54f4ebe99f54fe1801a', 'testclient', 'kodok@gmail.com57da2f2e7c0a03.09778199', '2016-12-06 15:00:49', 'crowdies'),
('ee7554131e571a39a5937411c43bb65cbbe1ac35', 'testclient', 'stanleyyau95@hotmail.com57f78abd594894.00746573', '2016-12-07 14:29:12', 'crowdies'),
('ee91326a29150537ad967e6226627961a6204fe0', 'testclient', 'stereo@social.com57da03f7b1f684.64831477', '2016-12-16 10:05:08', 'bo'),
('ef31c7c4074191b818030e880f84e565c2ca9582', 'testclient', 'kodok@gmail.com57da2f2e7c0a03.09778199', '2016-12-09 21:47:51', 'crowdies'),
('ef71e453545515d36a377b6f0717f1b9af50a6fb', 'testclient', 'stereo@social.com57da03f7b1f684.64831477', '2016-12-23 02:32:33', 'bo'),
('efb6a4aa19710d44b812ea3b964772dc37d7719e', 'testclient', 'october@ends.com57f35d33722124.78358806', '2016-12-03 17:41:40', NULL),
('efdbf94d6448c7c0e38cc7ec2ed83f3d9225c499', 'testclient', 'agungwy@gmail.com57d93a52f18b61.99176828', '2016-09-28 12:32:49', 'bo'),
('f043b053eec9a1170f64ec8de822a830049261c2', 'testclient', 'kodok@gmail.com57da2f2e7c0a03.09778199', '2016-12-08 18:42:55', 'crowdies'),
('f0799c7508a5ebfc683b58ab6406fbad3c0075f3', 'testclient', 'william.hidayat@gmail.com57d2b3bb031944.08580997', '2016-09-27 00:41:02', 'bo'),
('f1651b7a16f58ab07b7e92917daf1ba05bab44e1', 'testclient', 'william.hidayat@gmail.com57ff7e860c6392.02130567', '2016-12-20 19:31:49', 'crowdies'),
('f18c6460ae5e3a406facd18a1ad834eb6b6f2565', 'testclient', 'william.hidayat@gmail.com57ff7e860c6392.02130567', '2016-12-18 12:46:40', 'crowdies'),
('f1cec09a9bc1de2f47c1dc3e8751502877b39d53', 'testclient', 'william.hidayat@gmail.com57ff7e860c6392.02130567', '2016-12-17 15:32:59', 'crowdies'),
('f1eaea86eb291bc7fc77529681b4d1f982501fa0', 'testclient', 'agungwy@gmail.com57dac62e53ad22.28354613', '2016-12-06 02:02:59', 'bo'),
('f1fca8cf75cb8b7ebff6a7585c3a988abec62ee7', 'testclient', 'kodok@gmail.com57da2f2e7c0a03.09778199', '2016-12-03 13:14:01', 'crowdies'),
('f27aa7c62e843f9770aca6b958c8195bcd0ae81b', 'testclient', 'cantyaps@gmail.com57d7ce85e20476.80704736', '2016-09-27 10:01:42', NULL),
('f29d289f791fd1b5c9bca30bfb8f9b1185bd8348', 'testclient', 'agungwy@gmail.com57d93a52f18b61.99176828', '2016-09-28 13:21:35', 'bo'),
('f2c45c388dc18cc9bb1771974352dad382c962de', 'testclient', 'stereo@social.com57da03f7b1f684.64831477', '2016-12-18 12:42:57', 'bo'),
('f2cbec49f6705efe008e7991e57b06986138e2f5', 'testclient', 'william.hidayat16@gmail.com57d6c9ecda3d22.07134324', '2016-09-26 15:29:49', NULL),
('f35d6e5f88fdceb7eeb87399d5301e3a5433ee73', 'testclient', 'agungwy@gmail.com57dac62e53ad22.28354613', '2016-12-10 02:26:23', 'bo'),
('f35f486590ea34bcb3e4355497d66e9e479da68c', 'testclient', 'william.hidayat@gmail.com57d2b3bb031944.08580997', '2016-09-27 00:44:21', 'bo'),
('f38ecad8534b1b459188ca71a23fcdabceb1c5f8', 'testclient', 'one@d.com5804e0ce72ee76.34465142', '2016-12-19 16:03:08', 'bo'),
('f3f572e5db6ae48ff83d5be90cb9a3ea90c137ca', 'testclient', 'kodok@gmail.com57da2f2e7c0a03.09778199', '2016-12-09 21:03:49', 'crowdies'),
('f432b9a7f9e1224a236f556cc8fcf7039c38fd3d', 'testclient', 'arzelord@gmail.com580de578ccec01.59248084', '2016-12-24 07:06:36', 'bo'),
('f485cbe61922bd7af364df99bd581ba9226e4d68', 'testclient', 'www@html.com58085dd28595b2.43935638', '2016-12-19 16:19:10', 'crowdies'),
('f4e2420e1d8170a4bec63a02556a33b1c6f21503', 'testclient', 'kodok@gmail.com57da2f2e7c0a03.09778199', '2016-12-10 12:27:07', 'crowdies'),
('f4e4fed70bb7af767e1af709b729254cf8b26189', 'testclient', 'kodok@gmail.com57da2f2e7c0a03.09778199', '2016-12-07 21:32:12', 'crowdies'),
('f55b60ba09fbe19c38cf7862375cd2d52cc5b9e2', 'testclient', 'kodok@gmail.com57da2f2e7c0a03.09778199', '2016-12-07 16:05:30', 'crowdies'),
('f5a387b5f68be3f3907a53bed970654e23ea10ee', 'testclient', 'agungwy@gmail.com57dac62e53ad22.28354613', '2016-12-12 22:54:36', 'bo'),
('f5d983dbb9fe202c38928906413f8401cd690711', 'testclient', 'steve@jobs.co57d8a4c0cc1ae1.01485974', '2016-09-28 13:17:37', 'bo'),
('f63743ca9264df7a02259678585b2c714dd20818', 'testclient', 'kodok@gmail.com57da2f2e7c0a03.09778199', '2016-12-18 20:21:43', 'crowdies'),
('f63a1216ce8dc9070db738ef7bf5bdd502fc513c', 'testclient', 'hakeemrdaud@gmail.com57e09631d524f9.20511441', '2016-11-19 11:51:46', NULL),
('f6429ea8db03b693efbb36d7029b3ba271788c86', 'testclient', 'stereo@social.com57da03f7b1f684.64831477', '2016-12-16 23:40:33', 'bo'),
('f651f83775d6f1882a7e1d1b379f5f6cbe6620fe', 'testclient', 'william.hidayat@gmail.com57ff7e860c6392.02130567', '2016-12-15 18:07:39', 'crowdies'),
('f65e97224ced4974aebdaf860504f2f7119a88ad', 'testclient', 'singa@gmail.com57ffae597c9c33.76554556', '2016-12-23 01:35:33', 'crowdies'),
('f74254be6d17c9e2e5e76496c99b777171f9cbad', 'testclient', 'agungwy@gmail.com57dac62e53ad22.28354613', '2016-12-05 21:13:25', 'bo'),
('f74d2ce61b4306fefc99db873d1d97a4708d166f', 'testclient', 'stereo@social.com57da03f7b1f684.64831477', '2016-12-21 01:37:23', 'bo'),
('f7ca86fb5d6b846834f7243bacc51f2b4bead43c', 'testclient', 'william.hidayat@gmail.com57ff7e860c6392.02130567', '2016-12-16 23:42:20', 'crowdies'),
('f8986df0f945b7469e6717151809b1fa15717dbd', 'testclient', 'william.hidayat@gmail.com57ff7e860c6392.02130567', '2016-12-16 12:09:10', 'crowdies'),
('f907eb32d7f25c65e939104176e40a00fda6e419', 'testclient', 'agungwy@gmail.com57d93a52f18b61.99176828', '2016-09-28 12:29:34', 'bo'),
('f9b21169d27fc418f17899237798dc91f710f3af', 'testclient', 'kodok@gmail.com57da2f2e7c0a03.09778199', '2016-12-07 19:14:27', 'crowdies'),
('f9db96e6ba22cf7abd4c7f28a898f3ebeebeeb78', 'testclient', 'kodok@gmail.com57da2f2e7c0a03.09778199', '2016-12-07 19:14:12', 'crowdies'),
('fa11c59d59edc0028ffd9d21ab633e8bf1ed0926', 'testclient', 'william.hidayat@gmail.com57ff7e860c6392.02130567', '2016-12-17 14:56:37', 'crowdies'),
('fa5b6408f0b0ea77c3ee1e3815c7f72fa996fcfc', 'testclient', 'stereo@social.com57da03f7b1f684.64831477', '2016-12-09 23:55:17', 'bo'),
('fa92114fdb39c8d064a63a098f7a13269fb6726b', 'testclient', 'stereo@social.com57da03f7b1f684.64831477', '2016-12-09 20:59:04', 'bo'),
('fa9343af6151a0081f22974adfb759efa89efb91', 'testclient', 'william.hidayat@gmail.com57d2b3bb031944.08580997', '2016-09-23 16:47:14', 'crowdies'),
('fad8bbffff968f3194205c94eef2bf504d68efce', 'testclient', 'kodok@gmail.com57da2f2e7c0a03.09778199', '2016-12-10 12:21:44', 'crowdies'),
('fb31c03ae45aaf370d9db65884b5df1d7037de18', 'testclient', 'buaya@gmail.com57fddd0c9b4028.98522694', '2016-12-12 22:55:09', 'crowdies'),
('fb5fcd7db954bc3cab96472e3daec3ff61b7502d', 'testclient', 'william.henry@ui.ac.id57d6905c82dc94.48093726', '2016-09-26 11:56:12', 'crowdies'),
('fb7875a1a6ea9da9805aa000a11d99e02ec28479', 'testclient', 'kodok@gmail.com57da2f2e7c0a03.09778199', '2016-12-08 20:10:45', 'crowdies'),
('fb93a69258b167eef6c1f7146acbbaed72a7cea7', 'testclient', 'william.hidayat@gmail.com57ff7e860c6392.02130567', '2016-12-18 17:12:27', 'crowdies'),
('fb9a5bcaa0583e5cd36a9870777c697cebd90c62', 'testclient', 'w.hidayat@uq.net.au57d7979e1544a5.77737113', '2016-09-27 06:07:26', NULL),
('fb9e3cefb8696d2ed9602b0f6c23f4fbca6d92fc', 'testclient', 'kodok@gmail.com57da2f2e7c0a03.09778199', '2016-12-10 01:28:25', 'crowdies'),
('fbb302269fd5dad8163f4220e07d45e22d7843c1', 'testclient', 'william.hidayat@gmail.com57ff7e860c6392.02130567', '2016-12-21 00:41:43', 'crowdies'),
('fbffbe141bce5a392844b584399aed8a1e654c2a', 'testclient', 'kodok@gmail.com57da2f2e7c0a03.09778199', '2016-09-29 10:31:44', 'crowdies'),
('fc1496a9932b4847cb894355df118d6bb62f9aa2', 'testclient', 'agungwy@gmail.com57dac62e53ad22.28354613', '2016-12-15 21:25:56', 'bo'),
('fc479c707622036902aeea4fbc7bf794fec416c2', 'testclient', 'fuji@film.com57d80be3f11e31.33096225', '2016-09-27 14:23:32', NULL),
('fcb58cae25fd2755d50e9514bf066fb38153f53d', 'testclient', 'steve@jobs.co57d8a4c0cc1ae1.01485974', '2016-12-23 02:58:37', 'bo'),
('fcd1c042903ed8a8c8244ab5e68d490fbece9685', 'testclient', 'agungwy@gmail.com57dac62e53ad22.28354613', '2016-12-10 03:05:00', 'bo'),
('fcda45ff372c61a386e04010e8df39439b0082c9', 'testclient', 'kodok@gmail.com57da2f2e7c0a03.09778199', '2016-12-24 11:59:12', 'crowdies'),
('fd858cdf7cc8150fd4e3a6c16f1deab0c71bef75', 'testclient', 'agungwy@gmail.com57dac4193195f4.02191731', '2016-09-29 15:55:57', 'bo'),
('fe4ffc1bc285ec2c76a5cee14d6369fe8705d57a', 'testclient', 'kodok@gmail.com57da2f2e7c0a03.09778199', '2016-12-24 14:28:34', 'crowdies'),
('fe6f474d5cb34cf0e5f7938a068731eb30489eb2', 'testclient', 'stereo@social.com57da03f7b1f684.64831477', '2016-12-21 01:26:20', 'bo'),
('fe7764981646cee59b0bed8d36960d0745c2aa73', 'testclient', 'kodok@gmail.com57da2f2e7c0a03.09778199', '2016-12-03 00:02:24', 'crowdies'),
('ff0863f153c96b6d97f94a6d20a1b5cb94c3a3cf', 'testclient', 'william.hidayat@gmail.com57d2b3bb031944.08580997', '2016-09-23 16:19:19', 'crowdies'),
('ff3237ce5e47ad6990ddf98218e836b7be7dd272', 'testclient', 'william.hidayat@gmail.com57d2b3bb031944.08580997', '2016-09-24 16:12:25', 'crowdies'),
('ff3c5727258fd0d3ec063741fdb67248a64ca1c1', 'testclient', 'kodok@gmail.com57da2f2e7c0a03.09778199', '2016-12-03 12:30:13', 'crowdies'),
('ff99ad0af84225a6e4aef3ba9d1e514cde154b22', 'testclient', 'william.hidayat@gmail.com57ff7e860c6392.02130567', '2016-12-19 15:57:14', 'crowdies'),
('ffc0d4bca1f9292967f89bc4ecf67a09d9909f48', 'testclient', 'steve@jobs.co57d8a4c0cc1ae1.01485974', '2016-09-28 01:15:45', NULL);

-- --------------------------------------------------------

--
-- Table structure for table `oauth_scopes`
--

CREATE TABLE `oauth_scopes` (
  `scope` text,
  `is_default` tinyint(1) DEFAULT NULL
) ENGINE=InnoDB DEFAULT CHARSET=latin1;

-- --------------------------------------------------------

--
-- Table structure for table `oauth_users`
--

CREATE TABLE `oauth_users` (
  `user_id` varchar(255) NOT NULL,
  `username` varchar(255) NOT NULL,
  `email` varchar(255) NOT NULL,
  `password` varchar(2000) DEFAULT NULL,
  `name` varchar(255) DEFAULT NULL,
  `role` varchar(20) DEFAULT NULL,
  `created_at` timestamp NOT NULL DEFAULT CURRENT_TIMESTAMP ON UPDATE CURRENT_TIMESTAMP,
  `updated_at` timestamp NOT NULL DEFAULT '0000-00-00 00:00:00',
  `remember_token` varchar(100) NOT NULL
) ENGINE=InnoDB DEFAULT CHARSET=latin1;

--
-- Dumping data for table `oauth_users`
--

INSERT INTO `oauth_users` (`user_id`, `username`, `email`, `password`, `name`, `role`, `created_at`, `updated_at`, `remember_token`) VALUES
('3g@3g.com57db7240d3f6b4.87275611', '3g@3g.com', '3g@3g.com', '$2y$10$pREqzs6pXJvgQGoaQgdwoeUesioEv3LJthbYEPiOjuA68bzwyhkw6', 'TripleG', 'crowdies', '2016-10-12 10:39:15', '2016-09-16 04:17:11', ''),
('aadc@hotmail.com580a2e6c478cc2.79413736', 'aadc@hotmail.com', 'aadc@hotmail.com', '$2y$10$ksQ/8ZeuWZTe9UuvvWkqNuwUtEd0jjqRtjsJ4gNXPOIPVd0LeiiZu', 'Aadc', 'crowdies', '2016-10-21 15:04:19', '2016-10-22 01:04:19', ''),
('abc@xyz.com58088d4460a220.54472901', 'abc@xyz.com', 'abc@xyz.com', '$2y$10$xwms1uyP0WttBS1YB1No3OdScaR1S6EiFF33AUzjF4fMS1fx6Yn8u', 'asdf', 'business owner', '2016-10-20 09:24:22', '2016-10-20 19:24:22', ''),
('abcd@gmail.com580ecdd7c31a48.97329553', 'abcd@gmail.com', 'abcd@gmail.com', '$2y$10$MnqwGbtNzd8YjLgqxGrDl.rZDF2OUfLCpZuLjvfwej4Z7Wltyf17C', 'Testing', 'crowdies', '2016-10-25 03:13:30', '2016-10-25 13:13:30', ''),
('agungwy22@gmail.com580dea9e372b49.71485726', 'agungwy22@gmail.com', 'agungwy22@gmail.com', '$2y$10$vmVRg/tBpqBXqVOpdRhDRePYOJBmTqD.BA7D1AINLZOo3zUkkVEp2', 'Easy food', 'business owner', '2016-10-24 11:04:00', '2016-10-24 21:04:00', ''),
('agungwy@gmail.com57dac62e53ad22.28354613', 'agungwy@gmail.com', 'agungwy@gmail.com', '$2y$10$PeUuUiFMMeziD9w8w4/so.FlUJ7O/rB5Ow81bhy9fFosh2AbThoVS', 'agung wirayogi test', 'business owner', '2016-10-23 15:33:56', '2016-10-24 01:33:56', 'njGJAIdFIro14P1MkMVldsC8LfovokEDZToXUz0wrYqbUlm3waDrVXUJ7uAT'),
('arzelord22@gmail.com580df24e4b9a58.20350595', 'arzelord22@gmail.com', 'arzelord22@gmail.com', '$2y$10$d62kdFSCrfDolmlX1UUjOORQTHvW1temFyh7G19KEFLU0PlNn.H1y', 'Car auto lovers', 'business owner', '2016-10-24 21:07:30', '2016-10-25 07:07:30', ''),
('arzelord@gmail.com580de578ccec01.59248084', 'arzelord@gmail.com', 'arzelord@gmail.com', '$2y$10$mayEBhZQamc/Vtcihcx4aeMMdKv3nwX3N8eknPwsm4cPtkd3a8406', 'Arzelord', 'business owner', '2016-10-24 10:42:03', '2016-10-24 20:42:03', ''),
('asdd@gmail.com580e91de3da8a9.83833202', 'asdd@gmail.com', 'asdd@gmail.com', '$2y$10$Ub5L.oUywb/kfRUKa8hICONQ0N4xNW0ec6twz69Ri9onDa7Qei0x6', 'Asdd', 'crowdies', '2016-10-24 22:57:37', '2016-10-25 08:57:37', ''),
('buaya@gmail.com57fddd0c9b4028.98522694', 'buaya@gmail.com', 'buaya@gmail.com', '$2y$10$Q.2enz2xC.ZUilm8s3ZZB.ZXE/YVFWGuDKj4w29n4ZbX6RkcnX4Li', 'buaya', 'crowdies', '2016-10-12 10:26:27', '2016-10-12 16:49:56', ''),
('danielisbread@gmail.com580ebf6a215e15.12362933', 'danielisbread@gmail.com', 'danielisbread@gmail.com', '$2y$10$5inCbQY3dCkq7kjzX8aWpuczznaQ8R/m9xPL1CsaR0k2fZHqmQ/5q', 'Daniel Mitchell', 'crowdies', '2016-10-25 02:11:57', '2016-10-25 12:11:57', ''),
('doe@done.com57db7df30bb580.31962966', 'doe@done.com', 'doe@done.com', '$2y$10$Yd73LkkuHLQI/StqAuDu2uwjYEXytLKrAqUEQAMsDYUYAzm2bvBzy', 'Done', 'business owner', '2016-10-12 10:39:53', '2016-09-16 05:07:01', ''),
('eban@workingmouse.com580ef725c55ba2.89797603', 'eban@workingmouse.com', 'eban@workingmouse.com', '$2y$10$GepspFxdYhZVyoEmJj6vFuTTqZmSsEe/kQfySxqDhp7PkFyDr5gji', 'Eban', 'business owner', '2016-10-25 06:09:51', '2016-10-25 16:09:51', ''),
('ediwan_p@yahoo.com580c8d01926fa6.21773165', 'ediwan_p@yahoo.com', 'ediwan_p@yahoo.com', '$2y$10$mIAx3Bcmu56kxo8RrN0EZekUEfWrzFFjAVn3KthdNJpyHJadpT9F.', 'Edi prabowo', 'business owner', '2016-10-23 10:12:21', '2016-10-23 20:12:21', ''),
('eprabowo@msn.com580c89ee998138.17201618', 'eprabowo@msn.com', 'eprabowo@msn.com', '$2y$10$evSNf.omdIhlXjjKQx.iZ.wnQN5ZVr/vOBptkK2aPqitKROVMRaM2', 'Ediwan prabowo', 'crowdies', '2016-10-23 10:08:44', '2016-10-23 20:08:44', ''),
('gajah@gmail.com580cdd0822a490.96306900', 'gajah@gmail.com', 'gajah@gmail.com', '$2y$10$l4b5jBRvXzB21DYjqNnifORXKAUcHftkuogdWUCRLC7xAvgNvrAc2', 'Gajah', 'crowdies', '2016-10-23 15:53:46', '2016-10-24 01:53:46', ''),
('ghggggv@c.c580ec5829cbc94.18146180', 'ghggggv@c.c', 'ghggggv@c.c', '$2y$10$9X96sQhd3.Ljrle4EIvbdeq/XlYEkrOTVpl6kcXVHTA0YGNqE1Lmq', 'James', 'business owner', '2016-10-25 02:37:57', '2016-10-25 12:37:57', ''),
('ghggggv@c.v580ec5e0b94165.59176224', 'ghggggv@c.v', 'ghggggv@c.v', '$2y$10$CjWs6x4fNpbk.H47F.t9n.zuxkYH7HkM9Lz2WnYBRJFdfnmvBi5QC', 'J', 'crowdies', '2016-10-25 02:39:30', '2016-10-25 12:39:30', ''),
('h.daud@uqconnect.edu.au580d9f66b96d29.28615889', 'h.daud@uqconnect.edu.au', 'h.daud@uqconnect.edu.au', '$2y$10$E6OKXwRKGREtjpGm44dFtucPClr2XY393wiA9VhV.Xs6KktAAEEYq', 'Hakeem Daud', 'business owner', '2016-10-24 05:43:05', '2016-10-24 15:43:05', ''),
('hahag@gmail.com580ee363b6f7f2.69931625', 'hahag@gmail.com', 'hahag@gmail.com', '$2y$10$5cOreX0evtU79fdJPonDiOMdDgJXJGNqPSqdaI7HmrsHlG3vAIkG.', 'Kajshd', 'crowdies', '2016-10-25 04:45:29', '2016-10-25 14:45:29', ''),
('hakeemrdaud@gmail.com57e09631d524f9.20511441', 'hakeemrdaud@gmail.com', 'hakeemrdaud@gmail.com', '$2y$10$010oc1KuF4XgptDfkNpRTupR7.OgL3bxqPI5FQK.zE7vc0qt5CgeO', 'Hakeem Daud', 'crowdies', '2016-10-24 05:39:03', '2016-10-24 15:39:03', 'xo6x1hCExqlQhJnD5x2BDL2nx1QFRSBFHlb9r4WeVupXjAzRh4WQHDjRoDee'),
('hja@jsnb.com57f311a171a288.39690398', 'hja@jsnb.com', 'hja@jsnb.com', '$2y$10$Vsn/FXOfF3S.oCWzmw.I2ek9y2lpMNrPy5a4L2.lL8SSYEbqlLjwW', 'Haha', 'crowdies', '2016-10-12 10:26:54', '2016-10-04 12:19:16', ''),
('ibis@gmail.com580df2a9e08014.79015033', 'ibis@gmail.com', 'ibis@gmail.com', '$2y$10$AamWGTitP2NbTBL1d6UfXeWZjeVnPkKs0mC0L134/IU4KX3m3YEdG', 'Ibis', 'crowdies', '2016-10-24 11:38:19', '2016-10-24 21:38:19', ''),
('imthung@hotmail.my580afc9a89c546.04863447', 'imthung@hotmail.my', 'imthung@hotmail.my', '$2y$10$ulgg11eJvn0n46uSSwJwzOi2BvsHl8nRLWG/xfUDpGZ/X7j7r9EVe', 'EeThung', 'crowdies', '2016-10-22 05:43:56', '2016-10-22 15:43:56', ''),
('ioio@ggg.com580ec792ca2298.19948062', 'ioio@ggg.com', 'ioio@ggg.com', '$2y$10$Wt3SpZUngPD5c6SD/qAO..2S.ryNEAVhthXhMI0bS./9hn8gmc2ZO', 'IoioHah', 'crowdies', '2016-10-25 02:51:33', '2016-10-25 12:51:33', ''),
('jerapah@gmail.com580de5dbeb77f3.14106615', 'jerapah@gmail.com', 'jerapah@gmail.com', '$2y$10$6N7xqjulHEtnO4S8Lf2CoO1WX3SeMiljT7ToNsdQsMTUHswj22F1K', 'Jerapah', 'crowdies', '2016-10-24 10:43:41', '2016-10-24 20:43:41', ''),
('jonathan.holland8@gmail.com580ecd0d7db529.08950482', 'jonathan.holland8@gmail.com', 'jonathan.holland8@gmail.com', '$2y$10$bmySW.TdFblw7QZ/iNJNIOpsQE4ZKQD2F9196ZoHIAmNLDfckWNJi', 'Jonathan Holland', 'crowdies', '2016-10-25 03:10:09', '2016-10-25 13:10:09', ''),
('juli@gmail.com57f35c036d35c5.77712666', 'juli@gmail.com', 'juli@gmail.com', '$2y$10$ed9haQx0OAviQVcaea2opux8hM7knTCYLa42buLRa8oP.Cae3kPUu', 'Junik', 'crowdies', '2016-10-12 10:26:46', '2016-10-04 17:36:37', ''),
('junkie@mail.com57db75c33331c9.14324008', 'junkie@mail.com', 'junkie@mail.com', '$2y$10$iibI3Fzs1PB9SFB5O831cuHaPckLsjk0m0UadSU6kOTsGk4N.dn1O', 'Junkie', 'crowdies', '2016-10-12 10:39:31', '2016-09-16 04:32:09', ''),
('jurrasic@gmail.com580b97ee01fbc8.64545661', 'jurrasic@gmail.com', 'jurrasic@gmail.com', '$2y$10$73VGppgzPehOnJOCpnY8K.vMU6gwyyiwWL.0/utLniISVETKcdxXK', 'jurassic', 'crowdies', '2016-10-22 16:46:40', '2016-10-23 02:46:40', ''),
('kangguru@gmail.com580dec3a07cf45.48438081', 'kangguru@gmail.com', 'kangguru@gmail.com', '$2y$10$bxWBNOs0h6jD71O1oXc06u/LVdWbv8e.VpzYWNx.CExLw.2pF.iSK', 'Kangguru', 'crowdies', '2016-10-24 11:11:21', '2016-10-24 21:11:21', ''),
('katak@gmail.com57f33e1411d5b4.11973478', 'katak@gmail.com', 'katak@gmail.com', '$2y$10$D/QOuV7f192n4f3G/0fMMufHm2s50DHRuOmyDAf13eVAVYeNlFa4q', 'katak katak', 'crowdies', '2016-10-12 10:26:50', '2016-10-04 15:29:06', ''),
('kenny.hidayat@gmail.com580da8dcab5270.35514214', 'kenny.hidayat@gmail.com', 'kenny.hidayat@gmail.com', '$2y$10$Vut5cbtxoqBvy6GmC4wHMu48VMfslxDVk7z8Qjt0pop26BFvRIVpW', 'Kenny', 'business owner', '2016-10-24 06:23:32', '2016-10-24 16:23:32', ''),
('kijang@gmail.com580cd20f3f85f6.68770482', 'kijang@gmail.com', 'kijang@gmail.com', '$2y$10$iBOxlbL6XJ1jPr61PshU8Ot8abQ7.3enxUF5EmLCHd4AlxKCPuO1m', 'Kijang', 'crowdies', '2016-10-23 15:08:29', '2016-10-24 01:08:29', ''),
('koala@gmail.com580de51c71ee77.63713108', 'koala@gmail.com', 'koala@gmail.com', '$2y$10$ULOMjwhUe5M42zeLYty12uv1Klu/8Q5hIFXtNcQS.NwX.ubLhXXrS', 'Koala', 'crowdies', '2016-10-24 10:40:30', '2016-10-24 20:40:30', ''),
('kodok@gmail.com57da2f2e7c0a03.09778199', 'kodok@gmail.com', 'kodok@gmail.com', '$2y$10$fTVpjteUs/zrcDYuy2gaf.y3Sx3nz5YetfXo5kig5r/8.jRdZO0vO', 'kodok', 'crowdies', '2016-10-12 10:39:09', '2016-09-15 05:18:46', ''),
('Koin@koin.com57f89fe9832e82.36489015', 'Koin@koin.com', 'Koin@koin.com', '$2y$10$znoyoAaIF/v1jzswVeVQE.bUMHEGtk4ixvjhvsoFn7lDL9VC47kcO', 'KOin', 'crowdies', '2016-10-12 10:26:32', '2016-10-08 17:27:47', ''),
('kucing@gmail.com580b958b119728.21770439', 'kucing@gmail.com', 'kucing@gmail.com', '$2y$10$yaEEnSpAlmmZ8WwYyIuz..lcHBD3hjaRNGVNYBHP2pO1wFdiPughC', 'kucing', 'crowdies', '2016-10-22 16:45:29', '2016-10-23 02:45:29', ''),
('kwanhuiyap@gmail.com580f0face3a5f3.76394833', 'kwanhuiyap@gmail.com', 'kwanhuiyap@gmail.com', '$2y$10$IPUnAyJLUCk7wyEGMLaINeE2TT5X4oDZiV3ki67naUP4hgMwwxUk.', 'Storm Yap', 'crowdies', '2016-10-25 07:54:23', '2016-10-25 17:54:23', ''),
('leo@gmail.com57ffae808301a1.25119106', 'leo@gmail.com', 'leo@gmail.com', '$2y$10$eZ8j/fMANhgReLCWTbBI9.XxiRM6gpU.dk/EzsAz.1nj7IM0h2hPW', 'Leo', 'crowdies', '2016-10-13 15:55:46', '2016-10-14 01:55:46', ''),
('lionel@mes.si57da70a2d2e163.47725690', 'lionel@mes.si', 'lionel@mes.si', '$2y$10$voAdauRnFStqimyhFnWwROoEZx8Iqhxr.KCsG7ETsIkPswtSE9hPu', 'Lionel Messi', 'crowdies', '2016-10-12 10:39:23', '2016-09-15 09:58:00', ''),
('loh_eethung@hotmail.com580afbf36af505.15168747', 'loh_eethung@hotmail.com', 'loh_eethung@hotmail.com', '$2y$10$CpQ0eYprh9ebTn9XgU8EAe6qUeRK5IwFeQfKnQjL1lm5AFxTFxHe6', 'EeThung', 'business owner', '2016-10-22 05:41:15', '2016-10-22 15:41:15', ''),
('macan@gmail.com57ffae11c60f82.49298770', 'macan@gmail.com', 'macan@gmail.com', '$2y$10$kYUlG3IK06r1TL8XWVGmKezZoupA.cdZ5AauJl/DEOQXYxO69IgeC', 'Macan', 'crowdies', '2016-10-13 15:53:55', '2016-10-14 01:53:55', ''),
('matt@workingmouse.com580ef786664903.50305618', 'matt@workingmouse.com', 'matt@workingmouse.com', '$2y$10$HpmkyiU46HmiRmlYSs4UiumghVHUBPYqtyzEz4W0p5jZOFe6mNbn.', 'Matt', 'crowdies', '2016-10-25 06:11:21', '2016-10-25 16:11:21', ''),
('october@ends.com57f35d33722124.78358806', 'october@ends.com', 'october@ends.com', '$2y$10$J.dG9gARvFzK/Cbd728bluFN8dy9gsYVA5QTsFlXsdBnwdcSey4mW', 'wake me up', 'crowdies', '2016-10-12 10:26:42', '2016-10-04 17:41:42', ''),
('one@d.com580aa297548c16.31588117', 'one@d.com', 'one@d.com', '$2y$10$LqbMcVmMByBhtpYrzV7l2.pkcuFFZ3MNJAcoYqSj5Fe8YmCeLrwyK', 'One direction', 'business owner', '2016-10-21 23:19:54', '2016-10-22 09:19:54', ''),
('oscar_747@hotmail.com580ddaf5578fc2.15586666', 'oscar_747@hotmail.com', 'oscar_747@hotmail.com', '$2y$10$NGbQUdfFNNx0faih.jfu1e0mbFOhKOwl2TlHHMCYHSJXqCWILIKvC', 'Oscar', 'crowdies', '2016-10-24 09:57:14', '2016-10-24 19:57:14', ''),
('oscar_777@hotmail.com580ddb78a41593.68682684', 'oscar_777@hotmail.com', 'oscar_777@hotmail.com', '$2y$10$bS4E3SCxySbzOxBlM5jIpeVVny/7LH2dYn8SIfc6YhwSyxnwGBrpe', 'Oscar', 'business owner', '2016-10-24 09:59:24', '2016-10-24 19:59:24', ''),
('qddioio@ggg.com580ec8dc38fd93.90715443', 'qddioio@ggg.com', 'qddioio@ggg.com', '$2y$10$bBQ0YfpV7j3ug6eaeYmUIuJ3oN1uK1ZKzrDIwNabscuclgDeeOl/a', 'Ioio', 'business owner', '2016-10-25 02:52:14', '2016-10-25 12:52:14', ''),
('qwrty@mmm.com58005c21455ea6.24114206', 'qwrty@mmm.com', 'qwrty@mmm.com', '$2y$10$gGwmRaJryUKvkP11UZ7Q3O1ODsmIlbfN4EzkHbgSd46TT02eA6Qg6', 'Qwerty', 'crowdies', '2016-10-14 04:16:37', '2016-10-14 14:16:37', ''),
('semut@gmail.com580cde991479d5.13456985', 'semut@gmail.com', 'semut@gmail.com', '$2y$10$QmSf7iS2exoBy1iNpeFFMu9O0gLRfA3/l2PVcbCohS7DdNmbiAc7O', 'Semut', 'crowdies', '2016-10-23 16:00:27', '2016-10-24 02:00:27', ''),
('shrengganus@gmail.com580c85c34409c3.67415551', 'shrengganus@gmail.com', 'shrengganus@gmail.com', '$2y$10$OXLosjUuJ5HMcIVhfGLKc.wzfrUurMqPYdnZ/iQgg9hOegF3LTbum', 'Shinta rengganis', 'crowdies', '2016-10-23 09:41:25', '2016-10-23 19:41:25', ''),
('singa@gmail.com57ffae597c9c33.76554556', 'singa@gmail.com', 'singa@gmail.com', '$2y$10$o/giOywgqxJR668jcYKQKOqSdDSY0nLl90WEijDgWncJo38du/YVG', 'Singa', 'crowdies', '2016-10-13 15:55:07', '2016-10-14 01:55:07', ''),
('stanley.hidayat@gmail.com580d8b1bdbb721.94426457', 'stanley.hidayat@gmail.com', 'stanley.hidayat@gmail.com', '$2y$10$PLjth6sE4yVuSLxO.4QcrO0h/637Yz9PA7yw4nfoWPVVpczd2wnRm', 'Stanley Hidayat', 'crowdies', '2016-10-24 04:16:30', '2016-10-24 14:16:30', ''),
('stanleyyau9595@gmail.com580060fbbe0054.57905981', 'stanleyyau9595@gmail.com', 'stanleyyau9595@gmail.com', '$2y$10$1zai8XX7m.p1lQYteFhgK.CslqBNsoCBflA/2lmDzupRyYlkyD/GO', 'Stanley test 1', 'crowdies', '2016-10-14 04:37:19', '2016-10-14 14:37:19', ''),
('stanleyyau95@hotmail.com57f78abd594894.00746573', 'stanleyyau95@hotmail.com', 'stanleyyau95@hotmail.com', '$2y$10$dHzyJG2JcLemWWgbO649oeXs4EzjO1SxeB9h3oG32FbqItDcVvSBK', 'yau ga sheng', 'crowdies', '2016-10-12 10:26:37', '2016-10-07 21:45:22', ''),
('stereo@social.com57da03f7b1f684.64831477', 'stereo@social.com', 'stereo@social.com', '$2y$10$/1eUSEMr0tddNM9eVfm8jOxzlGnmg7FI6jaYjKHzvl9YtThI4u.KW', 'Streosonic 2016', 'business owner', '2016-10-25 04:32:15', '2016-10-25 14:32:15', ''),
('steve@jobs.co57d8a4c0cc1ae1.01485974', 'steve@jobs.co', '	 steve@jobs.co', '$2y$10$NV5Edn3WIa79Xz75ufvDReVZ7g7UYBysV.IZqtHcl6TRKKLl77yPS', 'Steve jobs', 'business owner', '2016-10-12 10:39:44', '2016-09-14 01:15:46', ''),
('tester@test.con580ed919651f05.74121275', 'tester@test.con', 'tester@test.con', '$2y$10$kI8BXYhjmIJIyvk85D5Q1.1E.1Hal5.UGOZAfR40qeHha/3N1LGDa', 'Test', 'crowdies', '2016-10-25 04:01:32', '2016-10-25 14:01:32', ''),
('tiger@gmail.com580cdf552873a2.50446558', 'tiger@gmail.com', 'tiger@gmail.com', '$2y$10$xmOAstQ0DHMzyp4EHSZelulOja8pCTg6p0lXnsygYukVIMLuH20Pm', 'Tiger', 'crowdies', '2016-10-23 16:03:36', '2016-10-24 02:03:36', ''),
('w.hidayat@uq.net.au57d7979e1544a5.77737113', 'w.hidayat@uq.net.au', 'w.hidayat@uq.net.au', '$2y$10$WUD8QSC.i5pu2gGSw7vXme.hTDBIP5eUGdOu2l4IXmfI6msI8vWWe', 'Wil', 'business owner', '2016-10-12 15:32:19', '2016-10-13 01:32:19', 'QZ9A0MECv4OiyH9hFi5TzGEL9OCEVbVcVKNsP1cj6hU4CX1KTg3z7RsfcLAl'),
('will@smiths.com5804e12733fd53.18819863', 'will@smiths.com', 'will@smiths.com', '$2y$10$PRqmm2ft/VPXdbpnxCmcleVnY/gOA4Z3VDPtnT8WvT8GPoCWzMj0e', 'Will Smith', 'crowdies', '2016-10-17 14:33:14', '2016-10-18 00:33:14', ''),
('william.henry2009@hotmail.com57f25cbf560c98.09836012', 'william.henry2009@hotmail.com', 'william.henry2009@hotmail.com', '$2y$10$vYZiJfApTMwWv/omYzEVCOHLi7.5laqf0Xxn.aIuZG0dZvE0JYENC', 'william henry', 'crowdies', '2016-10-12 10:26:58', '2016-10-03 23:30:24', ''),
('william.hidayat12@gmail.com580afd69b40df7.19921364', 'william.hidayat12@gmail.com', 'william.hidayat12@gmail.com', '$2y$10$PVaZw5Y7NtDTuOFtiTkkhO.dZsyf/dIAp8xKZyPbmxj.wfr08VWoe', 'William Henry', NULL, '2016-10-22 15:47:21', '2016-10-22 15:47:21', ''),
('william.hidayat@gmail.com57ff7e860c6392.02130567', 'william.hidayat@gmail.com', 'william.hidayat@gmail.com', '$2y$10$mwIjAAOpNDIOLEPwE4wRqO4VsLpqEBPqyCfwoLd7z3zmPB7YZuAQ6', 'william henry', 'crowdies', '2016-10-21 09:36:35', '2016-10-21 19:36:35', ''),
('www@html.com58085dd28595b2.43935638', 'www@html.com', 'www@html.com', '$2y$10$cnfTiaApzY5duPB0jp2H8O8.OfMjra3Y8N4pUSqvtmgAqoAbcHxpW', 'wewewe', 'crowdies', '2016-10-20 06:01:59', '2016-10-20 16:01:59', ''),
('yanuwicaksana@gmail.com580ebf2014b4d2.11757688', 'yanuwicaksana@gmail.com', 'yanuwicaksana@gmail.com', '$2y$10$HaC7m5g499Rw5MpYkWGNEeGW1nDQ4Jpx8iuPUdgiCK4YN9oQibUw.', 'Yanuar Wicaksana', 'business owner', '2016-10-25 02:10:43', '2016-10-25 12:10:43', ''),
('yohanakanisia@gmail.com57ff834d96ba87.78176813', 'yohanakanisia@gmail.com', 'yohanakanisia@gmail.com', '$2y$10$E58ltVAp13B9jsewiI/Kdeii/albLK6rUBqv69iMdl.E6hie9S1ja', 'Yohana', 'business owner', '2016-10-13 13:03:13', '2016-10-13 22:56:10', '');

-- --------------------------------------------------------

--
-- Table structure for table `password_resets`
--

CREATE TABLE `password_resets` (
  `email` varchar(255) COLLATE utf8_unicode_ci NOT NULL,
  `token` varchar(255) COLLATE utf8_unicode_ci NOT NULL,
  `created_at` timestamp NOT NULL DEFAULT CURRENT_TIMESTAMP ON UPDATE CURRENT_TIMESTAMP
) ENGINE=InnoDB DEFAULT CHARSET=utf8 COLLATE=utf8_unicode_ci;

--
-- Dumping data for table `password_resets`
--

INSERT INTO `password_resets` (`email`, `token`, `created_at`) VALUES
('william.hidayat@gmail.com', 'd8688dea88a0003c030db1bcaa0830c9eeda8d84f6d9d4546c3d252044edbc90', '2016-10-17 23:39:51'),
('agungwy@gmail.com', '47593cb1c331b321fbc23990963998928c3eb0d917997d10533264a738aed2c4', '2016-10-24 01:01:01');

-- --------------------------------------------------------

--
-- Table structure for table `sent_following_request`
--

CREATE TABLE `sent_following_request` (
  `twitter_id` varchar(100) NOT NULL,
  `screen_name` varchar(100) CHARACTER SET utf8 COLLATE utf8_unicode_ci NOT NULL,
  `name` varchar(255) CHARACTER SET utf8 COLLATE utf8_unicode_ci NOT NULL,
  `created_at` timestamp NOT NULL DEFAULT CURRENT_TIMESTAMP,
  `updated_at` timestamp NOT NULL DEFAULT '0000-00-00 00:00:00',
  `followed_back` tinyint(1) NOT NULL,
  `twitter_id_str` varchar(100) NOT NULL,
  `friends_count` int(11) NOT NULL,
  `followers_count` int(11) NOT NULL,
  `profile_image_url` varchar(255) NOT NULL,
  `profile_image_url_https` varchar(255) NOT NULL,
  `handle` varchar(255) NOT NULL,
  `crowdies_id` varchar(100) NOT NULL
) ENGINE=InnoDB DEFAULT CHARSET=latin1;

--
-- Dumping data for table `sent_following_request`
--

INSERT INTO `sent_following_request` (`twitter_id`, `screen_name`, `name`, `created_at`, `updated_at`, `followed_back`, `twitter_id_str`, `friends_count`, `followers_count`, `profile_image_url`, `profile_image_url_https`, `handle`, `crowdies_id`) VALUES
('102262751', 'famedeals', 'famedeals', '2016-10-04 15:36:00', '2016-10-04 15:36:00', 0, '102262751', 16800, 16219, 'http://pbs.twimg.com/profile_images/779197534732288000/AVoulTSm_normal.jpg', 'https://pbs.twimg.com/profile_images/779197534732288000/AVoulTSm_normal.jpg', 'williamhenry_94', 'katak@gmail.com57f33e1411d5b4.11973478'),
('21977463', 'MSAU', 'Microsoft Australia', '2016-10-04 01:59:29', '2016-10-04 01:59:29', 0, '21977463', 5360, 22812, 'http://pbs.twimg.com/profile_images/378800000787800820/dfec0bf35555e0bac1d9fb01967eb1f5_normal.png', 'https://pbs.twimg.com/profile_images/378800000787800820/dfec0bf35555e0bac1d9fb01967eb1f5_normal.png', 'sunnyhotelbne', 'william.henry2009@hotmail.com57f25cbf560c98.09836012'),
('2511492278', 'yellowpagesVU', 'YellowPages Vanuatu', '2016-10-25 15:34:15', '2016-10-25 15:34:15', 0, '2511492278', 106, 41, 'http://pbs.twimg.com/profile_images/501606682254778368/HOLBGC7K_normal.jpeg', 'https://pbs.twimg.com/profile_images/501606682254778368/HOLBGC7K_normal.jpeg', 'sunnyhotelbne', 'kodok@gmail.com57da2f2e7c0a03.09778199'),
('2513867522', 'IagoSilver1', 'Iago Silver', '2016-10-25 12:58:29', '2016-10-25 12:58:29', 0, '2513867522', 342, 11, 'http://pbs.twimg.com/profile_images/559127855401934848/tzcNYjgd_normal.jpeg', 'https://pbs.twimg.com/profile_images/559127855401934848/tzcNYjgd_normal.jpeg', 'yaugasheng', 'hakeemrdaud@gmail.com57e09631d524f9.20511441'),
('314926668', 'bigdaddywill38', 'bill soderquist', '2016-10-25 15:45:04', '2016-10-25 15:45:04', 0, '314926668', 180, 16, 'http://pbs.twimg.com/profile_images/609531332931117056/uOa6_1AB_normal.jpg', 'https://pbs.twimg.com/profile_images/609531332931117056/uOa6_1AB_normal.jpg', 'sunnyhotelbne', 'kodok@gmail.com57da2f2e7c0a03.09778199'),
('3227202248', 'PreecyCarter', 'Caprice Carter', '2016-10-25 17:56:59', '2016-10-25 17:56:59', 0, '3227202248', 171, 47, 'http://pbs.twimg.com/profile_images/680890146615463936/fv6V_p20_normal.jpg', 'https://pbs.twimg.com/profile_images/680890146615463936/fv6V_p20_normal.jpg', 'SecretSparrow2U', 'kwanhuiyap@gmail.com580f0face3a5f3.76394833'),
('3237420268', 'thezanesterzz', 'i love leo', '2016-10-25 12:58:46', '2016-10-25 12:58:46', 0, '3237420268', 718, 189, 'http://pbs.twimg.com/profile_images/779192955286360064/03lnZw1F_normal.jpg', 'https://pbs.twimg.com/profile_images/779192955286360064/03lnZw1F_normal.jpg', 'yaugasheng', 'hakeemrdaud@gmail.com57e09631d524f9.20511441'),
('3288426445', 'NadiRhook', 'Nadia Rhook', '2016-10-25 14:29:22', '2016-10-25 14:29:22', 0, '3288426445', 406, 245, 'http://pbs.twimg.com/profile_images/638490433308397568/pZRY-DJ2_normal.jpg', 'https://pbs.twimg.com/profile_images/638490433308397568/pZRY-DJ2_normal.jpg', 'sunnyhotelbne', 'kodok@gmail.com57da2f2e7c0a03.09778199'),
('329299859', 'Atompushers', 'Alan Diaz', '2016-10-25 12:58:39', '2016-10-25 12:58:39', 0, '329299859', 11991, 23581, 'http://pbs.twimg.com/profile_images/779543537004089344/P2SUUG9O_normal.jpg', 'https://pbs.twimg.com/profile_images/779543537004089344/P2SUUG9O_normal.jpg', 'yaugasheng', 'hakeemrdaud@gmail.com57e09631d524f9.20511441'),
('3348874053', 'DailySimunovic', 'Struan', '2016-10-24 14:18:49', '2016-10-24 14:18:49', 0, '3348874053', 174, 55, 'http://pbs.twimg.com/profile_images/763950234200223746/5AaUod_l_normal.jpg', 'https://pbs.twimg.com/profile_images/763950234200223746/5AaUod_l_normal.jpg', 'sunnyhotelbne', 'stanley.hidayat@gmail.com580d8b1bdbb721.94426457'),
('3428249717', 'anderespellen', 'Naide', '2016-10-25 12:55:49', '2016-10-25 12:55:49', 0, '3428249717', 41, 1, 'http://abs.twimg.com/sticky/default_profile_images/default_profile_4_normal.png', 'https://abs.twimg.com/sticky/default_profile_images/default_profile_4_normal.png', 'yaugasheng', 'hakeemrdaud@gmail.com57e09631d524f9.20511441'),
('39901780', 'itsangelaflores', 'Angel Flores', '2016-10-25 12:29:42', '2016-10-25 12:29:42', 0, '39901780', 166, 106, 'http://pbs.twimg.com/profile_images/790727623110299648/TPhhstXD_normal.jpg', 'https://pbs.twimg.com/profile_images/790727623110299648/TPhhstXD_normal.jpg', 'sunnyhotelbne', 'william.hidayat@gmail.com57ff7e860c6392.02130567'),
('400248442', 'Nonnimaeju5', 'Jon Olafur Jonsson', '2016-10-04 15:36:08', '2016-10-04 15:36:08', 0, '400248442', 168, 562, 'http://pbs.twimg.com/profile_images/515208929631301632/RNYRhimB_normal.jpeg', 'https://pbs.twimg.com/profile_images/515208929631301632/RNYRhimB_normal.jpeg', 'williamhenry_94', 'katak@gmail.com57f33e1411d5b4.11973478'),
('4222920193', 'MattieSoliss', 'Mattie Solis', '2016-10-25 15:45:16', '2016-10-25 15:45:16', 0, '4222920193', 1026, 1625, 'http://pbs.twimg.com/profile_images/677922668293709824/PcAiUudi_normal.jpg', 'https://pbs.twimg.com/profile_images/677922668293709824/PcAiUudi_normal.jpg', 'sunnyhotelbne', 'kodok@gmail.com57da2f2e7c0a03.09778199'),
('466136755', 'dog18dog', '미카엘', '2016-10-21 14:02:44', '2016-10-21 14:02:44', 0, '466136755', 258, 73, 'http://pbs.twimg.com/profile_images/775002840389394432/3_v1VJzD_normal.jpg', 'https://pbs.twimg.com/profile_images/775002840389394432/3_v1VJzD_normal.jpg', 'williamhenry_94', 'william.hidayat@gmail.com57ff7e860c6392.02130567'),
('4851647861', 'RatherOvertime', 'RatherOvertime ,', '2016-10-25 13:06:43', '2016-10-25 13:06:43', 0, '4851647861', 15, 3, 'http://pbs.twimg.com/profile_images/692142403558494212/FkO7U-jX_normal.png', 'https://pbs.twimg.com/profile_images/692142403558494212/FkO7U-jX_normal.png', 'yaugasheng', 'hakeemrdaud@gmail.com57e09631d524f9.20511441'),
('4870790044', 'pre_desire', 'Predicted Desire.', '2016-10-04 10:46:01', '2016-10-04 15:51:36', 1, '4870790044', 13329, 12477, 'http://pbs.twimg.com/profile_images/780223457527300096/fl-UPxXV_normal.jpg', 'https://pbs.twimg.com/profile_images/780223457527300096/fl-UPxXV_normal.jpg', 'sunnyhotelbne', 'kodok@gmail.com57da2f2e7c0a03.09778199'),
('497447900', 'jenisthebatman', 'Jen', '2016-10-25 12:58:20', '2016-10-25 12:58:20', 0, '497447900', 201, 125, 'http://pbs.twimg.com/profile_images/672345754573266944/b18TEuS6_normal.jpg', 'https://pbs.twimg.com/profile_images/672345754573266944/b18TEuS6_normal.jpg', 'yaugasheng', 'hakeemrdaud@gmail.com57e09631d524f9.20511441'),
('540524229', 'SecreSupaCinema', 'Secret Supper Cinema', '2016-10-25 12:40:20', '2016-10-25 12:40:20', 0, '540524229', 285, 106, 'http://pbs.twimg.com/profile_images/1998414162/Secret_normal.jpg', 'https://pbs.twimg.com/profile_images/1998414162/Secret_normal.jpg', 'SecretSparrow2U', 'ghggggv@c.v580ec5e0b94165.59176224'),
('545591869', 'INDIGILAB', 'INDIGILAB', '2016-10-04 10:45:48', '2016-10-04 10:45:48', 0, '545591869', 4252, 1655, 'http://pbs.twimg.com/profile_images/627109679601074176/yezuWzOi_normal.jpg', 'https://pbs.twimg.com/profile_images/627109679601074176/yezuWzOi_normal.jpg', 'sunnyhotelbne', 'kodok@gmail.com57da2f2e7c0a03.09778199'),
('579716141', 'push2304', 'Pushpak Batra', '2016-10-25 15:11:58', '2016-10-25 15:11:58', 0, '579716141', 523, 60, 'http://pbs.twimg.com/profile_images/786671332381425664/moqAPSeT_normal.jpg', 'https://pbs.twimg.com/profile_images/786671332381425664/moqAPSeT_normal.jpg', 'CreamSun', 'kodok@gmail.com57da2f2e7c0a03.09778199'),
('708042660', 'NedCatoJr', 'Ned Cato Jr', '2016-10-25 12:58:40', '2016-10-25 12:58:40', 0, '708042660', 935, 203, 'http://pbs.twimg.com/profile_images/757865755060822016/LqTGU4w9_normal.jpg', 'https://pbs.twimg.com/profile_images/757865755060822016/LqTGU4w9_normal.jpg', 'yaugasheng', 'hakeemrdaud@gmail.com57e09631d524f9.20511441'),
('734758020526264320', 'drattonandamber', 'Amber Howell', '2016-10-25 16:07:09', '2016-10-25 16:07:09', 0, '734758020526264320', 428, 126, 'http://pbs.twimg.com/profile_images/734760175597424641/v_L1bCkt_normal.jpg', 'https://pbs.twimg.com/profile_images/734760175597424641/v_L1bCkt_normal.jpg', 'sunnyhotelbne', 'kodok@gmail.com57da2f2e7c0a03.09778199'),
('735187231145623552', 'Augustpng98', 'augusto', '2016-10-25 12:55:51', '2016-10-25 12:55:51', 0, '735187231145623552', 126, 26, 'http://pbs.twimg.com/profile_images/735188105834024960/9K0LwGe5_normal.jpg', 'https://pbs.twimg.com/profile_images/735188105834024960/9K0LwGe5_normal.jpg', 'yaugasheng', 'hakeemrdaud@gmail.com57e09631d524f9.20511441'),
('750673426814111746', 'dazednbemuzed', 'Jeff Michael', '2016-10-25 17:56:55', '2016-10-25 17:56:55', 0, '750673426814111746', 160, 11, 'http://abs.twimg.com/sticky/default_profile_images/default_profile_1_normal.png', 'https://abs.twimg.com/sticky/default_profile_images/default_profile_1_normal.png', 'SecretSparrow2U', 'kwanhuiyap@gmail.com580f0face3a5f3.76394833'),
('765280422641229824', 'PIDproxid', 'Jan', '2016-10-25 12:58:22', '2016-10-25 12:58:22', 0, '765280422641229824', 171, 14, 'http://pbs.twimg.com/profile_images/765282405557075968/Za--boH5_normal.jpg', 'https://pbs.twimg.com/profile_images/765282405557075968/Za--boH5_normal.jpg', 'yaugasheng', 'hakeemrdaud@gmail.com57e09631d524f9.20511441'),
('771142647478099968', 'millionslike', 'Millionslike', '2016-10-24 17:28:58', '2016-10-24 17:49:03', 1, '771142647478099968', 608, 70, 'http://pbs.twimg.com/profile_images/789164916104048640/6bxuPVL0_normal.jpg', 'https://pbs.twimg.com/profile_images/789164916104048640/6bxuPVL0_normal.jpg', 'williamhenry_94', 'hakeemrdaud@gmail.com57e09631d524f9.20511441'),
('773550146877554688', 'VelgauderSigma', 'Velgauder Sigma', '2016-10-25 12:55:54', '2016-10-25 12:55:54', 0, '773550146877554688', 175, 13, 'http://pbs.twimg.com/profile_images/773554139502698497/1s2oCdc__normal.jpg', 'https://pbs.twimg.com/profile_images/773554139502698497/1s2oCdc__normal.jpg', 'yaugasheng', 'hakeemrdaud@gmail.com57e09631d524f9.20511441'),
('776367026432380928', 'SecretSparrow2U', 'SecretSparrow', '2016-09-21 16:25:55', '2016-09-21 16:38:31', 1, '776367026432380928', 22, 3, 'http://pbs.twimg.com/profile_images/776741606359642112/70Tc2W-s_normal.jpg', 'https://pbs.twimg.com/profile_images/776741606359642112/70Tc2W-s_normal.jpg', 'agungwy', 'kodok@gmail.com57da2f2e7c0a03.09778199'),
('776367026432380928', 'SecretSparrow2U', 'SecretSparrow', '2016-09-21 16:40:13', '2016-09-21 16:54:45', 1, '776367026432380928', 23, 3, 'http://pbs.twimg.com/profile_images/776741606359642112/70Tc2W-s_normal.jpg', 'https://pbs.twimg.com/profile_images/776741606359642112/70Tc2W-s_normal.jpg', 'williamhenrytan', 'kodok@gmail.com57da2f2e7c0a03.09778199'),
('776367026432380928', 'SecretSparrow2U', 'SecretSparrow', '2016-09-21 16:26:05', '2016-09-21 16:38:31', 1, '776367026432380928', 22, 3, 'http://pbs.twimg.com/profile_images/776741606359642112/70Tc2W-s_normal.jpg', 'https://pbs.twimg.com/profile_images/776741606359642112/70Tc2W-s_normal.jpg', 'williamhenry_94', 'kodok@gmail.com57da2f2e7c0a03.09778199'),
('782938358909513729', 'hollysheridan01', 'Holly Sheridan', '2016-10-04 01:47:06', '2016-10-04 01:47:06', 0, '782938358909513729', 88, 4, 'http://abs.twimg.com/sticky/default_profile_images/default_profile_6_normal.png', 'https://abs.twimg.com/sticky/default_profile_images/default_profile_6_normal.png', 'sunnyhotelbne', 'kodok@gmail.com57da2f2e7c0a03.09778199'),
('782949390877011969', 'Chelseaa_lane', 'Chelsea lane', '2016-10-04 01:20:35', '2016-10-04 01:20:35', 0, '782949390877011969', 130, 3, 'http://pbs.twimg.com/profile_images/782951549928546304/RwwSEqHj_normal.jpg', 'https://pbs.twimg.com/profile_images/782951549928546304/RwwSEqHj_normal.jpg', 'sunnyhotelbne', 'kodok@gmail.com57da2f2e7c0a03.09778199'),
('782949815747383296', 'chitresh_1011', 'chitresh', '2016-10-04 01:20:39', '2016-10-04 01:20:39', 0, '782949815747383296', 91, 4, 'http://abs.twimg.com/sticky/default_profile_images/default_profile_5_normal.png', 'https://abs.twimg.com/sticky/default_profile_images/default_profile_5_normal.png', 'sunnyhotelbne', 'kodok@gmail.com57da2f2e7c0a03.09778199'),
('782953595733839872', 'Mothrfuckrjay', 'Josh Pope', '2016-10-04 01:44:50', '2016-10-04 01:44:50', 0, '782953595733839872', 77, 7, 'http://abs.twimg.com/sticky/default_profile_images/default_profile_6_normal.png', 'https://abs.twimg.com/sticky/default_profile_images/default_profile_6_normal.png', 'sunnyhotelbne', 'kodok@gmail.com57da2f2e7c0a03.09778199'),
('782954612873568263', 'bgclem30', 'Mandu', '2016-10-04 01:00:05', '2016-10-04 01:00:05', 0, '782954612873568263', 6, 1, 'http://abs.twimg.com/sticky/default_profile_images/default_profile_2_normal.png', 'https://abs.twimg.com/sticky/default_profile_images/default_profile_2_normal.png', 'sunnyhotelbne', 'kodok@gmail.com57da2f2e7c0a03.09778199'),
('782955835425120256', 'ling_star26', 'LingStar26', '2016-10-04 01:00:30', '2016-10-04 01:00:30', 0, '782955835425120256', 61, 1, 'http://abs.twimg.com/sticky/default_profile_images/default_profile_4_normal.png', 'https://abs.twimg.com/sticky/default_profile_images/default_profile_4_normal.png', 'sunnyhotelbne', 'kodok@gmail.com57da2f2e7c0a03.09778199'),
('782966367930707969', 'waeddd4444', 'متوكله على الله', '2016-10-04 01:55:25', '2016-10-04 04:03:37', 1, '782966367930707969', 98, 2, 'http://abs.twimg.com/sticky/default_profile_images/default_profile_1_normal.png', 'https://abs.twimg.com/sticky/default_profile_images/default_profile_1_normal.png', 'sunnyhotelbne', 'kodok@gmail.com57da2f2e7c0a03.09778199'),
('782968532661403648', 'JosephJbx11', 'Joseph', '2016-10-04 01:46:27', '2016-10-12 10:14:40', 0, '782968532661403648', 100, 1, 'http://abs.twimg.com/sticky/default_profile_images/default_profile_0_normal.png', 'https://abs.twimg.com/sticky/default_profile_images/default_profile_0_normal.png', 'sunnyhotelbne', 'kodok@gmail.com57da2f2e7c0a03.09778199'),
('782971526517633024', 'maksimob6hsyso1', 'Юлиана Новикова', '2016-10-04 01:59:32', '2016-10-04 01:59:32', 0, '782971526517633024', 21, 1, 'http://abs.twimg.com/sticky/default_profile_images/default_profile_5_normal.png', 'https://abs.twimg.com/sticky/default_profile_images/default_profile_5_normal.png', 'sunnyhotelbne', 'kodok@gmail.com57da2f2e7c0a03.09778199'),
('783077089268293632', 'ZoeBFF05', 'Zoe', '2016-10-04 15:32:51', '2016-10-04 15:32:51', 0, '783077089268293632', 185, 9, 'http://abs.twimg.com/sticky/default_profile_images/default_profile_1_normal.png', 'https://abs.twimg.com/sticky/default_profile_images/default_profile_1_normal.png', 'sunnyhotelbne', 'katak@gmail.com57f33e1411d5b4.11973478'),
('783145470902153217', 'maybol_laguna', 'taciara nahomi', '2016-10-04 13:27:35', '2016-10-04 13:27:35', 0, '783145470902153217', 95, 0, 'http://abs.twimg.com/sticky/default_profile_images/default_profile_5_normal.png', 'https://abs.twimg.com/sticky/default_profile_images/default_profile_5_normal.png', 'sunnyhotelbne', 'kodok@gmail.com57da2f2e7c0a03.09778199'),
('783177842221723648', 'coffeehf1994', '何飞', '2016-10-04 15:33:34', '2016-10-04 15:33:34', 0, '783177842221723648', 45, 1, 'http://abs.twimg.com/sticky/default_profile_images/default_profile_0_normal.png', 'https://abs.twimg.com/sticky/default_profile_images/default_profile_0_normal.png', 'williamhenry_94', 'katak@gmail.com57f33e1411d5b4.11973478'),
('785647055402184704', 'WiraTam33211119', 'Wira Tama', '2016-10-11 12:09:10', '2016-10-11 12:09:10', 0, '785647055402184704', 62, 2, 'http://abs.twimg.com/sticky/default_profile_images/default_profile_1_normal.png', 'https://abs.twimg.com/sticky/default_profile_images/default_profile_1_normal.png', 'Agungwy', 'kodok@gmail.com57da2f2e7c0a03.09778199'),
('785660918956953600', 'mo7amed_3bady', 'mo7amed 3bady', '2016-10-11 12:09:24', '2016-10-11 22:52:50', 1, '785660918956953600', 168, 8, 'http://pbs.twimg.com/profile_images/785661447145750528/MelCCTNQ_normal.jpg', 'https://pbs.twimg.com/profile_images/785661447145750528/MelCCTNQ_normal.jpg', 'Agungwy', 'kodok@gmail.com57da2f2e7c0a03.09778199'),
('785663368702996480', 'helenebrennan61', 'Helene Brennan', '2016-10-11 12:10:25', '2016-10-11 12:10:25', 0, '785663368702996480', 62, 1, 'http://pbs.twimg.com/profile_images/785663557815894016/nc6NL3qS_normal.jpg', 'https://pbs.twimg.com/profile_images/785663557815894016/nc6NL3qS_normal.jpg', 'williamhenry_94', 'kodok@gmail.com57da2f2e7c0a03.09778199'),
('786785897484201985', 'Akr1os', '谢雨豪', '2016-10-14 14:34:08', '2016-10-14 14:34:08', 0, '786785897484201985', 91, 1, 'http://pbs.twimg.com/profile_images/786786757903650817/b8WDOExs_normal.jpg', 'https://pbs.twimg.com/profile_images/786786757903650817/b8WDOExs_normal.jpg', 'sunnyhotelbne', 'kodok@gmail.com57da2f2e7c0a03.09778199'),
('787600838495645696', 'anabelrandall_', 'Anabel Randall', '2016-10-25 17:56:53', '2016-10-25 17:56:53', 0, '787600838495645696', 220, 30, 'http://pbs.twimg.com/profile_images/787601800547348480/1I6iawbv_normal.jpg', 'https://pbs.twimg.com/profile_images/787601800547348480/1I6iawbv_normal.jpg', 'SecretSparrow2U', 'kwanhuiyap@gmail.com580f0face3a5f3.76394833'),
('788243805770088448', 'jacobvecchio764', 'Jacob Vecchio', '2016-10-18 15:07:46', '2016-10-21 09:18:47', 1, '788243805770088448', 31, 1, 'http://abs.twimg.com/sticky/default_profile_images/default_profile_4_normal.png', 'https://abs.twimg.com/sticky/default_profile_images/default_profile_4_normal.png', 'sunnyhotelbne', 'william.hidayat@gmail.com57ff7e860c6392.02130567'),
('788639463081598977', 'katiemulcahy69', 'Katie Mulcahy', '2016-10-25 14:29:26', '2016-10-25 14:29:26', 0, '788639463081598977', 42, 1, 'http://abs.twimg.com/sticky/default_profile_images/default_profile_2_normal.png', 'https://abs.twimg.com/sticky/default_profile_images/default_profile_2_normal.png', 'sunnyhotelbne', 'kodok@gmail.com57da2f2e7c0a03.09778199'),
('788843277650886656', 'Fieryhalo16', 'Brittany Jackson', '2016-10-25 14:24:08', '2016-10-25 14:24:08', 0, '788843277650886656', 52, 914, 'http://pbs.twimg.com/profile_images/788892166710067201/CQ2FMfke_normal.jpg', 'https://pbs.twimg.com/profile_images/788892166710067201/CQ2FMfke_normal.jpg', 'sunnyhotelbne', 'kodok@gmail.com57da2f2e7c0a03.09778199'),
('789424680864247808', 'SHIVAAY_PANDAT', 'Amit Sharma', '2016-10-24 17:28:17', '2016-10-24 17:32:08', 1, '789424680864247808', 81, 5, 'http://pbs.twimg.com/profile_images/789430936018444288/I24hpXrl_normal.jpg', 'https://pbs.twimg.com/profile_images/789430936018444288/I24hpXrl_normal.jpg', 'williamhenry_94', 'hakeemrdaud@gmail.com57e09631d524f9.20511441'),
('789491892132122626', 'hanel_nora', 'ممكن مسيار', '2016-10-25 12:13:06', '2016-10-25 12:13:06', 0, '789491892132122626', 113, 3, 'http://pbs.twimg.com/profile_images/789732592488775680/0__9qLYN_normal.jpg', 'https://pbs.twimg.com/profile_images/789732592488775680/0__9qLYN_normal.jpg', 'SecretSparrow2U', 'danielisbread@gmail.com580ebf6a215e15.12362933'),
('789705568831180801', 'Andytinus', 'Andy', '2016-10-22 15:58:51', '2016-10-22 15:58:51', 0, '789705568831180801', 20, 1, 'http://abs.twimg.com/sticky/default_profile_images/default_profile_2_normal.png', 'https://abs.twimg.com/sticky/default_profile_images/default_profile_2_normal.png', 'SecretSparrow2U', 'imthung@hotmail.my580afc9a89c546.04863447'),
('790405036295589888', 'dykesa963', 'Addison', '2016-10-24 14:18:38', '2016-10-24 14:18:38', 0, '790405036295589888', 97, 1, 'http://abs.twimg.com/sticky/default_profile_images/default_profile_5_normal.png', 'https://abs.twimg.com/sticky/default_profile_images/default_profile_5_normal.png', 'sunnyhotelbne', 'stanley.hidayat@gmail.com580d8b1bdbb721.94426457'),
('790533096626008064', 'Daniboy_7831', 'Daniel Mark', '2016-10-25 17:57:16', '2016-10-25 17:57:16', 0, '790533096626008064', 82, 2, 'http://abs.twimg.com/sticky/default_profile_images/default_profile_0_normal.png', 'https://abs.twimg.com/sticky/default_profile_images/default_profile_0_normal.png', 'SecretSparrow2U', 'kwanhuiyap@gmail.com580f0face3a5f3.76394833'),
('790541105443934209', 'alida_miojevic', 'Alida Miojevic', '2016-10-25 17:56:49', '2016-10-25 17:56:49', 0, '790541105443934209', 124, 4, 'http://pbs.twimg.com/profile_images/790545349349736448/_CgzjVtc_normal.jpg', 'https://pbs.twimg.com/profile_images/790545349349736448/_CgzjVtc_normal.jpg', 'SecretSparrow2U', 'kwanhuiyap@gmail.com580f0face3a5f3.76394833'),
('790542292243324928', 'Beatric82171362', 'Beatrice jenkins', '2016-10-25 14:37:40', '2016-10-25 14:37:40', 0, '790542292243324928', 100, 2, 'http://abs.twimg.com/sticky/default_profile_images/default_profile_6_normal.png', 'https://abs.twimg.com/sticky/default_profile_images/default_profile_6_normal.png', 'CreamSun', 'kodok@gmail.com57da2f2e7c0a03.09778199'),
('790587413441675264', 'SevastPanda', 'Александр Крымский', '2016-10-25 13:15:43', '2016-10-25 13:15:43', 0, '790587413441675264', 254, 9, 'http://abs.twimg.com/sticky/default_profile_images/default_profile_2_normal.png', 'https://abs.twimg.com/sticky/default_profile_images/default_profile_2_normal.png', 'CreamSun', 'abcd@gmail.com580ecdd7c31a48.97329553'),
('790589008313192451', 'Kiarafl72626123', 'Kiara flores', '2016-10-25 13:15:41', '2016-10-25 13:15:41', 0, '790589008313192451', 41, 2, 'http://abs.twimg.com/sticky/default_profile_images/default_profile_6_normal.png', 'https://abs.twimg.com/sticky/default_profile_images/default_profile_6_normal.png', 'CreamSun', 'abcd@gmail.com580ecdd7c31a48.97329553'),
('790590660000833536', '_ChillEDM_', 'Chill EDM', '2016-10-25 12:55:52', '2016-10-25 12:55:52', 0, '790590660000833536', 214, 15, 'http://pbs.twimg.com/profile_images/790593987967156225/UYtNzjPt_normal.jpg', 'https://pbs.twimg.com/profile_images/790593987967156225/UYtNzjPt_normal.jpg', 'yaugasheng', 'hakeemrdaud@gmail.com57e09631d524f9.20511441'),
('790621849122209792', 'Beezzwaxxx', 'Bee', '2016-10-25 12:55:47', '2016-10-25 16:45:48', 1, '790621849122209792', 387, 39, 'http://pbs.twimg.com/profile_images/790626142654955520/9A7EbT7V_normal.jpg', 'https://pbs.twimg.com/profile_images/790626142654955520/9A7EbT7V_normal.jpg', 'yaugasheng', 'hakeemrdaud@gmail.com57e09631d524f9.20511441'),
('790700198712385536', 'SeongshigKim', 'Seongshig.kim', '2016-10-25 12:50:16', '2016-10-25 12:50:16', 0, '790700198712385536', 35, 0, 'http://abs.twimg.com/sticky/default_profile_images/default_profile_1_normal.png', 'https://abs.twimg.com/sticky/default_profile_images/default_profile_1_normal.png', 'easy_food', 'ioio@ggg.com580ec792ca2298.19948062'),
('790722401914859520', 'jessyean90', 'Jessica Fredeline', '2016-10-25 12:24:04', '2016-10-25 12:24:04', 0, '790722401914859520', 93, 2, 'http://abs.twimg.com/sticky/default_profile_images/default_profile_1_normal.png', 'https://abs.twimg.com/sticky/default_profile_images/default_profile_1_normal.png', 'easy_food', 'kodok@gmail.com57da2f2e7c0a03.09778199'),
('790734588901490688', 'IamDan117', 'Daniel Suares Millan', '2016-10-25 12:55:42', '2016-10-25 12:55:42', 0, '790734588901490688', 90, 2, 'http://pbs.twimg.com/profile_images/790737193086124032/dgal6raF_normal.jpg', 'https://pbs.twimg.com/profile_images/790737193086124032/dgal6raF_normal.jpg', 'yaugasheng', 'hakeemrdaud@gmail.com57e09631d524f9.20511441'),
('790738968417411072', 'eldoradocorn', 'Jesus Gutierrez', '2016-10-25 12:29:45', '2016-10-25 12:29:45', 0, '790738968417411072', 48, 1, 'http://abs.twimg.com/sticky/default_profile_images/default_profile_3_normal.png', 'https://abs.twimg.com/sticky/default_profile_images/default_profile_3_normal.png', 'sunnyhotelbne', 'william.hidayat@gmail.com57ff7e860c6392.02130567'),
('790739205211029504', 'RogerShowYeah', 'Roger', '2016-10-25 12:40:25', '2016-10-25 12:40:25', 0, '790739205211029504', 63, 3, 'http://abs.twimg.com/sticky/default_profile_images/default_profile_3_normal.png', 'https://abs.twimg.com/sticky/default_profile_images/default_profile_3_normal.png', 'SecretSparrow2U', 'ghggggv@c.v580ec5e0b94165.59176224'),
('790754126242074625', 'renaldybilal', 'Renaldy Bilal', '2016-10-25 14:02:19', '2016-10-26 09:58:48', 1, '790754126242074625', 4, 1, 'http://pbs.twimg.com/profile_images/790754692443742208/Hl_JXHJv_normal.jpg', 'https://pbs.twimg.com/profile_images/790754692443742208/Hl_JXHJv_normal.jpg', 'williamhenry_94', 'hakeemrdaud@gmail.com57e09631d524f9.20511441'),
('790755222276575233', 'Celinarose68', 'celinarose campbell', '2016-10-25 13:45:26', '2016-10-25 13:45:26', 0, '790755222276575233', 28, 1, 'http://abs.twimg.com/sticky/default_profile_images/default_profile_6_normal.png', 'https://abs.twimg.com/sticky/default_profile_images/default_profile_6_normal.png', 'sunnyhotelbne', 'kodok@gmail.com57da2f2e7c0a03.09778199'),
('790755243893981185', 'dru_hughes', 'Drucilla', '2016-10-25 13:28:48', '2016-10-25 13:28:48', 0, '790755243893981185', 100, 0, 'http://abs.twimg.com/sticky/default_profile_images/default_profile_1_normal.png', 'https://abs.twimg.com/sticky/default_profile_images/default_profile_1_normal.png', 'easy_food', 'abcd@gmail.com580ecdd7c31a48.97329553'),
('790755853288734720', 'lobb_elnora', 'Elnora lobb', '2016-10-25 13:28:44', '2016-10-25 13:28:44', 0, '790755853288734720', 30, 1, 'http://abs.twimg.com/sticky/default_profile_images/default_profile_2_normal.png', 'https://abs.twimg.com/sticky/default_profile_images/default_profile_2_normal.png', 'easy_food', 'abcd@gmail.com580ecdd7c31a48.97329553'),
('790756012626219008', 'araceli15833533', 'Araceli Gonzalez', '2016-10-25 13:28:41', '2016-10-25 13:28:41', 0, '790756012626219008', 20, 1, 'http://abs.twimg.com/sticky/default_profile_images/default_profile_5_normal.png', 'https://abs.twimg.com/sticky/default_profile_images/default_profile_5_normal.png', 'easy_food', 'abcd@gmail.com580ecdd7c31a48.97329553'),
('790756124815392768', 'Elizabe05504768', 'Elizabeth', '2016-10-25 13:28:46', '2016-10-25 13:28:46', 0, '790756124815392768', 101, 1, 'http://abs.twimg.com/sticky/default_profile_images/default_profile_4_normal.png', 'https://abs.twimg.com/sticky/default_profile_images/default_profile_4_normal.png', 'easy_food', 'abcd@gmail.com580ecdd7c31a48.97329553'),
('790759684005306368', 'DanielUma47', 'Daniel Umaña', '2016-10-25 13:45:04', '2016-10-25 13:45:04', 0, '790759684005306368', 96, 1, 'http://abs.twimg.com/sticky/default_profile_images/default_profile_3_normal.png', 'https://abs.twimg.com/sticky/default_profile_images/default_profile_3_normal.png', 'sunnyhotelbne', 'kodok@gmail.com57da2f2e7c0a03.09778199'),
('790769823051452416', 'TiffanyMervin', 'Tiffany Mervin', '2016-10-25 14:23:57', '2016-10-25 14:23:57', 0, '790769823051452416', 51, 1, 'http://abs.twimg.com/sticky/default_profile_images/default_profile_4_normal.png', 'https://abs.twimg.com/sticky/default_profile_images/default_profile_4_normal.png', 'sunnyhotelbne', 'kodok@gmail.com57da2f2e7c0a03.09778199'),
('790783213580890113', 'yating35888', '黑小豆', '2016-10-25 15:19:50', '2016-10-25 15:19:50', 0, '790783213580890113', 183, 2, 'http://abs.twimg.com/sticky/default_profile_images/default_profile_3_normal.png', 'https://abs.twimg.com/sticky/default_profile_images/default_profile_3_normal.png', 'sunnyhotelbne', 'kodok@gmail.com57da2f2e7c0a03.09778199'),
('790788866710003712', 'ABHIJIT5763', 'ABHIJIT KUMAR GHOSH', '2016-10-25 15:57:52', '2016-10-25 15:57:52', 0, '790788866710003712', 21, 2, 'http://abs.twimg.com/sticky/default_profile_images/default_profile_5_normal.png', 'https://abs.twimg.com/sticky/default_profile_images/default_profile_5_normal.png', 'sunnyhotelbne', 'kodok@gmail.com57da2f2e7c0a03.09778199'),
('790791030991785984', 'mdmasud02125542', 'md masud', '2016-10-25 15:57:36', '2016-10-25 16:01:51', 1, '790791030991785984', 28, 1, 'http://pbs.twimg.com/profile_images/790794035942133761/-4ymU99P_normal.jpg', 'https://pbs.twimg.com/profile_images/790794035942133761/-4ymU99P_normal.jpg', 'sunnyhotelbne', 'kodok@gmail.com57da2f2e7c0a03.09778199'),
('790792446925864960', 'thaonguyen304', 'Thao Nguyen', '2016-10-25 15:52:52', '2016-10-25 15:52:52', 0, '790792446925864960', 60, 1, 'http://abs.twimg.com/sticky/default_profile_images/default_profile_3_normal.png', 'https://abs.twimg.com/sticky/default_profile_images/default_profile_3_normal.png', 'easy_food', 'kodok@gmail.com57da2f2e7c0a03.09778199'),
('790796646174994432', 'senglennon_', 'senglennon', '2016-10-25 16:12:19', '2016-10-25 16:30:53', 1, '790796646174994432', 98, 1, 'http://pbs.twimg.com/profile_images/790797896945762304/6-WsLBjB_normal.jpg', 'https://pbs.twimg.com/profile_images/790797896945762304/6-WsLBjB_normal.jpg', 'travelezso1', 'matt@workingmouse.com580ef786664903.50305618'),
('790796737266847744', 'bryanalarconlop', 'Bryan Alarcón', '2016-10-25 16:13:04', '2016-10-25 16:13:04', 0, '790796737266847744', 98, 1, 'http://abs.twimg.com/sticky/default_profile_images/default_profile_6_normal.png', 'https://abs.twimg.com/sticky/default_profile_images/default_profile_6_normal.png', 'travelezso1', 'matt@workingmouse.com580ef786664903.50305618'),
('790796942041239552', 'PauGoncerv', 'Paulina Gonzalez', '2016-10-25 16:12:25', '2016-10-25 16:12:25', 0, '790796942041239552', 97, 1, 'http://abs.twimg.com/sticky/default_profile_images/default_profile_6_normal.png', 'https://abs.twimg.com/sticky/default_profile_images/default_profile_6_normal.png', 'travelezso1', 'matt@workingmouse.com580ef786664903.50305618'),
('790823955690950656', 'Kbaeshs', 'Kate', '2016-10-25 17:55:58', '2016-10-25 17:55:58', 0, '790823955690950656', 20, 1, 'http://abs.twimg.com/sticky/default_profile_images/default_profile_6_normal.png', 'https://abs.twimg.com/sticky/default_profile_images/default_profile_6_normal.png', 'SecretSparrow2U', 'kwanhuiyap@gmail.com580f0face3a5f3.76394833'),
('812546197', 'ujas5', 'ujas', '2016-10-25 15:19:48', '2016-10-25 15:19:48', 0, '812546197', 104, 5, 'http://pbs.twimg.com/profile_images/2591647238/taylor_normal.jpg', 'https://pbs.twimg.com/profile_images/2591647238/taylor_normal.jpg', 'sunnyhotelbne', 'kodok@gmail.com57da2f2e7c0a03.09778199'),
('84641865', 'LayneSadler', 'Layne Sadler', '2016-10-25 13:06:41', '2016-10-25 13:06:41', 0, '84641865', 25, 44, 'http://pbs.twimg.com/profile_images/727198862662725632/mSV1_2Ep_normal.jpg', 'https://pbs.twimg.com/profile_images/727198862662725632/mSV1_2Ep_normal.jpg', 'yaugasheng', 'hakeemrdaud@gmail.com57e09631d524f9.20511441'),
('86996293', 'UCF_Diver39', 'UCF Diver M Ayala', '2016-10-11 12:23:53', '2016-10-11 12:23:53', 0, '86996293', 1709, 603, 'http://pbs.twimg.com/profile_images/619513074551259137/u4IuNdbj_normal.jpg', 'https://pbs.twimg.com/profile_images/619513074551259137/u4IuNdbj_normal.jpg', 'sunnyhotelbne', 'kodok@gmail.com57da2f2e7c0a03.09778199');

-- --------------------------------------------------------

--
-- Table structure for table `twitter_accounts`
--

CREATE TABLE `twitter_accounts` (
  `access_token` varchar(200) NOT NULL,
  `access_token_secret` varchar(200) NOT NULL,
  `handle` varchar(255) NOT NULL
) ENGINE=InnoDB DEFAULT CHARSET=latin1;

--
-- Dumping data for table `twitter_accounts`
--

INSERT INTO `twitter_accounts` (`access_token`, `access_token_secret`, `handle`) VALUES
('89961966-GETZ1I9HHjesGR5jD2pmvL0jPQnmR7Eh8BKseWjSa', 'GejxYOZ9n9wYQEia594xWlinCmnYK0y3hHNiAPLB1DQpK', 'Agungwy'),
('789869048414609409-lvZ3jLHFyGusrcfVNlwpASwdloWmOhh', 'BlzVGbaRtEESJScCCTbrz08IGEeV2CroNnETRUCBGzYJ5', 'CreamSun'),
('790505336121663489-I3S5NkBgZaHpPVYIxCVxJTBEgLEZvei', 'icY9PpPhtHbByvodvc32hbGLP46rtzRQnOs9Lqiro6SCr', 'easy_food'),
('1615069663-0ksKnxf3sAPN8rtwUTIbsxtvRmj47ewRjkBOdQI', 'NRt1RngZeX6WCMHNIplrqAZ2SH7hdIA2Yvwlealz3UT6z', 'hakeemrd'),
('790516512024956928-4e4O8OGuZJNDpYdY47z9X36KVhy5zqi', '3hin64QkCJzDFjf6SOS355ACyCZjbQgkYR9faqxaiQyyC', 'lovers_autocar'),
('776367026432380928-xYOpHBiNG5r3FdBUdgUcgn8zs3aDcIs', 'dktmHIcbdJyAEqT6Y313SDtLPagSbsFt7vejYIfMys3fb', 'SecretSparrow2U'),
('774787629019566080-k3lpKVza1nFjII7scTAxct5pXWVHOIp', 'rrJ3yHaV1byLQ1mJL87C0ZJhQBTytVlMOtnbKcVePrvKy', 'sunnyhotelbne'),
('790750557405220864-1UvO7WT5s3saLVTXoqB67iiMazQ5iuc', 'tazBKSs4B3eIIYAZZxSkghum21fJEfTMQZmlHa9kabACy', 'travelezso1'),
('766501818553819136-pkCgU3uQiSBbeqIlAF0aglKiPXfA2Xw', 'oGkXf2NHyfnEagijfB6XQuClfgn9KFQTIvIBvuMCjDwHZ', 'williamhenrytan'),
('83309209-8AXPeaA1w16SXrwhvjmcGvROFMgg5m1qRETn5ab1B', 'Myd6GcwDiaJnxuQG6QIGwAlpNO1K9nNbdiWDTdWOMnzV1', 'williamhenry_94'),
('85794403-e2jd1NRIqU5yLfFqRqL3TGrqfdY8XTp1NV8tnfk7o', 'REdlG29P3gtROl97qARb6sGMUShb8VK5XnCbst76KuPul', 'yanuwicaksana'),
('249193591-rGPGViGxw5AnJwW4ynAyVY9MDxwo3ZNoMkytuM04', 'KwyVH4BNU4reRAncpx49ucMA3PNb0N9rXcgRRGSEuXH6M', 'yaugasheng'),
('60054107-1iSeQqKbYyFUXAW9glnj8UtDxjuQKimEv1D505go4', 'LCvwsv75x8Cnd6hPSNt6qLRcHFENh7GMPn0yphZg5uZ7n', 'yohanakanisia');

-- --------------------------------------------------------

--
-- Table structure for table `twitter_auth`
--

CREATE TABLE `twitter_auth` (
  `user_id` varchar(255) CHARACTER SET latin1 NOT NULL,
  `handle` varchar(255) CHARACTER SET latin1 NOT NULL,
  `twitter_id` varchar(255) COLLATE utf8_unicode_ci NOT NULL,
  `name` varchar(255) COLLATE utf8_unicode_ci DEFAULT NULL,
  `avatar` varchar(255) COLLATE utf8_unicode_ci DEFAULT NULL,
  `created_at` timestamp NULL DEFAULT NULL,
  `updated_at` timestamp NULL DEFAULT NULL,
  `position` int(11) NOT NULL DEFAULT '25'
) ENGINE=InnoDB DEFAULT CHARSET=utf8 COLLATE=utf8_unicode_ci;

--
-- Dumping data for table `twitter_auth`
--

INSERT INTO `twitter_auth` (`user_id`, `handle`, `twitter_id`, `name`, `avatar`, `created_at`, `updated_at`, `position`) VALUES
('agungwy22@gmail.com580dea9e372b49.71485726', 'easy_food', '790505336121663489', 'Easy Food', 'https://pbs.twimg.com/profile_images/790506024847323137/Hr5ceUeS_normal.jpg', '2016-10-24 21:10:17', '2016-10-25 17:54:59', 15),
('agungwy@gmail.com57dac62e53ad22.28354613', 'Agungwy', '89961966', 'Agung Wirayogi', 'https://pbs.twimg.com/profile_images/378800000118607932/032c68880b391417f225f28857e5aa9d_normal.jpeg', '2016-09-15 16:03:12', '2016-10-25 14:45:43', 27),
('arzelord22@gmail.com580df24e4b9a58.20350595', 'lovers_autocar', '790516512024956928', 'Car Auto Lovers', 'https://pbs.twimg.com/profile_images/790517243243171840/hsxmRyz1_normal.jpg', '2016-10-24 21:37:40', '2016-10-25 12:49:23', 23),
('arzelord@gmail.com580de578ccec01.59248084', 'CreamSun', '789869048414609409', 'Ice Cream Sunshine', 'https://pbs.twimg.com/profile_images/789869673122701312/hW-4FrmY_normal.jpg', '2016-10-24 20:42:48', '2016-10-25 16:11:56', 17),
('doe@done.com57db7df30bb580.31962966', 'williamhenry_94', '83309209', 'William Henry', 'https://pbs.twimg.com/profile_images/3625226207/411215a43434afbe3111a51822758bb4_normal.jpeg', '2016-09-16 05:41:50', '2016-10-25 16:08:15', 25),
('eban@workingmouse.com580ef725c55ba2.89797603', 'travelezso1', '790750557405220864', 'Travel to ez', 'https://pbs.twimg.com/profile_images/790751329371103232/6N7SVVYF_normal.jpg', '2016-10-25 16:10:34', '2016-10-25 16:11:56', 24),
('h.daud@uqconnect.edu.au580d9f66b96d29.28615889', 'hakeemrd', '1615069663', 'Hakeem Daud', 'https://abs.twimg.com/sticky/default_profile_images/default_profile_4_normal.png', '2016-10-24 15:43:27', '2016-10-25 13:47:34', 23),
('one@d.com580aa297548c16.31588117', 'SecretSparrow2U', '776367026432380928', 'SecretSparrow', 'https://pbs.twimg.com/profile_images/776741606359642112/70Tc2W-s_normal.jpg', '2016-10-22 09:20:30', '2016-10-25 17:55:39', 12),
('qddioio@ggg.com580ec8dc38fd93.90715443', 'yaugasheng', '249193591', 'yau ga sheng', 'https://abs.twimg.com/sticky/default_profile_images/default_profile_3_normal.png', '2016-10-25 12:54:16', '2016-10-25 12:55:18', 24),
('stereo@social.com57da03f7b1f684.64831477', 'sunnyhotelbne', '774787629019566080', 'sunny hotel', 'https://pbs.twimg.com/profile_images/774789605040140288/ezhWy_ya_normal.jpg', '2016-09-15 02:23:01', '2016-10-25 15:35:59', 31),
('steve@jobs.co57d8a4c0cc1ae1.01485974', 'williamhenrytan', '766501818553819136', 'William Henry', 'https://abs.twimg.com/sticky/default_profile_images/default_profile_5_normal.png', '2016-09-14 01:16:06', '2016-10-24 21:41:29', 15),
('yanuwicaksana@gmail.com580ebf2014b4d2.11757688', 'yanuwicaksana', '85794403', 'Wicaksana Y.', 'https://pbs.twimg.com/profile_images/378800000506455931/0b478793d7c3efb171b72f876fdf1fde_normal.jpeg', '2016-10-25 12:11:23', '2016-10-25 12:11:23', 25),
('yohanakanisia@gmail.com57ff834d96ba87.78176813', 'yohanakanisia', '60054107', 'YOHANA F. KANISIA H.', 'https://pbs.twimg.com/profile_images/617710718968672256/YPmaRco0_normal.jpg', '2016-10-13 22:51:51', '2016-10-25 14:22:42', 19);

-- --------------------------------------------------------

--
-- Table structure for table `users`
--

CREATE TABLE `users` (
  `user_id` varchar(100) NOT NULL,
  `email` varchar(50) NOT NULL,
  `password` varchar(10) NOT NULL,
  `created_at` timestamp NOT NULL DEFAULT CURRENT_TIMESTAMP,
  `updated_at` timestamp NULL DEFAULT NULL,
  `name` varchar(100) NOT NULL,
  `role` varchar(20) NOT NULL
) ENGINE=InnoDB DEFAULT CHARSET=utf8;

--
-- Dumping data for table `users`
--

INSERT INTO `users` (`user_id`, `email`, `password`, `created_at`, `updated_at`, `name`, `role`) VALUES
('agungwy@gmail.com57d2c24c31cd45.25625663', 'agungwy@gmail.com', '$2y$10$v43', '2016-09-09 14:08:12', '2016-09-09 14:08:12', 'Agung Wirayogi', ''),
('kodok@kodok.com57d2c33b4c82f4.76775636', 'kodok@kodok.com', '$2y$10$1hk', '2016-09-09 14:12:11', '2016-09-09 14:12:11', 'kodok', ''),
('william.hidayat@gmail.com57d205b6ab9fe9.46059819', 'william.hidayat@gmail.com', '$2y$10$H/w', '2016-09-09 00:43:34', '2016-09-09 00:43:34', 'william henry', '');

-- --------------------------------------------------------

--
-- Table structure for table `work`
--

CREATE TABLE `work` (
  `crowdies_id` varchar(255) NOT NULL,
  `handle` varchar(255) NOT NULL,
  `created_at` timestamp NOT NULL DEFAULT CURRENT_TIMESTAMP ON UPDATE CURRENT_TIMESTAMP,
  `updated_at` timestamp NOT NULL DEFAULT '0000-00-00 00:00:00'
) ENGINE=InnoDB DEFAULT CHARSET=latin1;

--
-- Dumping data for table `work`
--

INSERT INTO `work` (`crowdies_id`, `handle`, `created_at`, `updated_at`) VALUES
('aadc@hotmail.com580a2e6c478cc2.79413736', 'Agungwy', '2016-10-22 01:05:08', '2016-10-22 01:05:08'),
('aadc@hotmail.com580a2e6c478cc2.79413736', 'williamhenry_94', '2016-10-22 01:05:08', '2016-10-22 01:05:08'),
('aadc@hotmail.com580a2e6c478cc2.79413736', 'yohanakanisia', '2016-10-22 01:05:08', '2016-10-22 01:05:08'),
('abcd@gmail.com580ecdd7c31a48.97329553', 'Agungwy', '2016-10-25 13:13:55', '2016-10-25 13:13:55'),
('abcd@gmail.com580ecdd7c31a48.97329553', 'CreamSun', '2016-10-25 13:13:55', '2016-10-25 13:13:55'),
('abcd@gmail.com580ecdd7c31a48.97329553', 'easy_food', '2016-10-25 13:13:55', '2016-10-25 13:13:55'),
('asdd@gmail.com580e91de3da8a9.83833202', 'CreamSun', '2016-10-25 08:58:34', '2016-10-25 08:58:34'),
('asdd@gmail.com580e91de3da8a9.83833202', 'easy_food', '2016-10-25 08:58:34', '2016-10-25 08:58:34'),
('asdd@gmail.com580e91de3da8a9.83833202', 'lovers_autocar', '2016-10-25 08:58:34', '2016-10-25 08:58:34'),
('danielisbread@gmail.com580ebf6a215e15.12362933', 'SecretSparrow2U', '2016-10-25 12:12:53', '2016-10-25 12:12:53'),
('gajah@gmail.com580cdd0822a490.96306900', 'SecretSparrow2U', '2016-10-24 01:54:06', '2016-10-24 01:54:06'),
('gajah@gmail.com580cdd0822a490.96306900', 'yohanakanisia', '2016-10-24 01:54:07', '2016-10-24 01:54:07'),
('ghggggv@c.v580ec5e0b94165.59176224', 'SecretSparrow2U', '2016-10-25 12:39:58', '2016-10-25 12:39:58'),
('hahag@gmail.com580ee363b6f7f2.69931625', 'Agungwy', '2016-10-25 14:45:43', '2016-10-25 14:45:43'),
('hahag@gmail.com580ee363b6f7f2.69931625', 'easy_food', '2016-10-25 14:45:43', '2016-10-25 14:45:43'),
('hahag@gmail.com580ee363b6f7f2.69931625', 'SecretSparrow2U', '2016-10-25 14:45:43', '2016-10-25 14:45:43'),
('hakeemrdaud@gmail.com57e09631d524f9.20511441', 'williamhenry_94', '2016-10-25 14:02:03', '2016-10-25 14:02:03'),
('hakeemrdaud@gmail.com57e09631d524f9.20511441', 'yaugasheng', '2016-10-25 12:55:18', '2016-10-25 12:55:18'),
('hakeemrdaud@gmail.com57e09631d524f9.20511441', 'yohanakanisia', '2016-10-25 14:05:01', '2016-10-25 14:05:01'),
('hja@jsnb.com57f311a171a288.39690398', 'williamhenry_94', '2016-10-04 12:19:26', '2016-10-04 12:19:26'),
('ibis@gmail.com580df2a9e08014.79015033', 'Agungwy', '2016-10-24 21:40:56', '2016-10-24 21:40:56'),
('ibis@gmail.com580df2a9e08014.79015033', 'CreamSun', '2016-10-24 21:38:48', '2016-10-24 21:38:48'),
('ibis@gmail.com580df2a9e08014.79015033', 'easy_food', '2016-10-24 21:38:48', '2016-10-24 21:38:48'),
('ibis@gmail.com580df2a9e08014.79015033', 'SecretSparrow2U', '2016-10-24 21:38:48', '2016-10-24 21:38:48'),
('ibis@gmail.com580df2a9e08014.79015033', 'williamhenrytan', '2016-10-24 21:41:29', '2016-10-24 21:41:29'),
('ibis@gmail.com580df2a9e08014.79015033', 'yohanakanisia', '2016-10-24 21:40:30', '2016-10-24 21:40:30'),
('ioio@ggg.com580ec792ca2298.19948062', 'CreamSun', '2016-10-25 12:49:23', '2016-10-25 12:49:23'),
('ioio@ggg.com580ec792ca2298.19948062', 'easy_food', '2016-10-25 12:49:23', '2016-10-25 12:49:23'),
('ioio@ggg.com580ec792ca2298.19948062', 'lovers_autocar', '2016-10-25 12:49:23', '2016-10-25 12:49:23'),
('jerapah@gmail.com580de5dbeb77f3.14106615', 'CreamSun', '2016-10-25 07:05:18', '2016-10-25 07:05:18'),
('jonathan.holland8@gmail.com580ecd0d7db529.08950482', 'easy_food', '2016-10-25 13:10:48', '2016-10-25 13:10:48'),
('jonathan.holland8@gmail.com580ecd0d7db529.08950482', 'williamhenry_94', '2016-10-25 13:10:48', '2016-10-25 13:10:48'),
('jurrasic@gmail.com580b97ee01fbc8.64545661', 'williamhenry_94', '2016-10-23 02:52:27', '2016-10-23 02:52:27'),
('jurrasic@gmail.com580b97ee01fbc8.64545661', 'yohanakanisia', '2016-10-23 02:52:27', '2016-10-23 02:52:27'),
('kangguru@gmail.com580dec3a07cf45.48438081', 'CreamSun', '2016-10-24 21:13:12', '2016-10-24 21:13:12'),
('kangguru@gmail.com580dec3a07cf45.48438081', 'easy_food', '2016-10-24 21:13:12', '2016-10-24 21:13:12'),
('kangguru@gmail.com580dec3a07cf45.48438081', 'SecretSparrow2U', '2016-10-24 21:13:45', '2016-10-24 21:13:45'),
('katak@gmail.com57f33e1411d5b4.11973478', 'sunnyhotelbne', '2016-10-04 15:29:34', '2016-10-04 15:29:34'),
('katak@gmail.com57f33e1411d5b4.11973478', 'williamhenry_94', '2016-10-04 15:29:34', '2016-10-04 15:29:34'),
('kodok@gmail.com57da2f2e7c0a03.09778199', 'Agungwy', '2016-10-10 23:50:14', '2016-10-10 23:50:14'),
('kodok@gmail.com57da2f2e7c0a03.09778199', 'CreamSun', '2016-10-25 14:37:16', '2016-10-25 14:37:16'),
('kodok@gmail.com57da2f2e7c0a03.09778199', 'easy_food', '2016-10-25 12:23:46', '2016-10-25 12:23:46'),
('kodok@gmail.com57da2f2e7c0a03.09778199', 'sunnyhotelbne', '2016-09-15 09:38:29', '2016-09-15 09:38:29'),
('kodok@gmail.com57da2f2e7c0a03.09778199', 'williamhenry_94', '2016-10-17 23:37:10', '2016-10-17 23:37:10'),
('Koin@koin.com57f89fe9832e82.36489015', 'williamhenry_94', '2016-10-08 17:35:56', '2016-10-08 17:35:56'),
('kwanhuiyap@gmail.com580f0face3a5f3.76394833', 'easy_food', '2016-10-25 17:54:59', '2016-10-25 17:54:59'),
('kwanhuiyap@gmail.com580f0face3a5f3.76394833', 'SecretSparrow2U', '2016-10-25 17:55:39', '2016-10-25 17:55:39'),
('matt@workingmouse.com580ef786664903.50305618', 'CreamSun', '2016-10-25 16:11:56', '2016-10-25 16:11:56'),
('matt@workingmouse.com580ef786664903.50305618', 'easy_food', '2016-10-25 16:11:56', '2016-10-25 16:11:56'),
('matt@workingmouse.com580ef786664903.50305618', 'travelezso1', '2016-10-25 16:11:56', '2016-10-25 16:11:56'),
('oscar_747@hotmail.com580ddaf5578fc2.15586666', 'SecretSparrow2U', '2016-10-24 19:57:55', '2016-10-24 19:57:55'),
('oscar_747@hotmail.com580ddaf5578fc2.15586666', 'yohanakanisia', '2016-10-24 19:57:55', '2016-10-24 19:57:55'),
('qwrty@mmm.com58005c21455ea6.24114206', 'williamhenry_94', '2016-10-14 14:17:07', '2016-10-14 14:17:07'),
('semut@gmail.com580cde991479d5.13456985', 'SecretSparrow2U', '2016-10-24 02:00:46', '2016-10-24 02:00:46'),
('semut@gmail.com580cde991479d5.13456985', 'williamhenry_94', '2016-10-24 02:00:46', '2016-10-24 02:00:46'),
('semut@gmail.com580cde991479d5.13456985', 'yohanakanisia', '2016-10-24 02:00:46', '2016-10-24 02:00:46'),
('stanley.hidayat@gmail.com580d8b1bdbb721.94426457', 'Agungwy', '2016-10-24 14:17:17', '2016-10-24 14:17:17'),
('stanley.hidayat@gmail.com580d8b1bdbb721.94426457', 'SecretSparrow2U', '2016-10-24 14:17:17', '2016-10-24 14:17:17'),
('stanley.hidayat@gmail.com580d8b1bdbb721.94426457', 'williamhenrytan', '2016-10-24 14:17:17', '2016-10-24 14:17:17'),
('stanley.hidayat@gmail.com580d8b1bdbb721.94426457', 'williamhenry_94', '2016-10-24 14:17:17', '2016-10-24 14:17:17'),
('stanleyyau9595@gmail.com580060fbbe0054.57905981', 'williamhenry_94', '2016-10-14 14:37:38', '2016-10-14 14:37:38'),
('tiger@gmail.com580cdf552873a2.50446558', 'SecretSparrow2U', '2016-10-24 02:03:53', '2016-10-24 02:03:53'),
('tiger@gmail.com580cdf552873a2.50446558', 'williamhenry_94', '2016-10-24 02:03:53', '2016-10-24 02:03:53'),
('tiger@gmail.com580cdf552873a2.50446558', 'yohanakanisia', '2016-10-24 02:03:53', '2016-10-24 02:03:53'),
('will@smiths.com5804e12733fd53.18819863', 'williamhenry_94', '2016-10-18 00:33:38', '2016-10-18 00:33:38'),
('will@smiths.com5804e12733fd53.18819863', 'yohanakanisia', '2016-10-18 00:33:38', '2016-10-18 00:33:38'),
('william.henry2009@hotmail.com57f25cbf560c98.09836012', 'williamhenry_94', '2016-10-10 13:18:58', '0000-00-00 00:00:00'),
('william.hidayat@gmail.com57ff7e860c6392.02130567', 'Agungwy', '2016-10-22 01:03:12', '2016-10-22 01:03:12'),
('william.hidayat@gmail.com57ff7e860c6392.02130567', 'sunnyhotelbne', '2016-10-21 13:50:16', '2016-10-21 13:50:16'),
('william.hidayat@gmail.com57ff7e860c6392.02130567', 'williamhenrytan', '2016-10-13 22:31:28', '2016-10-13 22:31:28'),
('william.hidayat@gmail.com57ff7e860c6392.02130567', 'williamhenry_94', '2016-10-25 16:08:15', '2016-10-25 16:08:15'),
('www@html.com58085dd28595b2.43935638', 'williamhenry_94', '2016-10-20 16:02:23', '2016-10-20 16:02:23');

-- --------------------------------------------------------

--
-- Table structure for table `working_cursor`
--

CREATE TABLE `working_cursor` (
  `crowdies_id` varchar(100) NOT NULL,
  `handle` varchar(100) NOT NULL,
  `cursor` bigint(11) NOT NULL,
  `created_at` timestamp NOT NULL DEFAULT CURRENT_TIMESTAMP ON UPDATE CURRENT_TIMESTAMP,
  `updated_at` timestamp NOT NULL DEFAULT '0000-00-00 00:00:00',
  `screen_name` varchar(255) NOT NULL,
  `previous_cursor` bigint(20) NOT NULL,
  `next_cursor` bigint(20) NOT NULL,
  `occupied` tinyint(1) NOT NULL
) ENGINE=InnoDB DEFAULT CHARSET=latin1;

--
-- Dumping data for table `working_cursor`
--

INSERT INTO `working_cursor` (`crowdies_id`, `handle`, `cursor`, `created_at`, `updated_at`, `screen_name`, `previous_cursor`, `next_cursor`, `occupied`) VALUES
('abcd@gmail.com580ecdd7c31a48.97329553', 'Agungwy', -1, '2016-10-25 03:18:55', '2016-10-25 13:18:55', 'TheRock', 0, 1548321797865977355, 1),
('abcd@gmail.com580ecdd7c31a48.97329553', 'CreamSun', 1549088891191192736, '2016-10-25 13:14:21', '2016-10-25 13:14:21', 'ericripert', -1549088763153811267, 1549077661929006284, 1),
('abcd@gmail.com580ecdd7c31a48.97329553', 'easy_food', -1, '2016-10-25 13:28:35', '2016-10-25 13:28:35', 'bonappetit', 0, 1549128336880376850, 1),
('buaya@gmail.com57fddd0c9b4028.98522694', 'Agungwy', 1547843007955290394, '2016-10-12 08:13:15', '2016-10-12 18:13:15', 'Ibra_official', -1547843007954588367, 1547834619433534858, 0),
('danielisbread@gmail.com580ebf6a215e15.12362933', 'SecretSparrow2U', 1548814626519297846, '2016-10-25 12:13:00', '2016-10-25 12:13:00', 'ABCNewsBrisbane', -1548814544700310478, 1548784907726026987, 1),
('eprabowo@msn.com580c89ee998138.17201618', 'sunnyhotelbne', -1, '2016-10-23 10:01:17', '2016-10-23 20:01:17', 'CairnsGBR', 0, 1547416751032047428, 1),
('ghggggv@c.v580ec5e0b94165.59176224', 'SecretSparrow2U', -1, '2016-10-25 12:40:15', '2016-10-25 12:40:15', 'triplej', 0, 1549077860313214603, 1),
('hakeemrdaud@gmail.com57e09631d524f9.20511441', 'williamhenry_94', -1, '2016-10-24 07:28:07', '2016-10-24 17:28:07', 'CNET', 0, 1548377327091760689, 0),
('hakeemrdaud@gmail.com57e09631d524f9.20511441', 'williamhenry_94', -1, '2016-10-25 04:02:09', '2016-10-25 14:02:09', 'Microsoft', 0, 1547804515537488122, 1),
('hakeemrdaud@gmail.com57e09631d524f9.20511441', 'yaugasheng', -1, '2016-10-25 03:06:32', '2016-10-25 13:06:32', 'MitisOfficial', 0, 1548347930782252212, 1),
('hakeemrdaud@gmail.com57e09631d524f9.20511441', 'yaugasheng', 1548347930782252212, '2016-10-25 03:06:32', '2016-10-25 13:06:32', 'MitisOfficial', -1548339559241532076, 1547474492033755456, 0),
('imthung@hotmail.my580afc9a89c546.04863447', 'SecretSparrow2U', -1, '2016-10-22 15:58:43', '2016-10-22 15:58:43', 'ABCNewsBrisbane', 0, 1548814626519297846, 1),
('ioio@ggg.com580ec792ca2298.19948062', 'easy_food', -1, '2016-10-25 12:49:58', '2016-10-25 12:49:58', 'biggiesmalls', 0, 1548943252340752872, 1),
('jerapah@gmail.com580de5dbeb77f3.14106615', 'CreamSun', -1, '2016-10-25 07:05:26', '2016-10-25 07:05:26', 'ericripert', 0, 1549088891191192736, 1),
('jonathan.holland8@gmail.com580ecd0d7db529.08950482', 'easy_food', -1, '2016-10-25 13:11:07', '2016-10-25 13:11:07', 'nytimes', 0, 1549129115296461602, 1),
('kodok@gmail.com57da2f2e7c0a03.09778199', 'Agungwy', -1, '2016-10-25 02:31:21', '2016-10-25 12:31:21', 'Ibra_official', 0, 1548386580287480306, 0),
('kodok@gmail.com57da2f2e7c0a03.09778199', 'Agungwy', -1, '2016-10-25 02:31:21', '2016-10-25 12:31:21', 'univ_indonesia', 0, 1547814881597185135, 0),
('kodok@gmail.com57da2f2e7c0a03.09778199', 'CreamSun', 1549077661929006284, '2016-10-25 05:11:47', '2016-10-25 15:11:47', 'ericripert', -1549077364393227382, 1549063607755070522, 0),
('kodok@gmail.com57da2f2e7c0a03.09778199', 'CreamSun', -1, '2016-10-25 05:19:30', '2016-10-25 15:19:30', 'TwitterFood', 0, 1549122940926786686, 0),
('kodok@gmail.com57da2f2e7c0a03.09778199', 'easy_food', -1, '2016-10-25 06:06:54', '2016-10-25 16:06:54', 'Bourdain', 0, 1549138275101283405, 0),
('kodok@gmail.com57da2f2e7c0a03.09778199', 'easy_food', -1, '2016-10-25 02:31:21', '2016-10-25 12:31:21', 'LifeStyleFOOD', 0, 1549004880344283211, 0),
('kodok@gmail.com57da2f2e7c0a03.09778199', 'sunnyhotelbne', -1, '2016-10-25 06:06:54', '2016-10-25 16:06:54', '612brisbane', 0, 1548375647872932308, 0),
('kodok@gmail.com57da2f2e7c0a03.09778199', 'sunnyhotelbne', -1, '2016-10-10 13:04:42', '2016-10-10 23:04:42', 'abcnews', 0, 1547779372646465715, 0),
('kodok@gmail.com57da2f2e7c0a03.09778199', 'sunnyhotelbne', -1, '2016-10-10 13:09:44', '2016-10-10 23:09:44', 'ABCNewsBrisbane', 0, 1547784159838798431, 0),
('kodok@gmail.com57da2f2e7c0a03.09778199', 'sunnyhotelbne', -1, '2016-10-17 02:33:48', '2016-10-17 12:33:48', 'adamliaw', 0, 1547601971764433533, 0),
('kodok@gmail.com57da2f2e7c0a03.09778199', 'sunnyhotelbne', -1, '2016-10-10 13:16:32', '2016-10-10 23:16:32', 'agungwy', 0, 1423247728766289977, 0),
('kodok@gmail.com57da2f2e7c0a03.09778199', 'sunnyhotelbne', -1, '2016-10-10 12:56:04', '2016-10-10 22:56:04', 'Australia', 0, 1547794735384527871, 0),
('kodok@gmail.com57da2f2e7c0a03.09778199', 'sunnyhotelbne', -1, '2016-10-10 13:08:13', '2016-10-10 23:08:13', 'brisbanecityqld', 0, 1547794448447446641, 0),
('kodok@gmail.com57da2f2e7c0a03.09778199', 'sunnyhotelbne', -1, '2016-10-12 09:45:35', '2016-10-12 19:45:35', 'brisbanetimes', 0, 1547794285500796929, 0),
('kodok@gmail.com57da2f2e7c0a03.09778199', 'sunnyhotelbne', -1, '2016-10-10 11:04:02', '2016-10-10 21:04:02', 'Bris_Powerhouse', 0, 1547775710833231150, 0),
('kodok@gmail.com57da2f2e7c0a03.09778199', 'sunnyhotelbne', 1547416751032047428, '2016-10-25 04:23:50', '2016-10-25 14:23:50', 'CairnsGBR', -1547415532412612872, 1546885504204212490, 0),
('kodok@gmail.com57da2f2e7c0a03.09778199', 'sunnyhotelbne', -1, '2016-10-25 05:19:30', '2016-10-25 15:19:30', 'Chef_Keller', 0, 1547802186569522011, 0),
('kodok@gmail.com57da2f2e7c0a03.09778199', 'sunnyhotelbne', -1, '2016-10-10 13:00:21', '2016-10-10 23:00:21', 'Delta', 0, 1547781736721580557, 0),
('kodok@gmail.com57da2f2e7c0a03.09778199', 'sunnyhotelbne', -1, '2016-10-25 05:19:30', '2016-10-25 15:19:30', 'discoverhk', 0, 1547795490736486311, 0),
('kodok@gmail.com57da2f2e7c0a03.09778199', 'sunnyhotelbne', -1, '2016-10-17 02:33:12', '2016-10-17 12:33:12', 'Emeril', 0, 1548367512965706526, 0),
('kodok@gmail.com57da2f2e7c0a03.09778199', 'sunnyhotelbne', -1, '2016-10-13 08:55:15', '2016-10-13 18:55:15', 'emirates', 0, 1547788091858443820, 0),
('kodok@gmail.com57da2f2e7c0a03.09778199', 'sunnyhotelbne', -1, '2016-10-17 03:01:42', '2016-10-17 13:01:42', 'foodandwine', 0, 1547805582490542125, 0),
('kodok@gmail.com57da2f2e7c0a03.09778199', 'sunnyhotelbne', -1, '2016-10-25 05:44:55', '2016-10-25 15:44:55', 'FoodNetwork', 0, 1547803286274653158, 0),
('kodok@gmail.com57da2f2e7c0a03.09778199', 'sunnyhotelbne', -1, '2016-10-25 06:06:54', '2016-10-25 16:06:54', 'GettyImages', 0, 1549109120919080775, 0),
('kodok@gmail.com57da2f2e7c0a03.09778199', 'sunnyhotelbne', -1, '2016-10-17 03:00:54', '2016-10-17 13:00:54', 'jamieoliver', 0, 1547806541831039346, 0),
('kodok@gmail.com57da2f2e7c0a03.09778199', 'sunnyhotelbne', -1, '2016-10-25 04:29:15', '2016-10-25 14:29:15', 'LIFE', 0, 1549119275102531490, 0),
('kodok@gmail.com57da2f2e7c0a03.09778199', 'sunnyhotelbne', -1, '2016-10-25 04:03:44', '2016-10-25 14:03:44', 'Mariobatali', 0, 1547794412405774813, 0),
('kodok@gmail.com57da2f2e7c0a03.09778199', 'sunnyhotelbne', -1, '2016-10-25 04:29:15', '2016-10-25 14:29:15', 'Melbourne', 0, 1549115797694604008, 0),
('kodok@gmail.com57da2f2e7c0a03.09778199', 'sunnyhotelbne', -1, '2016-10-10 12:48:14', '2016-10-10 22:48:14', 'MSAU', 0, 1546705837464308547, 0),
('kodok@gmail.com57da2f2e7c0a03.09778199', 'sunnyhotelbne', 1546705837464308547, '2016-10-10 07:35:01', '2016-10-10 17:35:01', 'MSAU', -1546704616569500759, 1546308305312783415, 0),
('kodok@gmail.com57da2f2e7c0a03.09778199', 'sunnyhotelbne', -1, '2016-10-25 04:03:44', '2016-10-25 14:03:44', 'NatGeo', 0, 1547807324684447925, 0),
('kodok@gmail.com57da2f2e7c0a03.09778199', 'sunnyhotelbne', -1, '2016-10-17 02:35:31', '2016-10-17 12:35:31', 'Nigella_Lawson', 0, 1547855330807075321, 0),
('kodok@gmail.com57da2f2e7c0a03.09778199', 'sunnyhotelbne', -1, '2016-10-10 13:06:18', '2016-10-10 23:06:18', 'nytimes', 0, 1547807529798667915, 0),
('kodok@gmail.com57da2f2e7c0a03.09778199', 'sunnyhotelbne', -1, '2016-10-10 13:09:44', '2016-10-10 23:09:44', 'Queensland', 0, 1547768106648868762, 0),
('kodok@gmail.com57da2f2e7c0a03.09778199', 'sunnyhotelbne', -1, '2016-10-17 03:38:08', '2016-10-17 13:38:08', 'Rick_Stein', 0, 1547781481392835228, 0),
('kodok@gmail.com57da2f2e7c0a03.09778199', 'sunnyhotelbne', -1, '2016-10-10 13:16:32', '2016-10-10 23:16:32', 'sunnyhotelbne', 0, 0, 0),
('kodok@gmail.com57da2f2e7c0a03.09778199', 'sunnyhotelbne', -1, '2016-10-25 05:44:55', '2016-10-25 15:44:55', 'sydney_sider', 0, 1548363159217783249, 0),
('kodok@gmail.com57da2f2e7c0a03.09778199', 'sunnyhotelbne', -1, '2016-10-17 02:49:24', '2016-10-17 12:49:24', 'tasmania', 0, 1547758172370019841, 0),
('kodok@gmail.com57da2f2e7c0a03.09778199', 'sunnyhotelbne', -1, '2016-10-17 02:36:27', '2016-10-17 12:36:27', 'TourismAus', 0, 1548293050054942196, 0),
('kodok@gmail.com57da2f2e7c0a03.09778199', 'sunnyhotelbne', -1, '2016-10-17 03:02:57', '2016-10-17 13:02:57', 'TurnbullMalcolm', 0, 1547967947077658981, 0),
('kodok@gmail.com57da2f2e7c0a03.09778199', 'sunnyhotelbne', 1547790961999754808, '2016-10-25 03:44:51', '2016-10-25 13:44:51', 'VisitScotland', -1547790410485475102, 1547766158916393501, 0),
('kodok@gmail.com57da2f2e7c0a03.09778199', 'sunnyhotelbne', -1, '2016-10-17 02:55:17', '2016-10-17 12:55:17', 'WestAustralia', 0, 1547776350076352387, 0),
('kodok@gmail.com57da2f2e7c0a03.09778199', 'williamhenry_94', -1, '2016-10-17 02:58:59', '2016-10-17 12:58:59', 'adidasAU', 0, 1547325214314906836, 0),
('kodok@gmail.com57da2f2e7c0a03.09778199', 'WilliamHenry_94', -1, '2016-10-10 01:43:46', '2016-10-10 11:43:46', 'agungwy', 0, 1423247728766289977, 0),
('kodok@gmail.com57da2f2e7c0a03.09778199', 'WilliamHenry_94', 1423247728766289977, '2016-10-11 02:10:21', '2016-10-11 12:10:21', 'agungwy', -1422347038782222928, 0, 0),
('kodok@gmail.com57da2f2e7c0a03.09778199', 'williamhenry_94', 1547705499531613062, '2016-10-17 02:58:52', '2016-10-17 12:58:52', 'BBM', -1547704882067270789, 1547602558772188781, 0),
('kodok@gmail.com57da2f2e7c0a03.09778199', 'williamhenry_94', -1, '2016-10-17 02:58:59', '2016-10-17 12:58:59', 'houseparty', 0, 1548286423226900509, 0),
('kodok@gmail.com57da2f2e7c0a03.09778199', 'williamhenry_94', -1, '2016-10-17 02:29:01', '2016-10-17 12:29:01', 'Medium', 0, 1547808754051055290, 0),
('kodok@gmail.com57da2f2e7c0a03.09778199', 'williamhenry_94', 1547808754051055290, '2016-10-17 02:29:47', '2016-10-17 12:29:47', 'Medium', -1547808650395805941, 1547803313518158525, 0),
('kodok@gmail.com57da2f2e7c0a03.09778199', 'williamhenry_94', -1, '2016-10-17 11:12:20', '2016-10-17 21:12:20', 'path', 0, 1548397255941883831, 0),
('kodok@gmail.com57da2f2e7c0a03.09778199', 'williamhenry_94', -1, '2016-10-17 02:30:56', '2016-10-17 12:30:56', 'sama', 0, 1548398934759470436, 0),
('kodok@gmail.com57da2f2e7c0a03.09778199', 'williamhenry_94', -1, '2016-10-17 02:34:27', '2016-10-17 12:34:27', 'TechCrunch', 0, 1547808462691055038, 0),
('kodok@gmail.com57da2f2e7c0a03.09778199', 'williamhenry_94', -1, '2016-10-17 13:36:19', '2016-10-17 23:36:19', 'univ_indonesia', 0, 1547804401317517721, 0),
('kodok@gmail.com57da2f2e7c0a03.09778199', 'williamhenry_94', -1, '2016-10-17 03:00:34', '2016-10-17 13:00:34', 'Vevo', 0, 1548388129125468268, 0),
('kodok@gmail.com57da2f2e7c0a03.09778199', 'williamhenry_94', 1548388129125468268, '2016-10-17 02:34:24', '2016-10-17 12:34:24', 'Vevo', -1548388072839042408, 1548377853944374834, 0),
('kodok@gmail.com57da2f2e7c0a03.09778199', 'williamhenry_94', -1, '2016-10-17 03:08:09', '2016-10-17 13:08:09', 'YouTube', 0, 1548404090759833349, 0),
('kodok@gmail.com57da2f2e7c0a03.09778199', 'yohanakanisia', -1, '2016-10-14 04:33:25', '2016-10-14 14:33:25', 'thescript', 0, 1548043377834671418, 0),
('kodok@gmail.com57da2f2e7c0a03.09778199', 'yohanakanisia', 1548043377834671418, '2016-10-14 14:33:25', '2016-10-14 14:33:25', 'thescript', -1548043195182704847, 1548005129157850123, 1),
('kwanhuiyap@gmail.com580f0face3a5f3.76394833', 'SecretSparrow2U', -1, '2016-10-25 07:55:53', '2016-10-25 17:55:53', '612brisbane', 0, 1549130926958933453, 0),
('kwanhuiyap@gmail.com580f0face3a5f3.76394833', 'SecretSparrow2U', -1, '2016-10-25 07:56:28', '2016-10-25 17:56:28', 'brisbanecityqld', 0, 1549134313763130256, 0),
('kwanhuiyap@gmail.com580f0face3a5f3.76394833', 'SecretSparrow2U', -1, '2016-10-25 07:55:53', '2016-10-25 17:55:53', 'TheEconomist', 0, 1549147026699340948, 0),
('kwanhuiyap@gmail.com580f0face3a5f3.76394833', 'SecretSparrow2U', 1549077860313214603, '2016-10-25 17:56:28', '2016-10-25 17:56:28', 'triplej', -1549077003647170411, 1549037546806136512, 1),
('leo@gmail.com57ffae808301a1.25119106', 'sunnyhotelbne', -1, '2016-10-14 01:56:22', '2016-10-14 01:56:22', 'southaustralia', 0, 1548041431498884971, 1),
('macan@gmail.com57ffae11c60f82.49298770', 'sunnyhotelbne', -1, '2016-10-14 01:54:29', '2016-10-14 01:54:29', 'CNTraveler', 0, 1548089207135884802, 1),
('matt@workingmouse.com580ef786664903.50305618', 'easy_food', -1, '2016-10-25 16:24:14', '2016-10-25 16:24:14', 'MahaRestaurant', 0, 1548611887908954040, 1),
('matt@workingmouse.com580ef786664903.50305618', 'travelezso1', -1, '2016-10-25 16:12:13', '2016-10-25 16:12:13', 'TripAdvisor', 0, 1549135017693394291, 1),
('shrengganus@gmail.com580c85c34409c3.67415551', 'Agungwy', 1547814881597185135, '2016-10-23 09:42:28', '2016-10-23 19:42:28', 'univ_indonesia', -1547814843947853981, 1547809304362387811, 1),
('stanley.hidayat@gmail.com580d8b1bdbb721.94426457', 'sunnyhotelbne', -1, '2016-10-24 04:18:21', '2016-10-24 14:18:21', 'VisitScotland', 0, 1547790961999754808, 1),
('tester@test.con580ed919651f05.74121275', 'easy_food', -1, '2016-10-25 14:02:56', '2016-10-25 14:02:56', 'KLM', 0, 1549113695935150392, 1),
('tiger@gmail.com580cdf552873a2.50446558', 'sunnyhotelbne', 1548089207135884802, '2016-10-23 16:07:52', '2016-10-24 02:07:52', 'CNTraveler', -1548089199736259575, 1548087776498394578, 1),
('william.henry2009@hotmail.com57f25cbf560c98.09836012', 'williamhenry_94', -1, '2016-10-11 03:32:22', '2016-10-11 13:32:22', 'BBM', 0, 1547705499531613062, 1),
('william.henry2009@hotmail.com57f25cbf560c98.09836012', 'williamhenry_94', -1, '2016-10-10 13:32:56', '2016-10-10 23:32:56', 'verge', 0, 1547803211688109847, 0),
('william.hidayat@gmail.com57ff7e860c6392.02130567', 'Agungwy', -1, '2016-10-17 12:25:33', '2016-10-17 22:25:33', 'cinema21', 0, 1548323871898152474, 0),
('william.hidayat@gmail.com57ff7e860c6392.02130567', 'Agungwy', -1, '2016-10-17 12:25:33', '2016-10-17 22:25:33', 'MSAU', 0, 1547261984292046675, 0),
('william.hidayat@gmail.com57ff7e860c6392.02130567', 'hakeemrd', -1, '2016-10-24 15:54:11', '2016-10-24 15:54:11', 'Android', 0, 1549044426937759534, 1),
('william.hidayat@gmail.com57ff7e860c6392.02130567', 'sunnyhotelbne', -1, '2016-10-21 04:00:30', '2016-10-21 14:00:30', 'lonelyplanet', 0, 1547791142398164826, 0),
('william.hidayat@gmail.com57ff7e860c6392.02130567', 'sunnyhotelbne', -1, '2016-10-19 10:26:23', '2016-10-19 20:26:23', 'TransLinkSEQ', 0, 1547787368058320818, 0),
('william.hidayat@gmail.com57ff7e860c6392.02130567', 'sunnyhotelbne', -1, '2016-10-21 03:50:28', '2016-10-21 13:50:28', 'travelchannel', 0, 1548400908406581982, 0),
('william.hidayat@gmail.com57ff7e860c6392.02130567', 'sunnyhotelbne', -1, '2016-10-25 12:29:36', '2016-10-25 12:29:36', 'TwitterFood', 0, 1549111350459510834, 1),
('william.hidayat@gmail.com57ff7e860c6392.02130567', 'williamhenry_94', -1, '2016-10-21 04:00:30', '2016-10-21 14:00:30', '9GAG', 0, 1547855251893700139, 0),
('william.hidayat@gmail.com57ff7e860c6392.02130567', 'williamhenry_94', -1, '2016-10-17 07:47:15', '2016-10-17 17:47:15', 'Apple', 0, 1548413898990309183, 0),
('william.hidayat@gmail.com57ff7e860c6392.02130567', 'williamhenry_94', -1, '2016-10-21 04:01:40', '2016-10-21 14:01:40', 'chelseafc_indo', 0, 1547804494995611778, 0),
('william.hidayat@gmail.com57ff7e860c6392.02130567', 'williamhenry_94', -1, '2016-10-21 04:01:40', '2016-10-21 14:01:40', 'GOAL_ID', 0, 1548746128738403645, 0),
('william.hidayat@gmail.com57ff7e860c6392.02130567', 'williamhenry_94', -1, '2016-10-19 10:26:23', '2016-10-19 20:26:23', 'instagram', 0, 1548401751928940471, 0),
('william.hidayat@gmail.com57ff7e860c6392.02130567', 'williamhenry_94', -1, '2016-10-21 04:02:37', '2016-10-21 14:02:37', 'nodejs', 0, 1548735116681340403, 0),
('william.hidayat@gmail.com57ff7e860c6392.02130567', 'williamhenry_94', -1, '2016-10-21 04:02:26', '2016-10-21 14:02:26', 'WIRED', 0, 1547809069200165882, 0);

--
-- Indexes for dumped tables
--

--
-- Indexes for table `category`
--
ALTER TABLE `category`
  ADD PRIMARY KEY (`category_name`);

--
-- Indexes for table `category_users`
--
ALTER TABLE `category_users`
  ADD PRIMARY KEY (`category_name`,`user_id`),
  ADD KEY `fk_category_users` (`user_id`);

--
-- Indexes for table `crowdies`
--
ALTER TABLE `crowdies`
  ADD PRIMARY KEY (`crowdies_id`);

--
-- Indexes for table `oauth_access_tokens`
--
ALTER TABLE `oauth_access_tokens`
  ADD PRIMARY KEY (`access_token`);

--
-- Indexes for table `oauth_authorization_codes`
--
ALTER TABLE `oauth_authorization_codes`
  ADD PRIMARY KEY (`authorization_code`);

--
-- Indexes for table `oauth_clients`
--
ALTER TABLE `oauth_clients`
  ADD PRIMARY KEY (`client_id`);

--
-- Indexes for table `oauth_jwt`
--
ALTER TABLE `oauth_jwt`
  ADD PRIMARY KEY (`client_id`);

--
-- Indexes for table `oauth_refresh_tokens`
--
ALTER TABLE `oauth_refresh_tokens`
  ADD PRIMARY KEY (`refresh_token`);

--
-- Indexes for table `oauth_users`
--
ALTER TABLE `oauth_users`
  ADD PRIMARY KEY (`user_id`),
  ADD UNIQUE KEY `email` (`username`);

--
-- Indexes for table `password_resets`
--
ALTER TABLE `password_resets`
  ADD KEY `password_resets_email_index` (`email`),
  ADD KEY `password_resets_token_index` (`token`);

--
-- Indexes for table `sent_following_request`
--
ALTER TABLE `sent_following_request`
  ADD PRIMARY KEY (`twitter_id`,`handle`,`crowdies_id`),
  ADD KEY `fk_following_twitter` (`handle`),
  ADD KEY `fk_crowdies_users` (`crowdies_id`);

--
-- Indexes for table `twitter_accounts`
--
ALTER TABLE `twitter_accounts`
  ADD PRIMARY KEY (`handle`);

--
-- Indexes for table `twitter_auth`
--
ALTER TABLE `twitter_auth`
  ADD PRIMARY KEY (`user_id`,`handle`),
  ADD UNIQUE KEY `twitter_auth_handle_unique` (`handle`);

--
-- Indexes for table `users`
--
ALTER TABLE `users`
  ADD PRIMARY KEY (`user_id`);

--
-- Indexes for table `work`
--
ALTER TABLE `work`
  ADD PRIMARY KEY (`crowdies_id`,`handle`),
  ADD KEY `fk_work_twitter` (`handle`);

--
-- Indexes for table `working_cursor`
--
ALTER TABLE `working_cursor`
  ADD PRIMARY KEY (`crowdies_id`,`handle`,`screen_name`,`cursor`),
  ADD KEY `fk_twitter_working_cursor` (`handle`);

--
-- Constraints for dumped tables
--

--
-- Constraints for table `category_users`
--
ALTER TABLE `category_users`
  ADD CONSTRAINT `fk_category` FOREIGN KEY (`category_name`) REFERENCES `category` (`category_name`) ON DELETE CASCADE ON UPDATE CASCADE,
  ADD CONSTRAINT `fk_category_users` FOREIGN KEY (`user_id`) REFERENCES `oauth_users` (`user_id`) ON DELETE CASCADE ON UPDATE CASCADE;

--
-- Constraints for table `crowdies`
--
ALTER TABLE `crowdies`
  ADD CONSTRAINT `fk_crowdies_oauth_users` FOREIGN KEY (`crowdies_id`) REFERENCES `oauth_users` (`user_id`) ON DELETE CASCADE ON UPDATE CASCADE;

--
-- Constraints for table `sent_following_request`
--
ALTER TABLE `sent_following_request`
  ADD CONSTRAINT `fk_crowdies_users` FOREIGN KEY (`crowdies_id`) REFERENCES `oauth_users` (`user_id`) ON DELETE CASCADE ON UPDATE CASCADE,
  ADD CONSTRAINT `fk_following_twitter` FOREIGN KEY (`handle`) REFERENCES `twitter_accounts` (`handle`) ON DELETE CASCADE ON UPDATE CASCADE;

--
-- Constraints for table `twitter_accounts`
--
ALTER TABLE `twitter_accounts`
  ADD CONSTRAINT `fk_twitter_auth_accounts` FOREIGN KEY (`handle`) REFERENCES `twitter_auth` (`handle`) ON DELETE CASCADE ON UPDATE CASCADE;

--
-- Constraints for table `twitter_auth`
--
ALTER TABLE `twitter_auth`
  ADD CONSTRAINT `fk_oauth_users_twitter_auth` FOREIGN KEY (`user_id`) REFERENCES `oauth_users` (`user_id`) ON DELETE CASCADE ON UPDATE CASCADE;

--
-- Constraints for table `work`
--
ALTER TABLE `work`
  ADD CONSTRAINT `fk_work_crowdies` FOREIGN KEY (`crowdies_id`) REFERENCES `crowdies` (`crowdies_id`) ON DELETE CASCADE ON UPDATE CASCADE,
  ADD CONSTRAINT `fk_work_twitter` FOREIGN KEY (`handle`) REFERENCES `twitter_auth` (`handle`) ON DELETE CASCADE ON UPDATE CASCADE;

--
-- Constraints for table `working_cursor`
--
ALTER TABLE `working_cursor`
  ADD CONSTRAINT `fk_bo_cursor` FOREIGN KEY (`handle`) REFERENCES `twitter_auth` (`handle`) ON DELETE CASCADE ON UPDATE CASCADE,
  ADD CONSTRAINT `fk_crowdies_cursor` FOREIGN KEY (`crowdies_id`) REFERENCES `crowdies` (`crowdies_id`) ON DELETE CASCADE ON UPDATE CASCADE;

/*!40101 SET CHARACTER_SET_CLIENT=@OLD_CHARACTER_SET_CLIENT */;
/*!40101 SET CHARACTER_SET_RESULTS=@OLD_CHARACTER_SET_RESULTS */;
/*!40101 SET COLLATION_CONNECTION=@OLD_COLLATION_CONNECTION */;
